/*
 * SomnoTrace - Roboto font data and metrics
 * Copyright (C) 2026 Ilya Kruchinin <https://github.com/ilyakruchinin>
 *
 * This file is part of SomnoTrace.
 *
 * SomnoTrace is free software: you can redistribute it and/or modify it under
 * the terms of the GNU General Public License as published by the Free
 * Software Foundation, either version 3 of the License, or (at your option)
 * any later version.
 *
 * SomnoTrace is distributed in the hope that it will be useful, but WITHOUT
 * ANY WARRANTY; without even the implied warranty of MERCHANTABILITY or
 * FITNESS FOR A PARTICULAR PURPOSE. See the GNU General Public License for
 * more details.
 *
 * You should have received a copy of the GNU General Public License along
 * with this program. If not, see <https://www.gnu.org/licenses/>.
 *
 * ADDITIONAL TERM (GPLv3 Section 7(b)): Redistributions must preserve the
 * attribution "Based on SomnoTrace, originally created by Ilya Kruchinin
 * (https://github.com/ilyakruchinin)." See the NOTICE file for details.
 */

#pragma once

#include <stdint.h>

typedef struct {
    uint32_t codepoint;
    uint32_t bitmap_offset;
    uint8_t width;
    uint8_t height;
    int8_t bearing_x;
    int8_t bearing_y;
    uint8_t advance;
} font_glyph_t;

typedef struct {
    const uint8_t *bitmaps;
    const font_glyph_t *glyphs;
    uint16_t glyph_count;
    uint8_t height;
    uint8_t ascender;
} font_info_t;

/* Font: roboto_title */
static const uint8_t roboto_title_bitmaps[] = {
    0x8F, 0x28, 0xF2, 0x7F, 0x27, 0xF2, 0x7F, 0x17, 0xF1, 0x7F, 0x16, 0xF1, 0x6F, 0x10, 0x00, 0x00,
    0x05, 0xF2, 0x5F, 0x20, 0xC7, 0x6D, 0xC6, 0x6C, 0xC5, 0x6A, 0xC3, 0x69, 0x00, 0x02, 0xF1, 0x09,
    0xA0, 0x00, 0x05, 0xE0, 0x0C, 0x70, 0x00, 0x08, 0xB0, 0x0F, 0x40, 0x03, 0x3F, 0xB3, 0x5F, 0x53,
    0x4F, 0xFF, 0xFF, 0xFF, 0xFD, 0x00, 0x1F, 0x20, 0x8B, 0x00, 0x00, 0x4F, 0x00, 0xB8, 0x00, 0x00,
    0x7C, 0x00, 0xE5, 0x00, 0xFF, 0xFF, 0xFF, 0xFF, 0xF3, 0x33, 0xF9, 0x38, 0xF3, 0x30, 0x01, 0xF2,
    0x07, 0xC0, 0x00, 0x04, 0xF0, 0x0A, 0x90, 0x00, 0x07, 0xC0, 0x0D, 0x60, 0x00, 0x00, 0x00, 0x6E,
    0x00, 0x00, 0x00, 0x00, 0x6E, 0x00, 0x00, 0x00, 0x2A, 0xFF, 0xD5, 0x00, 0x01, 0xEF, 0x97, 0xDF,
    0x40, 0x06, 0xF5, 0x00, 0x0E, 0xD0, 0x08, 0xF2, 0x00, 0x0A, 0xF0, 0x05, 0xF7, 0x00, 0x00, 0x00,
    0x00, 0xDF, 0xA3, 0x00, 0x00, 0x00, 0x09, 0xFF, 0xD5, 0x00, 0x00, 0x00, 0x06, 0xDF, 0x70, 0x00,
    0x00, 0x00, 0x0D, 0xF0, 0x0F, 0xA0, 0x00, 0x08, 0xF2, 0x0C, 0xE1, 0x00, 0x0B, 0xF0, 0x04, 0xFD,
    0x78, 0xCF, 0x80, 0x00, 0x4B, 0xFF, 0xD6, 0x00, 0x00, 0x00, 0x8C, 0x00, 0x00, 0x00, 0x00, 0x8C,
    0x00, 0x00, 0x01, 0xCF, 0xC3, 0x00, 0x00, 0x00, 0x00, 0xCA, 0x28, 0xD0, 0x00, 0x50, 0x00, 0x0F,
    0x20, 0x1F, 0x20, 0x6D, 0x00, 0x00, 0xF2, 0x01, 0xF2, 0x1F, 0x30, 0x00, 0x0C, 0x92, 0x8E, 0x0B,
    0x90, 0x00, 0x00, 0x2C, 0xFD, 0x35, 0xE0, 0x00, 0x00, 0x00, 0x00, 0x00, 0xE5, 0x00, 0x00, 0x00,
    0x00, 0x00, 0x9A, 0x0A, 0xFE, 0x50, 0x00, 0x00, 0x3E, 0x19, 0xC2, 0x5F, 0x20, 0x00, 0x0D, 0x60,
    0xD6, 0x00, 0xD6, 0x00, 0x08, 0xC0, 0x0D, 0x60, 0x0D, 0x60, 0x00, 0x82, 0x00, 0x9C, 0x25, 0xF2,
    0x00, 0x00, 0x00, 0x00, 0xAF, 0xE5, 0x00, 0x00, 0x19, 0xEF, 0xB2, 0x00, 0x00, 0x00, 0xAF, 0x86,
    0xED, 0x00, 0x00, 0x00, 0xFA, 0x00, 0x6F, 0x20, 0x00, 0x00, 0xFA, 0x00, 0x8F, 0x00, 0x00, 0x00,
    0xAF, 0x38, 0xF6, 0x00, 0x00, 0x00, 0x1F, 0xFF, 0x50, 0x00, 0x00, 0x00, 0x5F, 0xFE, 0x00, 0x00,
    0x00, 0x05, 0xFA, 0x5F, 0x90, 0x1F, 0x50, 0x0E, 0xC0, 0x08, 0xF6, 0x4F, 0x30, 0x1F, 0x80, 0x00,
    0xAF, 0xFE, 0x00, 0x0E, 0xC0, 0x00, 0x0F, 0xF8, 0x00, 0x06, 0xFB, 0x66, 0xBF, 0xFD, 0x00, 0x00,
    0x5C, 0xFF, 0xC6, 0x4F, 0xB0, 0x1F, 0x31, 0xF3, 0x1F, 0x21, 0xF1, 0x00, 0x04, 0x80, 0x04, 0xF5,
    0x01, 0xE7, 0x00, 0x8E, 0x00, 0x0F, 0x80, 0x05, 0xF3, 0x00, 0x9F, 0x00, 0x0B, 0xD0, 0x00, 0xCD,
    0x00, 0x0C, 0xD0, 0x00, 0xBD, 0x00, 0x09, 0xF0, 0x00, 0x5F, 0x30, 0x00, 0xF7, 0x00, 0x09, 0xE0,
    0x00, 0x1E, 0x70, 0x00, 0x4F, 0x40, 0x00, 0x49, 0x76, 0x00, 0x03, 0xF6, 0x00, 0x05, 0xF2, 0x00,
    0x0C, 0xB0, 0x00, 0x6F, 0x20, 0x01, 0xF8, 0x00, 0x0D, 0xB0, 0x00, 0xBE, 0x00, 0x0A, 0xF0, 0x00,
    0xAF, 0x00, 0x0B, 0xE0, 0x00, 0xDB, 0x00, 0x1F, 0x80, 0x05, 0xF2, 0x00, 0xBB, 0x00, 0x4F, 0x20,
    0x2E, 0x60, 0x07, 0x60, 0x00, 0x00, 0x0C, 0x80, 0x00, 0x00, 0x0B, 0x80, 0x00, 0x8D, 0x7C, 0x97,
    0xD4, 0x38, 0xCF, 0xFC, 0x82, 0x00, 0x8E, 0xF3, 0x00, 0x05, 0xF3, 0x9E, 0x10, 0x06, 0x80, 0x0B,
    0x30, 0x00, 0x00, 0xBE, 0x00, 0x00, 0x00, 0x00, 0xBE, 0x00, 0x00, 0x00, 0x00, 0xBE, 0x00, 0x00,
    0x00, 0x00, 0xBE, 0x00, 0x00, 0x28, 0x88, 0xFF, 0x88, 0x83, 0x5F, 0xFF, 0xFF, 0xFF, 0xF7, 0x00,
    0x00, 0xBE, 0x00, 0x00, 0x00, 0x00, 0xBE, 0x00, 0x00, 0x00, 0x00, 0xBE, 0x00, 0x00, 0x00, 0x00,
    0xBE, 0x00, 0x00, 0x0E, 0xB0, 0xEA, 0x3F, 0x56, 0xA0, 0x35, 0x55, 0x3A, 0xFF, 0xFA, 0x7E, 0x18,
    0xE2, 0x00, 0x00, 0x0A, 0xB0, 0x00, 0x01, 0xF5, 0x00, 0x00, 0x7E, 0x00, 0x00, 0x0D, 0x90, 0x00,
    0x03, 0xF3, 0x00, 0x00, 0x9C, 0x00, 0x00, 0x0E, 0x60, 0x00, 0x05, 0xF1, 0x00, 0x00, 0xBA, 0x00,
    0x00, 0x1F, 0x40, 0x00, 0x07, 0xE0, 0x00, 0x00, 0xD8, 0x00, 0x00, 0x4F, 0x20, 0x00, 0x0A, 0xC0,
    0x00, 0x00, 0x03, 0xBF, 0xEB, 0x30, 0x01, 0xFD, 0x76, 0xDF, 0x30, 0x8F, 0x20, 0x01, 0xFA, 0x0D,
    0xC0, 0x00, 0x0B, 0xE0, 0xEA, 0x00, 0x00, 0x9F, 0x0F, 0xA0, 0x00, 0x08, 0xF1, 0xFA, 0x00, 0x00,
    0x8F, 0x1F, 0xA0, 0x00, 0x08, 0xF1, 0xFB, 0x00, 0x00, 0x9F, 0x0D, 0xD0, 0x00, 0x0B, 0xE0, 0x8F,
    0x20, 0x01, 0xFA, 0x01, 0xEE, 0x66, 0xDF, 0x20, 0x02, 0xBE, 0xFC, 0x30, 0x00, 0x00, 0x05, 0xB6,
    0x29, 0xFF, 0xF6, 0x8E, 0x85, 0xF6, 0x10, 0x03, 0xF6, 0x00, 0x03, 0xF6, 0x00, 0x03, 0xF6, 0x00,
    0x03, 0xF6, 0x00, 0x03, 0xF6, 0x00, 0x03, 0xF6, 0x00, 0x03, 0xF6, 0x00, 0x03, 0xF6, 0x00, 0x03,
    0xF6, 0x00, 0x03, 0xF6, 0x00, 0x4C, 0xFF, 0xC4, 0x00, 0x05, 0xFC, 0x66, 0xDF, 0x40, 0x0E, 0xD0,
    0x00, 0x1F, 0xB0, 0x1F, 0x80, 0x00, 0x0C, 0xD0, 0x00, 0x00, 0x00, 0x0E, 0xA0, 0x00, 0x00, 0x00,
    0x6F, 0x30, 0x00, 0x00, 0x03, 0xF9, 0x00, 0x00, 0x00, 0x2E, 0xC0, 0x00, 0x00, 0x01, 0xDD, 0x10,
    0x00, 0x00, 0x0C, 0xE1, 0x00, 0x00, 0x00, 0xBE, 0x20, 0x00, 0x00, 0x09, 0xF8, 0x55, 0x55, 0x52,
    0x0E, 0xFF, 0xFF, 0xFF, 0xF7, 0x00, 0x3B, 0xFF, 0xB3, 0x00, 0x3F, 0xC6, 0x6D, 0xF2, 0x0C, 0xE0,
    0x00, 0x2F, 0x90, 0xF9, 0x00, 0x00, 0xEB, 0x00, 0x00, 0x00, 0x2F, 0x80, 0x00, 0x35, 0x7E, 0xC0,
    0x00, 0x0E, 0xFF, 0xF5, 0x00, 0x00, 0x00, 0x29, 0xF6, 0x00, 0x00, 0x00, 0x0D, 0xC2, 0xF8, 0x00,
    0x00, 0xBE, 0x0E, 0xD0, 0x00, 0x1E, 0xB0, 0x4F, 0xC6, 0x7D, 0xF3, 0x00, 0x3C, 0xFE, 0xB3, 0x00,
    0x00, 0x00, 0x02, 0xFF, 0x00, 0x00, 0x00, 0x0B, 0xFE, 0x00, 0x00, 0x00, 0x6F, 0xDE, 0x00, 0x00,
    0x01, 0xE8, 0xBE, 0x00, 0x00, 0x0A, 0xD0, 0xBE, 0x00, 0x00, 0x4F, 0x40, 0xBE, 0x00, 0x00, 0xEA,
    0x00, 0xBE, 0x00, 0x08, 0xF1, 0x00, 0xBE, 0x00, 0x3F, 0xA5, 0x55, 0xFF, 0x53, 0x8F, 0xFF, 0xFF,
    0xFF, 0xFB, 0x00, 0x00, 0x00, 0xBE, 0x00, 0x00, 0x00, 0x00, 0xBE, 0x00, 0x00, 0x00, 0x00, 0xBE,
    0x00, 0x09, 0xFF, 0xFF, 0xFF, 0x00, 0xBE, 0x88, 0x88, 0x80, 0x0C, 0xB0, 0x00, 0x00, 0x00, 0xE9,
    0x00, 0x00, 0x00, 0x0F, 0xCD, 0xFD, 0x70, 0x02, 0xFE, 0x88, 0xDF, 0x80, 0x02, 0x10, 0x00, 0xDF,
    0x10, 0x00, 0x00, 0x06, 0xF5, 0x00, 0x00, 0x00, 0x4F, 0x69, 0xF0, 0x00, 0x05, 0xF4, 0x4F, 0x50,
    0x00, 0xBF, 0x10, 0xBF, 0x86, 0xBF, 0x80, 0x00, 0x8D, 0xFD, 0x70, 0x00, 0x00, 0x07, 0xCE, 0x60,
    0x00, 0x1D, 0xFA, 0x72, 0x00, 0x0B, 0xF3, 0x00, 0x00, 0x03, 0xF6, 0x00, 0x00, 0x00, 0x8F, 0x6D,
    0xFD, 0x60, 0x0B, 0xFF, 0x86, 0xCF, 0x60, 0xCF, 0x30, 0x00, 0xDD, 0x0E, 0xF0, 0x00, 0x07, 0xF1,
    0xCD, 0x00, 0x00, 0x6F, 0x3A, 0xF0, 0x00, 0x07, 0xF1, 0x5F, 0x70, 0x00, 0xDE, 0x00, 0xBF, 0x86,
    0xCF, 0x50, 0x00, 0x8E, 0xFD, 0x50, 0x00, 0x5F, 0xFF, 0xFF, 0xFF, 0xF5, 0x15, 0x55, 0x55, 0x5B,
    0xF1, 0x00, 0x00, 0x00, 0x0E, 0xA0, 0x00, 0x00, 0x00, 0x6F, 0x30, 0x00, 0x00, 0x00, 0xDC, 0x00,
    0x00, 0x00, 0x04, 0xF5, 0x00, 0x00, 0x00, 0x0B, 0xD0, 0x00, 0x00, 0x00, 0x2F, 0x70, 0x00, 0x00,
    0x00, 0xAF, 0x00, 0x00, 0x00, 0x01, 0xF9, 0x00, 0x00, 0x00, 0x08, 0xF2, 0x00, 0x00, 0x00, 0x0F,
    0xB0, 0x00, 0x00, 0x00, 0x7F, 0x40, 0x00, 0x00, 0x03, 0xBF, 0xFB, 0x40, 0x02, 0xFE, 0x66, 0xDF,
    0x30, 0x9F, 0x20, 0x01, 0xFA, 0x0A, 0xF0, 0x00, 0x0D, 0xC0, 0x8F, 0x20, 0x01, 0xF9, 0x01, 0xDE,
    0x66, 0xDE, 0x10, 0x05, 0xFF, 0xFF, 0x70, 0x05, 0xF9, 0x10, 0x8F, 0x70, 0xDC, 0x00, 0x00, 0xBF,
    0x0F, 0xA0, 0x00, 0x08, 0xF1, 0xDD, 0x00, 0x00, 0xCE, 0x05, 0xFC, 0x66, 0xBF, 0x60, 0x04, 0xCF,
    0xFC, 0x50, 0x00, 0x00, 0x3C, 0xFE, 0xA1, 0x00, 0x3F, 0xD6, 0x8F, 0xD0, 0x0B, 0xE1, 0x00, 0x5F,
    0x50, 0xF9, 0x00, 0x00, 0xEB, 0x1F, 0x80, 0x00, 0x0B, 0xD0, 0xFA, 0x00, 0x00, 0xFF, 0x0C, 0xF1,
    0x00, 0x2F, 0xE0, 0x4F, 0xD6, 0x8E, 0xFD, 0x00, 0x4D, 0xFD, 0x4D, 0x90, 0x00, 0x00, 0x02, 0xF5,
    0x00, 0x00, 0x01, 0xCE, 0x00, 0x01, 0x69, 0xEE, 0x30, 0x00, 0x4F, 0xD8, 0x10, 0x00, 0x7E, 0x18,
    0xE2, 0x00, 0x00, 0x00, 0x00, 0x00, 0x00, 0x00, 0x00, 0x00, 0x7E, 0x18, 0xE2, 0x07, 0xE1, 0x08,
    0xE2, 0x00, 0x00, 0x00, 0x00, 0x00, 0x00, 0x00, 0x00, 0x00, 0x00, 0x00, 0x00, 0x0E, 0xB0, 0x0E,
    0xA0, 0x3F, 0x50, 0x6A, 0x00, 0x00, 0x00, 0x00, 0x6A, 0x00, 0x00, 0x7E, 0xFB, 0x01, 0x8E, 0xFB,
    0x40, 0x6F, 0xE8, 0x20, 0x00, 0x6F, 0xE8, 0x10, 0x00, 0x01, 0x8E, 0xFA, 0x40, 0x00, 0x00, 0x7E,
    0xFB, 0x00, 0x00, 0x00, 0x6A, 0x46, 0x66, 0x66, 0x64, 0xAF, 0xFF, 0xFF, 0xFA, 0x00, 0x00, 0x00,
    0x00, 0x00, 0x00, 0x00, 0x00, 0xAF, 0xFF, 0xFF, 0xFA, 0x46, 0x66, 0x66, 0x64, 0xA6, 0x00, 0x00,
    0x00, 0xBF, 0xE8, 0x10, 0x00, 0x03, 0x9F, 0xFA, 0x20, 0x00, 0x00, 0x6C, 0xFC, 0x00, 0x00, 0x6D,
    0xFC, 0x03, 0x9F, 0xF9, 0x20, 0xBF, 0xE8, 0x10, 0x00, 0xA6, 0x00, 0x00, 0x00, 0x01, 0x9E, 0xFD,
    0x60, 0x0D, 0xF9, 0x7D, 0xF5, 0x4F, 0x60, 0x01, 0xFB, 0x00, 0x00, 0x00, 0xEC, 0x00, 0x00, 0x03,
    0xF7, 0x00, 0x00, 0x2E, 0xD0, 0x00, 0x01, 0xED, 0x10, 0x00, 0x09, 0xF2, 0x00, 0x00, 0x0D, 0xD0,
    0x00, 0x00, 0x00, 0x00, 0x00, 0x00, 0x00, 0x00, 0x00, 0x00, 0x09, 0xA0, 0x00, 0x00, 0x0B, 0xC0,
    0x00, 0x00, 0x00, 0x5B, 0xEF, 0xEB, 0x60, 0x00, 0x00, 0x01, 0xBE, 0x84, 0x23, 0x7D, 0xC1, 0x00,
    0x00, 0xCB, 0x10, 0x00, 0x00, 0x0A, 0xC0, 0x00, 0x8D, 0x00, 0x00, 0x00, 0x00, 0x0D, 0x60, 0x1F,
    0x40, 0x01, 0xAF, 0xE8, 0x00, 0x5C, 0x06, 0xE0, 0x00, 0xDB, 0x37, 0xF2, 0x01, 0xF0, 0xB9, 0x00,
    0x7E, 0x00, 0x4F, 0x00, 0x0F, 0x3E, 0x70, 0x0D, 0x80, 0x05, 0xE0, 0x00, 0xE3, 0xF5, 0x01, 0xF5,
    0x00, 0x7D, 0x00, 0x0E, 0x3F, 0x40, 0x2F, 0x30, 0x0B, 0xC0, 0x00, 0xF1, 0xE5, 0x01, 0xF5, 0x00,
    0xFC, 0x00, 0x5C, 0x0C, 0x90, 0x0D, 0xD5, 0xAE, 0xE2, 0x3E, 0x50, 0x7E, 0x00, 0x3D, 0xE8, 0x0A,
    0xFD, 0x60, 0x01, 0xF5, 0x00, 0x00, 0x00, 0x00, 0x00, 0x00, 0x07, 0xE3, 0x00, 0x00, 0x00, 0x00,
    0x00, 0x00, 0x08, 0xF9, 0x41, 0x25, 0x90, 0x00, 0x00, 0x00, 0x03, 0xAD, 0xFE, 0xC8, 0x00, 0x00,
    0x00, 0x00, 0x00, 0x1F, 0xF0, 0x00, 0x00, 0x00, 0x00, 0x6F, 0xF3, 0x00, 0x00, 0x00, 0x00, 0xCC,
    0xF9, 0x00, 0x00, 0x00, 0x02, 0xF6, 0xAE, 0x00, 0x00, 0x00, 0x08, 0xF1, 0x4F, 0x50, 0x00, 0x00,
    0x0E, 0xA0, 0x0E, 0xB0, 0x00, 0x00, 0x4F, 0x50, 0x09, 0xF1, 0x00, 0x00, 0xAE, 0x00, 0x03, 0xF7,
    0x00, 0x01, 0xFF, 0x66, 0x66, 0xFF, 0x00, 0x06, 0xFF, 0xFF, 0xFF, 0xFF, 0x30, 0x0D, 0xE0, 0x00,
    0x00, 0x2F, 0x90, 0x2F, 0x80, 0x00, 0x00, 0x0C, 0xE0, 0x9F, 0x20, 0x00, 0x00, 0x06, 0xF5, 0x8F,
    0xFF, 0xFE, 0xB4, 0x00, 0x8F, 0x86, 0x67, 0xDF, 0x40, 0x8F, 0x30, 0x00, 0x1F, 0xB0, 0x8F, 0x30,
    0x00, 0x0D, 0xD0, 0x8F, 0x30, 0x00, 0x2F, 0xA0, 0x8F, 0xAB, 0xBD, 0xFD, 0x10, 0x8F, 0xFF, 0xFF,
    0xF9, 0x00, 0x8F, 0x30, 0x00, 0x5F, 0xA0, 0x8F, 0x30, 0x00, 0x09, 0xF1, 0x8F, 0x30, 0x00, 0x08,
    0xF2, 0x8F, 0x30, 0x00, 0x0C, 0xF0, 0x8F, 0x86, 0x66, 0xCF, 0x70, 0x8F, 0xFF, 0xFF, 0xC6, 0x00,
    0x00, 0x4B, 0xEF, 0xD8, 0x00, 0x06, 0xFD, 0x76, 0x9F, 0xC0, 0x2F, 0xB0, 0x00, 0x05, 0xF7, 0x9F,
    0x30, 0x00, 0x00, 0xEC, 0xDE, 0x00, 0x00, 0x00, 0x00, 0xEC, 0x00, 0x00, 0x00, 0x00, 0xFC, 0x00,
    0x00, 0x00, 0x00, 0xEC, 0x00, 0x00, 0x00, 0x00, 0xDE, 0x00, 0x00, 0x00, 0x00, 0x9F, 0x30, 0x00,
    0x00, 0xEC, 0x2F, 0xB0, 0x00, 0x05, 0xF7, 0x07, 0xFC, 0x76, 0x9F, 0xC0, 0x00, 0x4C, 0xFF, 0xD7,
    0x00, 0x8F, 0xFF, 0xFD, 0x80, 0x00, 0x8F, 0x96, 0x69, 0xFD, 0x10, 0x8F, 0x30, 0x00, 0x3F, 0xC0,
    0x8F, 0x30, 0x00, 0x07, 0xF4, 0x8F, 0x30, 0x00, 0x01, 0xF9, 0x8F, 0x30, 0x00, 0x00, 0xFB, 0x8F,
    0x30, 0x00, 0x00, 0xEB, 0x8F, 0x30, 0x00, 0x00, 0xFB, 0x8F, 0x30, 0x00, 0x02, 0xF9, 0x8F, 0x30,
    0x00, 0x07, 0xF4, 0x8F, 0x30, 0x00, 0x3F, 0xC0, 0x8F, 0x96, 0x7A, 0xFD, 0x10, 0x8F, 0xFF, 0xFC,
    0x70, 0x00, 0x8F, 0xFF, 0xFF, 0xFF, 0x88, 0xF9, 0x66, 0x66, 0x63, 0x8F, 0x30, 0x00, 0x00, 0x08,
    0xF3, 0x00, 0x00, 0x00, 0x8F, 0x30, 0x00, 0x00, 0x08, 0xF9, 0x66, 0x66, 0x40, 0x8F, 0xFF, 0xFF,
    0xFB, 0x08, 0xF3, 0x00, 0x00, 0x00, 0x8F, 0x30, 0x00, 0x00, 0x08, 0xF3, 0x00, 0x00, 0x00, 0x8F,
    0x30, 0x00, 0x00, 0x08, 0xF9, 0x66, 0x66, 0x63, 0x8F, 0xFF, 0xFF, 0xFF, 0x90, 0x8F, 0xFF, 0xFF,
    0xFF, 0x68, 0xF9, 0x66, 0x66, 0x62, 0x8F, 0x30, 0x00, 0x00, 0x08, 0xF3, 0x00, 0x00, 0x00, 0x8F,
    0x30, 0x00, 0x00, 0x08, 0xF9, 0x66, 0x66, 0x30, 0x8F, 0xFF, 0xFF, 0xF8, 0x08, 0xF3, 0x00, 0x00,
    0x00, 0x8F, 0x30, 0x00, 0x00, 0x08, 0xF3, 0x00, 0x00, 0x00, 0x8F, 0x30, 0x00, 0x00, 0x08, 0xF3,
    0x00, 0x00, 0x00, 0x8F, 0x30, 0x00, 0x00, 0x00, 0x00, 0x4B, 0xEF, 0xD8, 0x00, 0x07, 0xFD, 0x76,
    0xAF, 0xC0, 0x2F, 0xB0, 0x00, 0x06, 0xF7, 0x9F, 0x30, 0x00, 0x00, 0xED, 0xCF, 0x00, 0x00, 0x00,
    0x00, 0xED, 0x00, 0x00, 0x00, 0x00, 0xEC, 0x00, 0x04, 0x66, 0x65, 0xED, 0x00, 0x0B, 0xFF, 0xFF,
    0xCF, 0x00, 0x00, 0x00, 0xCF, 0x8F, 0x50, 0x00, 0x00, 0xCF, 0x1F, 0xD1, 0x00, 0x00, 0xCF, 0x05,
    0xFE, 0x86, 0x7C, 0xFA, 0x00, 0x2A, 0xEF, 0xEB, 0x50, 0x8F, 0x30, 0x00, 0x00, 0x5F, 0x58, 0xF3,
    0x00, 0x00, 0x05, 0xF5, 0x8F, 0x30, 0x00, 0x00, 0x5F, 0x58, 0xF3, 0x00, 0x00, 0x05, 0xF5, 0x8F,
    0x30, 0x00, 0x00, 0x5F, 0x58, 0xF9, 0x66, 0x66, 0x6A, 0xF5, 0x8F, 0xFF, 0xFF, 0xFF, 0xFF, 0x58,
    0xF3, 0x00, 0x00, 0x05, 0xF5, 0x8F, 0x30, 0x00, 0x00, 0x5F, 0x58, 0xF3, 0x00, 0x00, 0x05, 0xF5,
    0x8F, 0x30, 0x00, 0x00, 0x5F, 0x58, 0xF3, 0x00, 0x00, 0x05, 0xF5, 0x8F, 0x30, 0x00, 0x00, 0x5F,
    0x50, 0x6F, 0x56, 0xF5, 0x6F, 0x56, 0xF5, 0x6F, 0x56, 0xF5, 0x6F, 0x56, 0xF5, 0x6F, 0x56, 0xF5,
    0x6F, 0x56, 0xF5, 0x6F, 0x50, 0x00, 0x00, 0x00, 0x2F, 0x80, 0x00, 0x00, 0x02, 0xF8, 0x00, 0x00,
    0x00, 0x2F, 0x80, 0x00, 0x00, 0x02, 0xF8, 0x00, 0x00, 0x00, 0x2F, 0x80, 0x00, 0x00, 0x02, 0xF8,
    0x00, 0x00, 0x00, 0x2F, 0x80, 0x00, 0x00, 0x02, 0xF8, 0x00, 0x00, 0x00, 0x2F, 0x87, 0xF3, 0x00,
    0x02, 0xF7, 0x4F, 0x80, 0x00, 0x8F, 0x40, 0xCF, 0x96, 0x9F, 0xC0, 0x00, 0x9E, 0xFE, 0x80, 0x00,
    0x8F, 0x30, 0x00, 0x09, 0xF7, 0x08, 0xF3, 0x00, 0x07, 0xF9, 0x00, 0x8F, 0x30, 0x05, 0xFB, 0x00,
    0x08, 0xF3, 0x03, 0xFC, 0x00, 0x00, 0x8F, 0x32, 0xED, 0x10, 0x00, 0x08, 0xF4, 0xEF, 0x20, 0x00,
    0x00, 0x8F, 0xFF, 0xF7, 0x00, 0x00, 0x08, 0xFF, 0x4C, 0xF3, 0x00, 0x00, 0x8F, 0x70, 0x2F, 0xD1,
    0x00, 0x08, 0xF3, 0x00, 0x5F, 0xA0, 0x00, 0x8F, 0x30, 0x00, 0x9F, 0x60, 0x08, 0xF3, 0x00, 0x00,
    0xDF, 0x30, 0x8F, 0x30, 0x00, 0x02, 0xFD, 0x00, 0x8F, 0x30, 0x00, 0x00, 0x08, 0xF3, 0x00, 0x00,
    0x00, 0x8F, 0x30, 0x00, 0x00, 0x08, 0xF3, 0x00, 0x00, 0x00, 0x8F, 0x30, 0x00, 0x00, 0x08, 0xF3,
    0x00, 0x00, 0x00, 0x8F, 0x30, 0x00, 0x00, 0x08, 0xF3, 0x00, 0x00, 0x00, 0x8F, 0x30, 0x00, 0x00,
    0x08, 0xF3, 0x00, 0x00, 0x00, 0x8F, 0x30, 0x00, 0x00, 0x08, 0xF9, 0x66, 0x66, 0x61, 0x8F, 0xFF,
    0xFF, 0xFF, 0x40, 0x8F, 0xD0, 0x00, 0x00, 0x00, 0x2F, 0xF3, 0x8F, 0xF4, 0x00, 0x00, 0x00, 0x8F,
    0xF3, 0x8F, 0xFA, 0x00, 0x00, 0x00, 0xEF, 0xF3, 0x8F, 0xAF, 0x10, 0x00, 0x05, 0xFA, 0xF3, 0x8F,
    0x4F, 0x70, 0x00, 0x0B, 0xE6, 0xF3, 0x8F, 0x1C, 0xD0, 0x00, 0x2F, 0x76, 0xF3, 0x8F, 0x26, 0xF3,
    0x00, 0x8F, 0x16, 0xF3, 0x8F, 0x20, 0xFA, 0x00, 0xEA, 0x07, 0xF3, 0x8F, 0x20, 0x9F, 0x15, 0xF4,
    0x07, 0xF3, 0x8F, 0x20, 0x3F, 0x6B, 0xE0, 0x07, 0xF3, 0x8F, 0x20, 0x0C, 0xDF, 0x70, 0x07, 0xF3,
    0x8F, 0x20, 0x06, 0xFF, 0x10, 0x07, 0xF3, 0x8F, 0x20, 0x00, 0xFA, 0x00, 0x07, 0xF3, 0x8F, 0x80,
    0x00, 0x00, 0x5F, 0x58, 0xFF, 0x20, 0x00, 0x05, 0xF5, 0x8F, 0xFC, 0x00, 0x00, 0x5F, 0x58, 0xFA,
    0xF7, 0x00, 0x05, 0xF5, 0x8F, 0x3D, 0xF2, 0x00, 0x5F, 0x58, 0xF3, 0x3F, 0xB0, 0x05, 0xF5, 0x8F,
    0x30, 0x8F, 0x50, 0x5F, 0x58, 0xF3, 0x00, 0xDE, 0x15, 0xF5, 0x8F, 0x30, 0x04, 0xFA, 0x5F, 0x58,
    0xF3, 0x00, 0x09, 0xFA, 0xF5, 0x8F, 0x30, 0x00, 0x1E, 0xFF, 0x58, 0xF3, 0x00, 0x00, 0x5F, 0xF5,
    0x8F, 0x30, 0x00, 0x00, 0xBF, 0x50, 0x00, 0x3B, 0xEF, 0xD7, 0x00, 0x00, 0x5F, 0xE8, 0x7B, 0xFB,
    0x00, 0x2F, 0xC0, 0x00, 0x06, 0xF7, 0x08, 0xF3, 0x00, 0x00, 0x0C, 0xE0, 0xCE, 0x00, 0x00, 0x00,
    0x8F, 0x2E, 0xC0, 0x00, 0x00, 0x06, 0xF4, 0xFB, 0x00, 0x00, 0x00, 0x5F, 0x5E, 0xC0, 0x00, 0x00,
    0x06, 0xF4, 0xCE, 0x00, 0x00, 0x00, 0x8F, 0x38, 0xF3, 0x00, 0x00, 0x0C, 0xE0, 0x2F, 0xC0, 0x00,
    0x06, 0xF8, 0x00, 0x5F, 0xD8, 0x7A, 0xFC, 0x00, 0x00, 0x3B, 0xEF, 0xD7, 0x00, 0x00, 0x8F, 0xFF,
    0xFF, 0xD8, 0x00, 0x8F, 0x86, 0x66, 0xAF, 0xC0, 0x8F, 0x30, 0x00, 0x07, 0xF6, 0x8F, 0x30, 0x00,
    0x01, 0xFA, 0x8F, 0x30, 0x00, 0x00, 0xFA, 0x8F, 0x30, 0x00, 0x06, 0xF6, 0x8F, 0x96, 0x66, 0x9F,
    0xD0, 0x8F, 0xFF, 0xFF, 0xD8, 0x10, 0x8F, 0x30, 0x00, 0x00, 0x00, 0x8F, 0x30, 0x00, 0x00, 0x00,
    0x8F, 0x30, 0x00, 0x00, 0x00, 0x8F, 0x30, 0x00, 0x00, 0x00, 0x8F, 0x30, 0x00, 0x00, 0x00, 0x00,
    0x04, 0xBF, 0xFC, 0x60, 0x00, 0x00, 0x7F, 0xD8, 0x7B, 0xFA, 0x00, 0x02, 0xFB, 0x00, 0x00, 0x8F,
    0x60, 0x09, 0xF2, 0x00, 0x00, 0x0D, 0xD0, 0x0E, 0xC0, 0x00, 0x00, 0x09, 0xF1, 0x0F, 0xA0, 0x00,
    0x00, 0x07, 0xF3, 0x0F, 0xA0, 0x00, 0x00, 0x06, 0xF4, 0x0F, 0xB0, 0x00, 0x00, 0x07, 0xF3, 0x0E,
    0xD0, 0x00, 0x00, 0x09, 0xF1, 0x09, 0xF2, 0x00, 0x00, 0x0D, 0xD0, 0x02, 0xFB, 0x00, 0x00, 0x7F,
    0x60, 0x00, 0x6F, 0xD7, 0x7E, 0xFB, 0x00, 0x00, 0x04, 0xBF, 0xFF, 0xF8, 0x00, 0x00, 0x00, 0x00,
    0x00, 0xAF, 0xB0, 0x00, 0x00, 0x00, 0x00, 0x07, 0xA0, 0x8F, 0xFF, 0xFE, 0xB4, 0x00, 0x8F, 0x86,
    0x67, 0xDF, 0x60, 0x8F, 0x30, 0x00, 0x0D, 0xE0, 0x8F, 0x30, 0x00, 0x08, 0xF2, 0x8F, 0x30, 0x00,
    0x08, 0xF2, 0x8F, 0x30, 0x00, 0x0E, 0xE0, 0x8F, 0x96, 0x67, 0xDF, 0x50, 0x8F, 0xFF, 0xFF, 0xF3,
    0x00, 0x8F, 0x30, 0x08, 0xF4, 0x00, 0x8F, 0x30, 0x00, 0xED, 0x00, 0x8F, 0x30, 0x00, 0x6F, 0x60,
    0x8F, 0x30, 0x00, 0x0D, 0xE1, 0x8F, 0x30, 0x00, 0x04, 0xF8, 0x00, 0x29, 0xEF, 0xE9, 0x10, 0x03,
    0xFE, 0x86, 0x8F, 0xE1, 0x0B, 0xF1, 0x00, 0x02, 0xF9, 0x0D, 0xD0, 0x00, 0x00, 0xCE, 0x0A, 0xF5,
    0x00, 0x00, 0x00, 0x01, 0xDF, 0xB6, 0x10, 0x00, 0x00, 0x07, 0xEF, 0xFA, 0x20, 0x00, 0x00, 0x03,
    0x9F, 0xF3, 0x00, 0x00, 0x00, 0x02, 0xFC, 0x3F, 0x80, 0x00, 0x00, 0xBF, 0x0E, 0xD1, 0x00, 0x00,
    0xED, 0x04, 0xFE, 0x86, 0x7D, 0xF5, 0x00, 0x29, 0xDF, 0xEA, 0x30, 0x9F, 0xFF, 0xFF, 0xFF, 0xFF,
    0x53, 0x66, 0x6D, 0xF9, 0x66, 0x62, 0x00, 0x00, 0x7F, 0x30, 0x00, 0x00, 0x00, 0x07, 0xF3, 0x00,
    0x00, 0x00, 0x00, 0x7F, 0x30, 0x00, 0x00, 0x00, 0x07, 0xF3, 0x00, 0x00, 0x00, 0x00, 0x7F, 0x30,
    0x00, 0x00, 0x00, 0x07, 0xF3, 0x00, 0x00, 0x00, 0x00, 0x7F, 0x30, 0x00, 0x00, 0x00, 0x07, 0xF3,
    0x00, 0x00, 0x00, 0x00, 0x7F, 0x30, 0x00, 0x00, 0x00, 0x07, 0xF3, 0x00, 0x00, 0x00, 0x00, 0x7F,
    0x30, 0x00, 0x00, 0xCE, 0x00, 0x00, 0x03, 0xF8, 0xCE, 0x00, 0x00, 0x03, 0xF8, 0xCE, 0x00, 0x00,
    0x03, 0xF8, 0xCE, 0x00, 0x00, 0x03, 0xF8, 0xCE, 0x00, 0x00, 0x03, 0xF8, 0xCE, 0x00, 0x00, 0x03,
    0xF8, 0xCE, 0x00, 0x00, 0x03, 0xF8, 0xCE, 0x00, 0x00, 0x03, 0xF8, 0xCE, 0x00, 0x00, 0x03, 0xF7,
    0xAF, 0x00, 0x00, 0x04, 0xF6, 0x6F, 0x60, 0x00, 0x0B, 0xF2, 0x0C, 0xFA, 0x67, 0xCF, 0x70, 0x00,
    0x7D, 0xFF, 0xB5, 0x00, 0x9F, 0x40, 0x00, 0x00, 0x0C, 0xF1, 0x3F, 0x90, 0x00, 0x00, 0x2F, 0xA0,
    0x0D, 0xE0, 0x00, 0x00, 0x7F, 0x40, 0x07, 0xF4, 0x00, 0x00, 0xDE, 0x00, 0x01, 0xF9, 0x00, 0x02,
    0xF9, 0x00, 0x00, 0xBE, 0x00, 0x07, 0xF3, 0x00, 0x00, 0x6F, 0x40, 0x0D, 0xD0, 0x00, 0x00, 0x0F,
    0xA0, 0x2F, 0x70, 0x00, 0x00, 0x0A, 0xF0, 0x8F, 0x20, 0x00, 0x00, 0x04, 0xF4, 0xDC, 0x00, 0x00,
    0x00, 0x00, 0xED, 0xF6, 0x00, 0x00, 0x00, 0x00, 0x9F, 0xF0, 0x00, 0x00, 0x00, 0x00, 0x3F, 0xD0,
    0x00, 0x00, 0x5F, 0x50, 0x00, 0x0F, 0xF0, 0x00, 0x03, 0xF7, 0x1F, 0x80, 0x00, 0x0F, 0xF3, 0x00,
    0x07, 0xF3, 0x0D, 0xC0, 0x00, 0x4F, 0xF7, 0x00, 0x0A, 0xF0, 0x0A, 0xF0, 0x00, 0x9E, 0xAC, 0x00,
    0x0E, 0xB0, 0x06, 0xF3, 0x00, 0xDA, 0x6F, 0x00, 0x1F, 0x80, 0x02, 0xF7, 0x02, 0xF5, 0x2F, 0x40,
    0x5F, 0x40, 0x00, 0xEB, 0x06, 0xF1, 0x0D, 0x90, 0x8F, 0x00, 0x00, 0xAE, 0x0B, 0xC0, 0x09, 0xD0,
    0xCC, 0x00, 0x00, 0x7F, 0x2F, 0x70, 0x04, 0xF2, 0xF8, 0x00, 0x00, 0x3F, 0x9F, 0x20, 0x00, 0xF9,
    0xF5, 0x00, 0x00, 0x0F, 0xFE, 0x00, 0x00, 0xBF, 0xF1, 0x00, 0x00, 0x0B, 0xF9, 0x00, 0x00, 0x7F,
    0xD0, 0x00, 0x00, 0x07, 0xF5, 0x00, 0x00, 0x3F, 0xA0, 0x00, 0x1F, 0xD0, 0x00, 0x00, 0x9F, 0x60,
    0x7F, 0x80, 0x00, 0x3F, 0xC0, 0x00, 0xCF, 0x20, 0x0C, 0xF2, 0x00, 0x03, 0xFB, 0x06, 0xF8, 0x00,
    0x00, 0x09, 0xF7, 0xFD, 0x00, 0x00, 0x00, 0x0E, 0xFF, 0x40, 0x00, 0x00, 0x00, 0x8F, 0xD0, 0x00,
    0x00, 0x00, 0x1E, 0xFF, 0x50, 0x00, 0x00, 0x0A, 0xF5, 0xEE, 0x10, 0x00, 0x04, 0xFA, 0x05, 0xF9,
    0x00, 0x00, 0xDF, 0x10, 0x0B, 0xF3, 0x00, 0x8F, 0x60, 0x00, 0x2F, 0xD0, 0x2F, 0xC0, 0x00, 0x00,
    0x8F, 0x70, 0x9F, 0x50, 0x00, 0x00, 0x8F, 0x61, 0xFD, 0x00, 0x00, 0x1F, 0xD0, 0x08, 0xF5, 0x00,
    0x08, 0xF4, 0x00, 0x0E, 0xD0, 0x01, 0xFC, 0x00, 0x00, 0x6F, 0x50, 0x9F, 0x30, 0x00, 0x00, 0xDD,
    0x2F, 0xA0, 0x00, 0x00, 0x05, 0xFD, 0xF2, 0x00, 0x00, 0x00, 0x0C, 0xF9, 0x00, 0x00, 0x00, 0x00,
    0x7F, 0x30, 0x00, 0x00, 0x00, 0x07, 0xF3, 0x00, 0x00, 0x00, 0x00, 0x7F, 0x30, 0x00, 0x00, 0x00,
    0x07, 0xF3, 0x00, 0x00, 0x00, 0x00, 0x7F, 0x30, 0x00, 0x00, 0x2F, 0xFF, 0xFF, 0xFF, 0xFE, 0x00,
    0x66, 0x66, 0x66, 0xAF, 0xA0, 0x00, 0x00, 0x00, 0x1E, 0xE0, 0x00, 0x00, 0x00, 0x0A, 0xF4, 0x00,
    0x00, 0x00, 0x05, 0xF9, 0x00, 0x00, 0x00, 0x01, 0xED, 0x00, 0x00, 0x00, 0x00, 0xAF, 0x30, 0x00,
    0x00, 0x00, 0x5F, 0x80, 0x00, 0x00, 0x00, 0x1E, 0xD0, 0x00, 0x00, 0x00, 0x0B, 0xF3, 0x00, 0x00,
    0x00, 0x06, 0xF8, 0x00, 0x00, 0x00, 0x01, 0xFF, 0x66, 0x66, 0x66, 0x60, 0x3F, 0xFF, 0xFF, 0xFF,
    0xFF, 0x10, 0xBF, 0xF9, 0xBF, 0x53, 0xBE, 0x00, 0xBE, 0x00, 0xBE, 0x00, 0xBE, 0x00, 0xBE, 0x00,
    0xBE, 0x00, 0xBE, 0x00, 0xBE, 0x00, 0xBE, 0x00, 0xBE, 0x00, 0xBE, 0x00, 0xBE, 0x00, 0xBE, 0x00,
    0xBE, 0x00, 0xBF, 0x53, 0xBF, 0xF9, 0x7F, 0x10, 0x00, 0x00, 0x1F, 0x70, 0x00, 0x00, 0x0B, 0xD0,
    0x00, 0x00, 0x04, 0xF3, 0x00, 0x00, 0x00, 0xE9, 0x00, 0x00, 0x00, 0x8F, 0x00, 0x00, 0x00, 0x2F,
    0x60, 0x00, 0x00, 0x0C, 0xC0, 0x00, 0x00, 0x06, 0xF2, 0x00, 0x00, 0x00, 0xF8, 0x00, 0x00, 0x00,
    0xAE, 0x00, 0x00, 0x00, 0x4F, 0x40, 0x00, 0x00, 0x0D, 0xA0, 0x00, 0x00, 0x07, 0xF1, 0xEF, 0xF6,
    0x47, 0xF6, 0x03, 0xF6, 0x03, 0xF6, 0x03, 0xF6, 0x03, 0xF6, 0x03, 0xF6, 0x03, 0xF6, 0x03, 0xF6,
    0x03, 0xF6, 0x03, 0xF6, 0x03, 0xF6, 0x03, 0xF6, 0x03, 0xF6, 0x03, 0xF6, 0x03, 0xF6, 0x47, 0xF6,
    0xEF, 0xF6, 0x00, 0x1F, 0x90, 0x00, 0x07, 0xFE, 0x00, 0x00, 0xEA, 0xF6, 0x00, 0x5F, 0x2A, 0xD0,
    0x0C, 0xB0, 0x3F, 0x43, 0xF4, 0x00, 0xCB, 0xFF, 0xFF, 0xFF, 0xFF, 0x15, 0x55, 0x55, 0x55, 0x50,
    0x2F, 0xB0, 0x00, 0x5F, 0x50, 0x00, 0x9D, 0x00, 0x00, 0x4B, 0xEF, 0xB2, 0x00, 0x5F, 0xB6, 0x7E,
    0xE1, 0x0A, 0xB0, 0x00, 0x5F, 0x50, 0x00, 0x00, 0x02, 0xF7, 0x00, 0x5C, 0xEF, 0xFF, 0x70, 0x7F,
    0x93, 0x24, 0xF7, 0x0F, 0xB0, 0x00, 0x2F, 0x70, 0xFC, 0x00, 0x09, 0xF7, 0x0A, 0xFA, 0x7A, 0xFF,
    0x80, 0x09, 0xEF, 0xB3, 0xFB, 0xCD, 0x00, 0x00, 0x00, 0x0C, 0xD0, 0x00, 0x00, 0x00, 0xCD, 0x00,
    0x00, 0x00, 0x0C, 0xD0, 0x00, 0x00, 0x00, 0xCD, 0x5D, 0xFD, 0x60, 0x0C, 0xFE, 0x86, 0xCF, 0x60,
    0xCF, 0x20, 0x00, 0xEE, 0x0D, 0xF0, 0x00, 0x08, 0xF1, 0xFF, 0x00, 0x00, 0x6F, 0x3F, 0xF0, 0x00,
    0x06, 0xF3, 0xDF, 0x00, 0x00, 0x8F, 0x1C, 0xF3, 0x00, 0x0E, 0xD0, 0xCF, 0xE7, 0x6C, 0xF5, 0x0C,
    0xC5, 0xDF, 0xD6, 0x00, 0x00, 0x3B, 0xFF, 0xC4, 0x00, 0x2F, 0xD6, 0x7C, 0xF4, 0x0A, 0xE1, 0x00,
    0x0D, 0xB0, 0xF9, 0x00, 0x00, 0x00, 0x2F, 0x70, 0x00, 0x00, 0x02, 0xF7, 0x00, 0x00, 0x00, 0x0F,
    0x90, 0x00, 0x00, 0x00, 0xAE, 0x10, 0x00, 0xDB, 0x02, 0xFD, 0x66, 0xCF, 0x30, 0x03, 0xBF, 0xFB,
    0x30, 0x00, 0x00, 0x00, 0x0C, 0xE0, 0x00, 0x00, 0x00, 0xCE, 0x00, 0x00, 0x00, 0x0C, 0xE0, 0x00,
    0x00, 0x00, 0xCE, 0x00, 0x4C, 0xFD, 0x7C, 0xE0, 0x3F, 0xE7, 0x7D, 0xFE, 0x0B, 0xF2, 0x00, 0x1F,
    0xE0, 0xFA, 0x00, 0x00, 0xFF, 0x2F, 0x80, 0x00, 0x0F, 0xF2, 0xF8, 0x00, 0x00, 0xFF, 0x0F, 0xA0,
    0x00, 0x0F, 0xF0, 0xBF, 0x10, 0x01, 0xFE, 0x03, 0xFD, 0x77, 0xDF, 0xE0, 0x04, 0xCF, 0xE7, 0xAE,
    0x00, 0x2A, 0xFF, 0xB3, 0x00, 0x1E, 0xE7, 0x6D, 0xF1, 0x0A, 0xF1, 0x00, 0x1F, 0x90, 0xFF, 0x55,
    0x55, 0xDC, 0x2F, 0xFF, 0xFF, 0xFF, 0xE2, 0xF7, 0x00, 0x00, 0x00, 0x0F, 0xA0, 0x00, 0x00, 0x00,
    0xBF, 0x20, 0x00, 0x51, 0x02, 0xFE, 0x75, 0x9F, 0x60, 0x02, 0xAE, 0xFC, 0x50, 0x00, 0x09, 0xEF,
    0x30, 0x09, 0xFA, 0x61, 0x00, 0xED, 0x00, 0x00, 0x0F, 0xA0, 0x00, 0x7F, 0xFF, 0xFB, 0x01, 0x4F,
    0xE4, 0x20, 0x00, 0xFA, 0x00, 0x00, 0x0F, 0xA0, 0x00, 0x00, 0xFA, 0x00, 0x00, 0x0F, 0xA0, 0x00,
    0x00, 0xFA, 0x00, 0x00, 0x0F, 0xA0, 0x00, 0x00, 0xFA, 0x00, 0x00, 0x0F, 0xA0, 0x00, 0x00, 0x4C,
    0xFD, 0x7A, 0xE0, 0x3F, 0xE7, 0x7D, 0xFE, 0x0B, 0xF2, 0x00, 0x1F, 0xE0, 0xFA, 0x00, 0x00, 0xFF,
    0x1F, 0x80, 0x00, 0x0F, 0xF1, 0xF8, 0x00, 0x00, 0xFF, 0x0F, 0xA0, 0x00, 0x0F, 0xF0, 0xAF, 0x10,
    0x01, 0xFE, 0x02, 0xFD, 0x77, 0xDF, 0xE0, 0x04, 0xCF, 0xE7, 0xCD, 0x00, 0x00, 0x00, 0x0C, 0xC0,
    0x14, 0x00, 0x02, 0xF9, 0x06, 0xF9, 0x57, 0xEE, 0x10, 0x05, 0xCF, 0xEA, 0x20, 0xCD, 0x00, 0x00,
    0x00, 0xCD, 0x00, 0x00, 0x00, 0xCD, 0x00, 0x00, 0x00, 0xCD, 0x00, 0x00, 0x00, 0xCD, 0x4C, 0xFD,
    0x60, 0xCF, 0xE8, 0x7C, 0xF4, 0xCF, 0x30, 0x01, 0xF9, 0xDF, 0x00, 0x00, 0xEB, 0xDF, 0x00, 0x00,
    0xEB, 0xCD, 0x00, 0x00, 0xEB, 0xCD, 0x00, 0x00, 0xEB, 0xCD, 0x00, 0x00, 0xEB, 0xCD, 0x00, 0x00,
    0xEB, 0xCD, 0x00, 0x00, 0xEB, 0x6B, 0x08, 0xE0, 0x00, 0x00, 0x00, 0xAF, 0x0A, 0xF0, 0xAF, 0x0A,
    0xF0, 0xAF, 0x0A, 0xF0, 0xAF, 0x0A, 0xF0, 0xAF, 0x0A, 0xF0, 0x00, 0x8A, 0x00, 0x0A, 0xD0, 0x00,
    0x00, 0x00, 0x00, 0x00, 0x00, 0xBE, 0x00, 0x0B, 0xE0, 0x00, 0xBE, 0x00, 0x0B, 0xE0, 0x00, 0xBE,
    0x00, 0x0B, 0xE0, 0x00, 0xBE, 0x00, 0x0B, 0xE0, 0x00, 0xBE, 0x00, 0x0B, 0xE0, 0x00, 0xBE, 0x00,
    0x0C, 0xE0, 0x37, 0xFB, 0x08, 0xFC, 0x20, 0xCE, 0x00, 0x00, 0x00, 0x0C, 0xE0, 0x00, 0x00, 0x00,
    0xCE, 0x00, 0x00, 0x00, 0x0C, 0xE0, 0x00, 0x00, 0x00, 0xCE, 0x00, 0x0B, 0xF4, 0x0C, 0xE0, 0x0A,
    0xF5, 0x00, 0xCE, 0x08, 0xF7, 0x00, 0x0C, 0xE6, 0xF9, 0x00, 0x00, 0xCF, 0xFF, 0x30, 0x00, 0x0C,
    0xFC, 0xFD, 0x00, 0x00, 0xCF, 0x04, 0xFA, 0x00, 0x0C, 0xE0, 0x09, 0xF5, 0x00, 0xCE, 0x00, 0x0D,
    0xE1, 0x0C, 0xE0, 0x00, 0x2F, 0xB0, 0xAF, 0xAF, 0xAF, 0xAF, 0xAF, 0xAF, 0xAF, 0xAF, 0xAF, 0xAF,
    0xAF, 0xAF, 0xAF, 0xAF, 0xCC, 0x5D, 0xFD, 0x60, 0x7E, 0xFC, 0x40, 0xCF, 0xD7, 0x7D, 0xFC, 0xD7,
    0x7E, 0xF1, 0xCF, 0x10, 0x01, 0xFF, 0x10, 0x03, 0xF6, 0xDF, 0x00, 0x00, 0xFF, 0x00, 0x01, 0xF8,
    0xEF, 0x00, 0x00, 0xEB, 0x00, 0x01, 0xF9, 0xCD, 0x00, 0x00, 0xEB, 0x00, 0x01, 0xF9, 0xCD, 0x00,
    0x00, 0xEB, 0x00, 0x01, 0xF9, 0xCD, 0x00, 0x00, 0xEB, 0x00, 0x01, 0xF9, 0xCD, 0x00, 0x00, 0xEB,
    0x00, 0x01, 0xF9, 0xCD, 0x00, 0x00, 0xEB, 0x00, 0x01, 0xF9, 0xCC, 0x4C, 0xFD, 0x60, 0xCF, 0xE8,
    0x7C, 0xF4, 0xCF, 0x30, 0x01, 0xF9, 0xDF, 0x00, 0x00, 0xEB, 0xDF, 0x00, 0x00, 0xEB, 0xCD, 0x00,
    0x00, 0xEB, 0xCD, 0x00, 0x00, 0xEB, 0xCD, 0x00, 0x00, 0xEB, 0xCD, 0x00, 0x00, 0xEB, 0xCD, 0x00,
    0x00, 0xEB, 0x00, 0x2A, 0xEF, 0xC4, 0x00, 0x02, 0xEE, 0x76, 0xCF, 0x50, 0x0A, 0xF2, 0x00, 0x0D,
    0xE0, 0x0F, 0xA0, 0x00, 0x06, 0xF4, 0x2F, 0x70, 0x00, 0x03, 0xF6, 0x2F, 0x70, 0x00, 0x03, 0xF7,
    0x0F, 0xA0, 0x00, 0x06, 0xF4, 0x0B, 0xF2, 0x00, 0x0C, 0xE0, 0x02, 0xEE, 0x66, 0xCF, 0x50, 0x00,
    0x2A, 0xEF, 0xC4, 0x00, 0xCC, 0x5D, 0xFD, 0x60, 0x0C, 0xFE, 0x76, 0xDF, 0x50, 0xCF, 0x10, 0x01,
    0xEE, 0x0E, 0xF0, 0x00, 0x09, 0xF1, 0xFF, 0x00, 0x00, 0x6F, 0x3F, 0xF0, 0x00, 0x06, 0xF3, 0xEF,
    0x00, 0x00, 0x8F, 0x1C, 0xF1, 0x00, 0x0E, 0xD0, 0xCF, 0xD6, 0x6D, 0xF5, 0x0C, 0xD6, 0xDF, 0xD6,
    0x00, 0xCD, 0x00, 0x00, 0x00, 0x0C, 0xD0, 0x00, 0x00, 0x00, 0xCD, 0x00, 0x00, 0x00, 0x0C, 0xD0,
    0x00, 0x00, 0x00, 0x00, 0x4C, 0xFE, 0x7A, 0xD0, 0x4F, 0xE6, 0x7D, 0xFD, 0x0C, 0xF2, 0x00, 0x0F,
    0xE0, 0xFA, 0x00, 0x00, 0xFF, 0x1F, 0x80, 0x00, 0x0F, 0xF2, 0xF8, 0x00, 0x00, 0xFF, 0x0F, 0xA0,
    0x00, 0x0F, 0xF0, 0xBF, 0x10, 0x01, 0xFE, 0x03, 0xFD, 0x66, 0xDF, 0xD0, 0x04, 0xCF, 0xE7, 0xCD,
    0x00, 0x00, 0x00, 0x0C, 0xD0, 0x00, 0x00, 0x00, 0xCD, 0x00, 0x00, 0x00, 0x0C, 0xD0, 0x00, 0x00,
    0x00, 0xCD, 0xCD, 0x6E, 0xCC, 0xFF, 0xA7, 0xCF, 0x30, 0x0C, 0xF0, 0x00, 0xCE, 0x00, 0x0C, 0xD0,
    0x00, 0xCD, 0x00, 0x0C, 0xD0, 0x00, 0xCD, 0x00, 0x0C, 0xD0, 0x00, 0x00, 0x5C, 0xFE, 0x91, 0x00,
    0x6F, 0xB6, 0x8F, 0xD0, 0x0C, 0xE0, 0x00, 0x7F, 0x30, 0xBF, 0x40, 0x00, 0x00, 0x02, 0xDF, 0xE9,
    0x40, 0x00, 0x00, 0x49, 0xDF, 0xB0, 0x01, 0x00, 0x00, 0x8F, 0x41, 0xFA, 0x00, 0x05, 0xF5, 0x09,
    0xFA, 0x57, 0xEE, 0x10, 0x07, 0xDF, 0xEA, 0x20, 0x03, 0xF7, 0x00, 0x03, 0xF7, 0x00, 0xEF, 0xFF,
    0xF3, 0x37, 0xFB, 0x40, 0x03, 0xF7, 0x00, 0x03, 0xF7, 0x00, 0x03, 0xF7, 0x00, 0x03, 0xF7, 0x00,
    0x03, 0xF7, 0x00, 0x02, 0xF7, 0x00, 0x00, 0xFD, 0x61, 0x00, 0x6E, 0xF3, 0xCD, 0x00, 0x00, 0xFB,
    0xCD, 0x00, 0x00, 0xFB, 0xCD, 0x00, 0x00, 0xFB, 0xCD, 0x00, 0x00, 0xFB, 0xCD, 0x00, 0x00, 0xFB,
    0xCD, 0x00, 0x00, 0xFB, 0xCD, 0x00, 0x00, 0xFB, 0xAF, 0x00, 0x02, 0xFB, 0x5F, 0xC6, 0x8E, 0xFB,
    0x07, 0xDF, 0xD6, 0xEB, 0x8F, 0x10, 0x00, 0x6F, 0x33, 0xF6, 0x00, 0x0B, 0xD0, 0x0D, 0xB0, 0x00,
    0xF8, 0x00, 0x8F, 0x10, 0x5F, 0x30, 0x02, 0xF5, 0x0A, 0xD0, 0x00, 0x0D, 0xB0, 0xF8, 0x00, 0x00,
    0x7F, 0x5F, 0x20, 0x00, 0x02, 0xFE, 0xD0, 0x00, 0x00, 0x0C, 0xF7, 0x00, 0x00, 0x00, 0x7F, 0x20,
    0x00, 0x7F, 0x20, 0x01, 0xFA, 0x00, 0x0A, 0xF0, 0x3F, 0x60, 0x05, 0xFD, 0x00, 0x0E, 0xB0, 0x0E,
    0xA0, 0x0A, 0xFF, 0x20, 0x1F, 0x60, 0x0A, 0xE0, 0x0E, 0x6F, 0x70, 0x5F, 0x20, 0x06, 0xF2, 0x4F,
    0x1A, 0xB0, 0x9D, 0x00, 0x01, 0xF6, 0x8C, 0x05, 0xF0, 0xD9, 0x00, 0x00, 0xDA, 0xD8, 0x00, 0xF6,
    0xF4, 0x00, 0x00, 0x8F, 0xF3, 0x00, 0xBF, 0xF0, 0x00, 0x00, 0x4F, 0xF0, 0x00, 0x6F, 0xC0, 0x00,
    0x00, 0x0F, 0xC0, 0x00, 0x1F, 0x70, 0x00, 0x3F, 0xA0, 0x00, 0xCF, 0x20, 0x9F, 0x30, 0x5F, 0x70,
    0x01, 0xEC, 0x0E, 0xD0, 0x00, 0x05, 0xFC, 0xF3, 0x00, 0x00, 0x0B, 0xF9, 0x00, 0x00, 0x00, 0xCF,
    0xA0, 0x00, 0x00, 0x6F, 0xAF, 0x50, 0x00, 0x1F, 0xB0, 0xCE, 0x00, 0x0A, 0xF2, 0x03, 0xF9, 0x04,
    0xF8, 0x00, 0x0A, 0xF3, 0xAF, 0x20, 0x00, 0x9F, 0x24, 0xF7, 0x00, 0x0E, 0xC0, 0x0E, 0xC0, 0x02,
    0xF7, 0x00, 0x9F, 0x10, 0x7F, 0x20, 0x04, 0xF6, 0x0C, 0xC0, 0x00, 0x0E, 0xB1, 0xF7, 0x00, 0x00,
    0x9F, 0x6F, 0x20, 0x00, 0x03, 0xFF, 0xC0, 0x00, 0x00, 0x0E, 0xF7, 0x00, 0x00, 0x00, 0xDF, 0x20,
    0x00, 0x00, 0x0A, 0xD0, 0x00, 0x00, 0x01, 0xF7, 0x00, 0x00, 0x17, 0xDE, 0x10, 0x00, 0x03, 0xFC,
    0x30, 0x00, 0x00, 0x2F, 0xFF, 0xFF, 0xFF, 0x10, 0x55, 0x55, 0x7F, 0xE0, 0x00, 0x00, 0x0B, 0xF2,
    0x00, 0x00, 0x07, 0xF6, 0x00, 0x00, 0x03, 0xFA, 0x00, 0x00, 0x00, 0xDE, 0x10, 0x00, 0x00, 0x9F,
    0x40, 0x00, 0x00, 0x4F, 0x80, 0x00, 0x00, 0x1F, 0xF5, 0x55, 0x55, 0x13, 0xFF, 0xFF, 0xFF, 0xF5,
    0x00, 0x01, 0x9A, 0x00, 0x0C, 0xE3, 0x00, 0x5F, 0x50, 0x00, 0x8F, 0x10, 0x00, 0x9F, 0x10, 0x00,
    0x9F, 0x00, 0x00, 0xBF, 0x00, 0x28, 0xF8, 0x00, 0xCF, 0xF1, 0x00, 0x04, 0xFA, 0x00, 0x00, 0xAF,
    0x00, 0x00, 0x9F, 0x00, 0x00, 0x9F, 0x10, 0x00, 0x8F, 0x20, 0x00, 0x5F, 0x60, 0x00, 0x0C, 0xE3,
    0x00, 0x00, 0x8A, 0x7D, 0x7D, 0x7D, 0x7D, 0x7D, 0x7D, 0x7D, 0x7D, 0x7D, 0x7D, 0x7D, 0x7D, 0x7D,
    0x7D, 0x7D, 0x99, 0x10, 0x00, 0x2D, 0xD0, 0x00, 0x04, 0xF6, 0x00, 0x00, 0xF9, 0x00, 0x00, 0xFA,
    0x00, 0x00, 0xFA, 0x00, 0x00, 0xEC, 0x00, 0x00, 0x7F, 0x92, 0x00, 0x0D, 0xFD, 0x00, 0x9F, 0x40,
    0x00, 0xEB, 0x00, 0x00, 0xFA, 0x00, 0x00, 0xFA, 0x00, 0x00, 0xF9, 0x00, 0x04, 0xF6, 0x00, 0x2D,
    0xD0, 0x00, 0x99, 0x10, 0x00, 0x00, 0x00, 0x00, 0x00, 0x00, 0x00, 0x5E, 0xE7, 0x00, 0x04, 0xF0,
    0x3F, 0x99, 0xF9, 0x00, 0x8D, 0x09, 0xC0, 0x06, 0xFB, 0x8F, 0x70, 0xCA, 0x00, 0x05, 0xDF, 0x80,
    0x00, 0x00, 0x00, 0x00, 0x00, 0x00, 0x1F, 0x77, 0x77, 0xF1, 0x2C, 0x10, 0x02, 0xC1, 0x26, 0x70,
    0x07, 0x61, 0x25, 0x70, 0x07, 0x61, 0x25, 0x25, 0x62, 0x61, 0x25, 0x08, 0x80, 0x61, 0x25, 0x09,
    0x70, 0x61, 0x25, 0x08, 0x80, 0x61, 0x25, 0x16, 0x71, 0x61, 0x25, 0x70, 0x16, 0x61, 0x26, 0x70,
    0x08, 0x61, 0x2B, 0x20, 0x03, 0xA1, 0x2F, 0x77, 0x77, 0xF1, 0x1F, 0x77, 0x77, 0xF1, 0x2C, 0x10,
    0x02, 0xC1, 0x26, 0x70, 0x07, 0x61, 0x25, 0x70, 0x07, 0x61, 0x25, 0x25, 0x62, 0x61, 0x25, 0x08,
    0x80, 0x61, 0x25, 0x09, 0x70, 0x61, 0x25, 0x08, 0x80, 0x61, 0x25, 0x16, 0x71, 0x61, 0x25, 0x70,
    0x16, 0x61, 0x26, 0x70, 0x08, 0x61, 0x2B, 0x20, 0x03, 0xA1, 0x2F, 0x77, 0x77, 0xF1, 0x1F, 0x77,
    0x77, 0xF1, 0x2C, 0x10, 0x02, 0xC1, 0x26, 0x70, 0x07, 0x61, 0x25, 0x70, 0x07, 0x61, 0x25, 0x25,
    0x62, 0x61, 0x25, 0x08, 0x80, 0x61, 0x25, 0x09, 0x70, 0x61, 0x25, 0x08, 0x80, 0x61, 0x25, 0x16,
    0x71, 0x61, 0x25, 0x70, 0x16, 0x61, 0x26, 0x70, 0x08, 0x61, 0x2B, 0x20, 0x03, 0xA1, 0x2F, 0x77,
    0x77, 0xF1, 0x1F, 0x77, 0x77, 0xF1, 0x2C, 0x10, 0x02, 0xC1, 0x26, 0x70, 0x07, 0x61, 0x25, 0x70,
    0x07, 0x61, 0x25, 0x25, 0x62, 0x61, 0x25, 0x08, 0x80, 0x61, 0x25, 0x09, 0x70, 0x61, 0x25, 0x08,
    0x80, 0x61, 0x25, 0x16, 0x71, 0x61, 0x25, 0x70, 0x16, 0x61, 0x26, 0x70, 0x08, 0x61, 0x2B, 0x20,
    0x03, 0xA1, 0x2F, 0x77, 0x77, 0xF1, 0x1F, 0x77, 0x77, 0xF1, 0x2C, 0x10, 0x02, 0xC1, 0x26, 0x70,
    0x07, 0x61, 0x25, 0x70, 0x07, 0x61, 0x25, 0x25, 0x62, 0x61, 0x25, 0x08, 0x80, 0x61, 0x25, 0x09,
    0x70, 0x61, 0x25, 0x08, 0x80, 0x61, 0x25, 0x16, 0x71, 0x61, 0x25, 0x70, 0x16, 0x61, 0x26, 0x70,
    0x08, 0x61, 0x2B, 0x20, 0x03, 0xA1, 0x2F, 0x77, 0x77, 0xF1, 0x1F, 0x77, 0x77, 0xF1, 0x2C, 0x10,
    0x02, 0xC1, 0x26, 0x70, 0x07, 0x61, 0x25, 0x70, 0x07, 0x61, 0x25, 0x25, 0x62, 0x61, 0x25, 0x08,
    0x80, 0x61, 0x25, 0x09, 0x70, 0x61, 0x25, 0x08, 0x80, 0x61, 0x25, 0x16, 0x71, 0x61, 0x25, 0x70,
    0x16, 0x61, 0x26, 0x70, 0x08, 0x61, 0x2B, 0x20, 0x03, 0xA1, 0x2F, 0x77, 0x77, 0xF1, 0x1F, 0x77,
    0x77, 0xF1, 0x2C, 0x10, 0x02, 0xC1, 0x26, 0x70, 0x07, 0x61, 0x25, 0x70, 0x07, 0x61, 0x25, 0x25,
    0x62, 0x61, 0x25, 0x08, 0x80, 0x61, 0x25, 0x09, 0x70, 0x61, 0x25, 0x08, 0x80, 0x61, 0x25, 0x16,
    0x71, 0x61, 0x25, 0x70, 0x16, 0x61, 0x26, 0x70, 0x08, 0x61, 0x2B, 0x20, 0x03, 0xA1, 0x2F, 0x77,
    0x77, 0xF1, 0x1F, 0x77, 0x77, 0xF1, 0x2C, 0x10, 0x02, 0xC1, 0x26, 0x70, 0x07, 0x61, 0x25, 0x70,
    0x07, 0x61, 0x25, 0x25, 0x62, 0x61, 0x25, 0x08, 0x80, 0x61, 0x25, 0x09, 0x70, 0x61, 0x25, 0x08,
    0x80, 0x61, 0x25, 0x16, 0x71, 0x61, 0x25, 0x70, 0x16, 0x61, 0x26, 0x70, 0x08, 0x61, 0x2B, 0x20,
    0x03, 0xA1, 0x2F, 0x77, 0x77, 0xF1, 0x1F, 0x77, 0x77, 0xF1, 0x2C, 0x10, 0x02, 0xC1, 0x26, 0x70,
    0x07, 0x61, 0x25, 0x70, 0x07, 0x61, 0x25, 0x25, 0x62, 0x61, 0x25, 0x08, 0x80, 0x61, 0x25, 0x09,
    0x70, 0x61, 0x25, 0x08, 0x80, 0x61, 0x25, 0x16, 0x71, 0x61, 0x25, 0x70, 0x16, 0x61, 0x26, 0x70,
    0x08, 0x61, 0x2B, 0x20, 0x03, 0xA1, 0x2F, 0x77, 0x77, 0xF1, 0x1F, 0x77, 0x77, 0xF1, 0x2C, 0x10,
    0x02, 0xC1, 0x26, 0x70, 0x07, 0x61, 0x25, 0x70, 0x07, 0x61, 0x25, 0x25, 0x62, 0x61, 0x25, 0x08,
    0x80, 0x61, 0x25, 0x09, 0x70, 0x61, 0x25, 0x08, 0x80, 0x61, 0x25, 0x16, 0x71, 0x61, 0x25, 0x70,
    0x16, 0x61, 0x26, 0x70, 0x08, 0x61, 0x2B, 0x20, 0x03, 0xA1, 0x2F, 0x77, 0x77, 0xF1, 0x1F, 0x77,
    0x77, 0xF1, 0x2C, 0x10, 0x02, 0xC1, 0x26, 0x70, 0x07, 0x61, 0x25, 0x70, 0x07, 0x61, 0x25, 0x25,
    0x62, 0x61, 0x25, 0x08, 0x80, 0x61, 0x25, 0x09, 0x70, 0x61, 0x25, 0x08, 0x80, 0x61, 0x25, 0x16,
    0x71, 0x61, 0x25, 0x70, 0x16, 0x61, 0x26, 0x70, 0x08, 0x61, 0x2B, 0x20, 0x03, 0xA1, 0x2F, 0x77,
    0x77, 0xF1, 0x1F, 0x77, 0x77, 0xF1, 0x2C, 0x10, 0x02, 0xC1, 0x26, 0x70, 0x07, 0x61, 0x25, 0x70,
    0x07, 0x61, 0x25, 0x25, 0x62, 0x61, 0x25, 0x08, 0x80, 0x61, 0x25, 0x09, 0x70, 0x61, 0x25, 0x08,
    0x80, 0x61, 0x25, 0x16, 0x71, 0x61, 0x25, 0x70, 0x16, 0x61, 0x26, 0x70, 0x08, 0x61, 0x2B, 0x20,
    0x03, 0xA1, 0x2F, 0x77, 0x77, 0xF1, 0x1F, 0x77, 0x77, 0xF1, 0x2C, 0x10, 0x02, 0xC1, 0x26, 0x70,
    0x07, 0x61, 0x25, 0x70, 0x07, 0x61, 0x25, 0x25, 0x62, 0x61, 0x25, 0x08, 0x80, 0x61, 0x25, 0x09,
    0x70, 0x61, 0x25, 0x08, 0x80, 0x61, 0x25, 0x16, 0x71, 0x61, 0x25, 0x70, 0x16, 0x61, 0x26, 0x70,
    0x08, 0x61, 0x2B, 0x20, 0x03, 0xA1, 0x2F, 0x77, 0x77, 0xF1, 0x1F, 0x77, 0x77, 0xF1, 0x2C, 0x10,
    0x02, 0xC1, 0x26, 0x70, 0x07, 0x61, 0x25, 0x70, 0x07, 0x61, 0x25, 0x25, 0x62, 0x61, 0x25, 0x08,
    0x80, 0x61, 0x25, 0x09, 0x70, 0x61, 0x25, 0x08, 0x80, 0x61, 0x25, 0x16, 0x71, 0x61, 0x25, 0x70,
    0x16, 0x61, 0x26, 0x70, 0x08, 0x61, 0x2B, 0x20, 0x03, 0xA1, 0x2F, 0x77, 0x77, 0xF1, 0x1F, 0x77,
    0x77, 0xF1, 0x2C, 0x10, 0x02, 0xC1, 0x26, 0x70, 0x07, 0x61, 0x25, 0x70, 0x07, 0x61, 0x25, 0x25,
    0x62, 0x61, 0x25, 0x08, 0x80, 0x61, 0x25, 0x09, 0x70, 0x61, 0x25, 0x08, 0x80, 0x61, 0x25, 0x16,
    0x71, 0x61, 0x25, 0x70, 0x16, 0x61, 0x26, 0x70, 0x08, 0x61, 0x2B, 0x20, 0x03, 0xA1, 0x2F, 0x77,
    0x77, 0xF1, 0x1F, 0x77, 0x77, 0xF1, 0x2C, 0x10, 0x02, 0xC1, 0x26, 0x70, 0x07, 0x61, 0x25, 0x70,
    0x07, 0x61, 0x25, 0x25, 0x62, 0x61, 0x25, 0x08, 0x80, 0x61, 0x25, 0x09, 0x70, 0x61, 0x25, 0x08,
    0x80, 0x61, 0x25, 0x16, 0x71, 0x61, 0x25, 0x70, 0x16, 0x61, 0x26, 0x70, 0x08, 0x61, 0x2B, 0x20,
    0x03, 0xA1, 0x2F, 0x77, 0x77, 0xF1, 0x1F, 0x77, 0x77, 0xF1, 0x2C, 0x10, 0x02, 0xC1, 0x26, 0x70,
    0x07, 0x61, 0x25, 0x70, 0x07, 0x61, 0x25, 0x25, 0x62, 0x61, 0x25, 0x08, 0x80, 0x61, 0x25, 0x09,
    0x70, 0x61, 0x25, 0x08, 0x80, 0x61, 0x25, 0x16, 0x71, 0x61, 0x25, 0x70, 0x16, 0x61, 0x26, 0x70,
    0x08, 0x61, 0x2B, 0x20, 0x03, 0xA1, 0x2F, 0x77, 0x77, 0xF1, 0x1F, 0x77, 0x77, 0xF1, 0x2C, 0x10,
    0x02, 0xC1, 0x26, 0x70, 0x07, 0x61, 0x25, 0x70, 0x07, 0x61, 0x25, 0x25, 0x62, 0x61, 0x25, 0x08,
    0x80, 0x61, 0x25, 0x09, 0x70, 0x61, 0x25, 0x08, 0x80, 0x61, 0x25, 0x16, 0x71, 0x61, 0x25, 0x70,
    0x16, 0x61, 0x26, 0x70, 0x08, 0x61, 0x2B, 0x20, 0x03, 0xA1, 0x2F, 0x77, 0x77, 0xF1, 0x1F, 0x77,
    0x77, 0xF1, 0x2C, 0x10, 0x02, 0xC1, 0x26, 0x70, 0x07, 0x61, 0x25, 0x70, 0x07, 0x61, 0x25, 0x25,
    0x62, 0x61, 0x25, 0x08, 0x80, 0x61, 0x25, 0x09, 0x70, 0x61, 0x25, 0x08, 0x80, 0x61, 0x25, 0x16,
    0x71, 0x61, 0x25, 0x70, 0x16, 0x61, 0x26, 0x70, 0x08, 0x61, 0x2B, 0x20, 0x03, 0xA1, 0x2F, 0x77,
    0x77, 0xF1, 0x1F, 0x77, 0x77, 0xF1, 0x2C, 0x10, 0x02, 0xC1, 0x26, 0x70, 0x07, 0x61, 0x25, 0x70,
    0x07, 0x61, 0x25, 0x25, 0x62, 0x61, 0x25, 0x08, 0x80, 0x61, 0x25, 0x09, 0x70, 0x61, 0x25, 0x08,
    0x80, 0x61, 0x25, 0x16, 0x71, 0x61, 0x25, 0x70, 0x16, 0x61, 0x26, 0x70, 0x08, 0x61, 0x2B, 0x20,
    0x03, 0xA1, 0x2F, 0x77, 0x77, 0xF1, 0x1F, 0x77, 0x77, 0xF1, 0x2C, 0x10, 0x02, 0xC1, 0x26, 0x70,
    0x07, 0x61, 0x25, 0x70, 0x07, 0x61, 0x25, 0x25, 0x62, 0x61, 0x25, 0x08, 0x80, 0x61, 0x25, 0x09,
    0x70, 0x61, 0x25, 0x08, 0x80, 0x61, 0x25, 0x16, 0x71, 0x61, 0x25, 0x70, 0x16, 0x61, 0x26, 0x70,
    0x08, 0x61, 0x2B, 0x20, 0x03, 0xA1, 0x2F, 0x77, 0x77, 0xF1, 0x1F, 0x77, 0x77, 0xF1, 0x2C, 0x10,
    0x02, 0xC1, 0x26, 0x70, 0x07, 0x61, 0x25, 0x70, 0x07, 0x61, 0x25, 0x25, 0x62, 0x61, 0x25, 0x08,
    0x80, 0x61, 0x25, 0x09, 0x70, 0x61, 0x25, 0x08, 0x80, 0x61, 0x25, 0x16, 0x71, 0x61, 0x25, 0x70,
    0x16, 0x61, 0x26, 0x70, 0x08, 0x61, 0x2B, 0x20, 0x03, 0xA1, 0x2F, 0x77, 0x77, 0xF1, 0x1F, 0x77,
    0x77, 0xF1, 0x2C, 0x10, 0x02, 0xC1, 0x26, 0x70, 0x07, 0x61, 0x25, 0x70, 0x07, 0x61, 0x25, 0x25,
    0x62, 0x61, 0x25, 0x08, 0x80, 0x61, 0x25, 0x09, 0x70, 0x61, 0x25, 0x08, 0x80, 0x61, 0x25, 0x16,
    0x71, 0x61, 0x25, 0x70, 0x16, 0x61, 0x26, 0x70, 0x08, 0x61, 0x2B, 0x20, 0x03, 0xA1, 0x2F, 0x77,
    0x77, 0xF1, 0x1F, 0x77, 0x77, 0xF1, 0x2C, 0x10, 0x02, 0xC1, 0x26, 0x70, 0x07, 0x61, 0x25, 0x70,
    0x07, 0x61, 0x25, 0x25, 0x62, 0x61, 0x25, 0x08, 0x80, 0x61, 0x25, 0x09, 0x70, 0x61, 0x25, 0x08,
    0x80, 0x61, 0x25, 0x16, 0x71, 0x61, 0x25, 0x70, 0x16, 0x61, 0x26, 0x70, 0x08, 0x61, 0x2B, 0x20,
    0x03, 0xA1, 0x2F, 0x77, 0x77, 0xF1, 0x1F, 0x77, 0x77, 0xF1, 0x2C, 0x10, 0x02, 0xC1, 0x26, 0x70,
    0x07, 0x61, 0x25, 0x70, 0x07, 0x61, 0x25, 0x25, 0x62, 0x61, 0x25, 0x08, 0x80, 0x61, 0x25, 0x09,
    0x70, 0x61, 0x25, 0x08, 0x80, 0x61, 0x25, 0x16, 0x71, 0x61, 0x25, 0x70, 0x16, 0x61, 0x26, 0x70,
    0x08, 0x61, 0x2B, 0x20, 0x03, 0xA1, 0x2F, 0x77, 0x77, 0xF1, 0x1F, 0x77, 0x77, 0xF1, 0x2C, 0x10,
    0x02, 0xC1, 0x26, 0x70, 0x07, 0x61, 0x25, 0x70, 0x07, 0x61, 0x25, 0x25, 0x62, 0x61, 0x25, 0x08,
    0x80, 0x61, 0x25, 0x09, 0x70, 0x61, 0x25, 0x08, 0x80, 0x61, 0x25, 0x16, 0x71, 0x61, 0x25, 0x70,
    0x16, 0x61, 0x26, 0x70, 0x08, 0x61, 0x2B, 0x20, 0x03, 0xA1, 0x2F, 0x77, 0x77, 0xF1, 0x1F, 0x77,
    0x77, 0xF1, 0x2C, 0x10, 0x02, 0xC1, 0x26, 0x70, 0x07, 0x61, 0x25, 0x70, 0x07, 0x61, 0x25, 0x25,
    0x62, 0x61, 0x25, 0x08, 0x80, 0x61, 0x25, 0x09, 0x70, 0x61, 0x25, 0x08, 0x80, 0x61, 0x25, 0x16,
    0x71, 0x61, 0x25, 0x70, 0x16, 0x61, 0x26, 0x70, 0x08, 0x61, 0x2B, 0x20, 0x03, 0xA1, 0x2F, 0x77,
    0x77, 0xF1, 0x1F, 0x77, 0x77, 0xF1, 0x2C, 0x10, 0x02, 0xC1, 0x26, 0x70, 0x07, 0x61, 0x25, 0x70,
    0x07, 0x61, 0x25, 0x25, 0x62, 0x61, 0x25, 0x08, 0x80, 0x61, 0x25, 0x09, 0x70, 0x61, 0x25, 0x08,
    0x80, 0x61, 0x25, 0x16, 0x71, 0x61, 0x25, 0x70, 0x16, 0x61, 0x26, 0x70, 0x08, 0x61, 0x2B, 0x20,
    0x03, 0xA1, 0x2F, 0x77, 0x77, 0xF1, 0x1F, 0x77, 0x77, 0xF1, 0x2C, 0x10, 0x02, 0xC1, 0x26, 0x70,
    0x07, 0x61, 0x25, 0x70, 0x07, 0x61, 0x25, 0x25, 0x62, 0x61, 0x25, 0x08, 0x80, 0x61, 0x25, 0x09,
    0x70, 0x61, 0x25, 0x08, 0x80, 0x61, 0x25, 0x16, 0x71, 0x61, 0x25, 0x70, 0x16, 0x61, 0x26, 0x70,
    0x08, 0x61, 0x2B, 0x20, 0x03, 0xA1, 0x2F, 0x77, 0x77, 0xF1, 0x1F, 0x77, 0x77, 0xF1, 0x2C, 0x10,
    0x02, 0xC1, 0x26, 0x70, 0x07, 0x61, 0x25, 0x70, 0x07, 0x61, 0x25, 0x25, 0x62, 0x61, 0x25, 0x08,
    0x80, 0x61, 0x25, 0x09, 0x70, 0x61, 0x25, 0x08, 0x80, 0x61, 0x25, 0x16, 0x71, 0x61, 0x25, 0x70,
    0x16, 0x61, 0x26, 0x70, 0x08, 0x61, 0x2B, 0x20, 0x03, 0xA1, 0x2F, 0x77, 0x77, 0xF1, 0x1F, 0x77,
    0x77, 0xF1, 0x2C, 0x10, 0x02, 0xC1, 0x26, 0x70, 0x07, 0x61, 0x25, 0x70, 0x07, 0x61, 0x25, 0x25,
    0x62, 0x61, 0x25, 0x08, 0x80, 0x61, 0x25, 0x09, 0x70, 0x61, 0x25, 0x08, 0x80, 0x61, 0x25, 0x16,
    0x71, 0x61, 0x25, 0x70, 0x16, 0x61, 0x26, 0x70, 0x08, 0x61, 0x2B, 0x20, 0x03, 0xA1, 0x2F, 0x77,
    0x77, 0xF1, 0x1F, 0x77, 0x77, 0xF1, 0x2C, 0x10, 0x02, 0xC1, 0x26, 0x70, 0x07, 0x61, 0x25, 0x70,
    0x07, 0x61, 0x25, 0x25, 0x62, 0x61, 0x25, 0x08, 0x80, 0x61, 0x25, 0x09, 0x70, 0x61, 0x25, 0x08,
    0x80, 0x61, 0x25, 0x16, 0x71, 0x61, 0x25, 0x70, 0x16, 0x61, 0x26, 0x70, 0x08, 0x61, 0x2B, 0x20,
    0x03, 0xA1, 0x2F, 0x77, 0x77, 0xF1, 0x8E, 0x08, 0xE0, 0x00, 0x00, 0x00, 0x8F, 0x08, 0xF0, 0x8F,
    0x08, 0xF0, 0x9F, 0x09, 0xF0, 0x9F, 0x09, 0xF1, 0x9F, 0x10, 0x00, 0x00, 0xCE, 0x00, 0x00, 0x00,
    0x0C, 0xE0, 0x00, 0x00, 0x2A, 0xFF, 0xC5, 0x00, 0x1E, 0xE7, 0x6C, 0xF6, 0x0A, 0xF2, 0x00, 0x0C,
    0xD0, 0xEB, 0x00, 0x00, 0x00, 0x0F, 0x90, 0x00, 0x00, 0x00, 0xF9, 0x00, 0x00, 0x00, 0x0E, 0xB0,
    0x00, 0x00, 0x00, 0x9F, 0x20, 0x00, 0xCD, 0x01, 0xEE, 0x66, 0xCF, 0x50, 0x02, 0xAF, 0xFC, 0x40,
    0x00, 0x00, 0xCE, 0x00, 0x00, 0x00, 0x0C, 0xE0, 0x00, 0x00, 0x02, 0xBF, 0xFB, 0x30, 0x00, 0x2F,
    0xE7, 0x8E, 0xF2, 0x00, 0xAF, 0x20, 0x03, 0xF8, 0x00, 0xDD, 0x00, 0x00, 0x64, 0x00, 0xDD, 0x00,
    0x00, 0x00, 0x00, 0xCE, 0x00, 0x00, 0x00, 0x16, 0xFF, 0x66, 0x40, 0x00, 0x3F, 0xFF, 0xFF, 0xB0,
    0x00, 0x00, 0xBF, 0x00, 0x00, 0x00, 0x00, 0xBF, 0x00, 0x00, 0x00, 0x00, 0xCE, 0x00, 0x00, 0x00,
    0x17, 0xFE, 0x66, 0x66, 0x65, 0x2F, 0xFF, 0xFF, 0xFF, 0xFE, 0x00, 0x00, 0x00, 0x00, 0x00, 0x00,
    0x08, 0xA1, 0x9E, 0xFD, 0x81, 0xB7, 0x0A, 0xFF, 0xFA, 0x8B, 0xFF, 0xFA, 0x00, 0xFF, 0x30, 0x00,
    0x4F, 0xF0, 0x06, 0xF4, 0x00, 0x00, 0x06, 0xF5, 0x0A, 0xE0, 0x00, 0x00, 0x00, 0xF9, 0x0B, 0xC0,
    0x00, 0x00, 0x00, 0xDA, 0x0A, 0xE0, 0x00, 0x00, 0x00, 0xF9, 0x06, 0xF5, 0x00, 0x00, 0x06, 0xF5,
    0x00, 0xFF, 0x30, 0x00, 0x4F, 0xF0, 0x08, 0xFF, 0xFA, 0x8B, 0xFF, 0xF8, 0x09, 0xC2, 0x9E, 0xFD,
    0x82, 0xC9, 0x00, 0x00, 0x00, 0x00, 0x00, 0x00, 0xAF, 0x40, 0x00, 0x0C, 0xF1, 0x2F, 0xA0, 0x00,
    0x3F, 0x90, 0x0B, 0xF1, 0x00, 0xAF, 0x20, 0x03, 0xF8, 0x01, 0xFA, 0x00, 0x00, 0xBE, 0x07, 0xF3,
    0x00, 0x00, 0x4F, 0x6E, 0xB0, 0x00, 0x01, 0x1F, 0xFF, 0x51, 0x00, 0x0F, 0xFF, 0xFF, 0xFF, 0x60,
    0x00, 0x02, 0xF9, 0x00, 0x00, 0x0F, 0xFF, 0xFF, 0xFF, 0x60, 0x01, 0x14, 0xFA, 0x11, 0x00, 0x00,
    0x02, 0xF8, 0x00, 0x00, 0x00, 0x02, 0xF8, 0x00, 0x00, 0xBE, 0xBE, 0xBE, 0xBE, 0xBE, 0xBE, 0xBE,
    0x00, 0x00, 0xBE, 0xBE, 0xBE, 0xBE, 0xBE, 0xBE, 0xBE, 0x00, 0x2A, 0xDF, 0xEA, 0x20, 0x00, 0x2F,
    0xD7, 0x57, 0xEF, 0x20, 0x0A, 0xF1, 0x00, 0x02, 0xFA, 0x00, 0xBE, 0x00, 0x00, 0x0A, 0xA0, 0x07,
    0xF9, 0x10, 0x00, 0x00, 0x00, 0x0E, 0xFF, 0xC7, 0x10, 0x00, 0x09, 0xFA, 0xBD, 0xFF, 0x90, 0x00,
    0xF9, 0x00, 0x02, 0xAF, 0xA0, 0x1F, 0x90, 0x00, 0x00, 0xBF, 0x00, 0xBF, 0x81, 0x00, 0x0A, 0xF0,
    0x01, 0xBF, 0xFC, 0xBB, 0xF7, 0x00, 0x00, 0x27, 0xDF, 0xFC, 0x00, 0x00, 0x00, 0x00, 0x2B, 0xF5,
    0x02, 0xC5, 0x00, 0x00, 0x0F, 0xA0, 0x0F, 0xC0, 0x00, 0x02, 0xF9, 0x00, 0x7F, 0xD7, 0x58, 0xEF,
    0x20, 0x00, 0x4B, 0xEF, 0xDA, 0x20, 0x00, 0x0B, 0x70, 0x1C, 0x40, 0xE9, 0x02, 0xF6, 0x00, 0x00,
    0x6C, 0xFF, 0xC7, 0x00, 0x00, 0x00, 0x1C, 0xC5, 0x11, 0x4B, 0xD2, 0x00, 0x00, 0xD8, 0x00, 0x44,
    0x00, 0x6D, 0x10, 0x07, 0xA0, 0x3E, 0xDE, 0xE3, 0x09, 0x90, 0x0D, 0x20, 0xDA, 0x00, 0xAB, 0x01,
    0xE0, 0x1E, 0x00, 0xF3, 0x00, 0x35, 0x00, 0xD2, 0x2D, 0x01, 0xF2, 0x00, 0x00, 0x00, 0xC4, 0x1E,
    0x00, 0xF3, 0x00, 0x35, 0x00, 0xD2, 0x0D, 0x30, 0xCA, 0x00, 0xBA, 0x01, 0xE0, 0x07, 0xB0, 0x3E,
    0xEE, 0xE2, 0x09, 0x90, 0x00, 0xD8, 0x00, 0x43, 0x00, 0x7D, 0x10, 0x00, 0x1C, 0xB4, 0x11, 0x4B,
    0xD2, 0x00, 0x00, 0x00, 0x6C, 0xFF, 0xC7, 0x00, 0x00, 0x09, 0xEF, 0xA0, 0x7F, 0x55, 0xF7, 0x01,
    0x00, 0xCA, 0x1A, 0xEF, 0xFA, 0x9E, 0x20, 0xCA, 0x9E, 0x36, 0xFA, 0x2C, 0xFC, 0xCC, 0x00, 0x0C,
    0x70, 0xC7, 0x00, 0x9C, 0x09, 0xC0, 0x05, 0xF3, 0x5F, 0x30, 0x0F, 0xB0, 0xFB, 0x00, 0x05, 0xF3,
    0x5F, 0x30, 0x00, 0x9C, 0x09, 0xC0, 0x00, 0x0C, 0x70, 0xC7, 0xEF, 0xFF, 0xFF, 0xF8, 0x67, 0x77,
    0x7A, 0xF9, 0x00, 0x00, 0x03, 0xF6, 0x00, 0x00, 0x03, 0xF6, 0x00, 0x00, 0x6C, 0xFF, 0xC7, 0x00,
    0x00, 0x00, 0x1D, 0xB4, 0x11, 0x4B, 0xD2, 0x00, 0x00, 0xD8, 0x00, 0x00, 0x00, 0x7D, 0x10, 0x07,
    0xA0, 0x8F, 0xFF, 0xA0, 0x09, 0x80, 0x0E, 0x20, 0x8C, 0x13, 0xD8, 0x02, 0xE0, 0x1E, 0x00, 0x8B,
    0x00, 0x8B, 0x00, 0xD2, 0x2D, 0x00, 0x8D, 0x23, 0xD7, 0x00, 0xC3, 0x1E, 0x00, 0x8F, 0xFF, 0xF2,
    0x00, 0xD2, 0x0E, 0x30, 0x8B, 0x00, 0xAA, 0x02, 0xE0, 0x07, 0xB0, 0x8B, 0x00, 0x7C, 0x0A, 0x80,
    0x00, 0xD8, 0x00, 0x00, 0x00, 0x7D, 0x10, 0x00, 0x1D, 0xB4, 0x11, 0x4B, 0xD2, 0x00, 0x00, 0x00,
    0x6C, 0xFF, 0xC7, 0x00, 0x00, 0x34, 0x44, 0x44, 0x0C, 0xFF, 0xFF, 0xF2, 0x0B, 0xF9, 0x09, 0xA3,
    0xD5, 0xD4, 0x08, 0x9A, 0xA3, 0xD6, 0x1C, 0xF9, 0x00, 0x00, 0x00, 0xCB, 0x00, 0x00, 0x00, 0x0C,
    0xB0, 0x00, 0x00, 0x00, 0xCB, 0x00, 0x00, 0x00, 0x0C, 0xB0, 0x00, 0x2F, 0xFF, 0xFF, 0xFF, 0xE0,
    0x55, 0x5F, 0xF5, 0x54, 0x00, 0x00, 0xCB, 0x00, 0x00, 0x00, 0x0C, 0xB0, 0x00, 0x00, 0x00, 0x76,
    0x00, 0x00, 0x45, 0x55, 0x55, 0x52, 0x0C, 0xFF, 0xFF, 0xFF, 0x80, 0x06, 0xEF, 0xB1, 0x3F, 0x63,
    0xDA, 0x14, 0x00, 0xD9, 0x00, 0x08, 0xF2, 0x00, 0x9E, 0x30, 0x0A, 0xE4, 0x22, 0x3F, 0xFF, 0xFF,
    0x07, 0xDE, 0xB2, 0x3F, 0x63, 0xDA, 0x00, 0x01, 0xD9, 0x00, 0xEF, 0xF1, 0x00, 0x01, 0xBB, 0x5F,
    0x52, 0xCC, 0x08, 0xEF, 0xC2, 0x08, 0xF5, 0x1F, 0x90, 0xAC, 0x00, 0xAF, 0x00, 0x00, 0xCD, 0xAF,
    0x00, 0x00, 0xCD, 0xAF, 0x00, 0x00, 0xCD, 0xAF, 0x00, 0x00, 0xCD, 0xAF, 0x00, 0x00, 0xCD, 0xAF,
    0x00, 0x00, 0xFE, 0xAF, 0x00, 0x00, 0xFD, 0xAF, 0x40, 0x00, 0xFD, 0xAF, 0xD6, 0x6D, 0xFD, 0xAF,
    0xAE, 0xE8, 0xAD, 0xAF, 0x00, 0x00, 0x00, 0xAF, 0x00, 0x00, 0x00, 0xAF, 0x00, 0x00, 0x00, 0xAF,
    0x00, 0x00, 0x00, 0x00, 0x6C, 0xFF, 0xF5, 0x08, 0xFF, 0xFF, 0xF5, 0x2F, 0xFF, 0xFF, 0xF5, 0x5F,
    0xFF, 0xFF, 0xF5, 0x5F, 0xFF, 0xFF, 0xF5, 0x2F, 0xFF, 0xFF, 0xF5, 0x09, 0xFF, 0xFF, 0xF5, 0x00,
    0x6C, 0xFF, 0xF5, 0x00, 0x00, 0x05, 0xF5, 0x00, 0x00, 0x05, 0xF5, 0x00, 0x00, 0x05, 0xF5, 0x00,
    0x00, 0x05, 0xF5, 0x00, 0x00, 0x05, 0xF5, 0x6D, 0x27, 0xF2, 0xCA, 0x13, 0xC9, 0x0B, 0xAE, 0xB1,
    0x17, 0xC5, 0xEC, 0xF5, 0x00, 0xF5, 0x00, 0xF5, 0x00, 0xF5, 0x00, 0xF5, 0x00, 0xF5, 0x08, 0xEF,
    0xA1, 0x08, 0xF6, 0x5E, 0xA0, 0xDA, 0x00, 0x7F, 0x0E, 0x80, 0x05, 0xF1, 0xDA, 0x00, 0x7F, 0x08,
    0xF6, 0x5E, 0xA0, 0x09, 0xEF, 0xA1, 0x00, 0x0E, 0x60, 0xE6, 0x00, 0x05, 0xE1, 0x5E, 0x10, 0x00,
    0xCB, 0x0C, 0xB0, 0x00, 0x3F, 0x63, 0xF6, 0x00, 0x5F, 0x35, 0xF3, 0x02, 0xF5, 0x2F, 0x50, 0x0C,
    0x70, 0xC7, 0x00, 0x17, 0xC5, 0x00, 0x00, 0x00, 0x00, 0xEC, 0xF5, 0x00, 0x08, 0x60, 0x00, 0x00,
    0xF5, 0x00, 0x2F, 0x20, 0x00, 0x00, 0xF5, 0x00, 0xB8, 0x00, 0x00, 0x00, 0xF5, 0x05, 0xE0, 0x00,
    0x00, 0x00, 0xF5, 0x0E, 0x50, 0x00, 0x00, 0x00, 0xF5, 0x8B, 0x00, 0xCF, 0x30, 0x00, 0x02, 0xF2,
    0x06, 0xFF, 0x30, 0x00, 0x0B, 0x80, 0x3F, 0x6F, 0x30, 0x00, 0x5E, 0x01, 0xE6, 0x5F, 0x50, 0x00,
    0xE5, 0x07, 0xFF, 0xFF, 0xF2, 0x03, 0xA0, 0x00, 0x00, 0x2F, 0x30, 0x00, 0x00, 0x00, 0x00, 0x2F,
    0x30, 0x17, 0xC5, 0x00, 0x00, 0x00, 0x00, 0xEC, 0xF5, 0x00, 0x08, 0x60, 0x00, 0x00, 0xF5, 0x00,
    0x2F, 0x20, 0x00, 0x00, 0xF5, 0x00, 0xB8, 0x00, 0x00, 0x00, 0xF5, 0x05, 0xE0, 0x00, 0x00, 0x00,
    0xF5, 0x0E, 0x50, 0x00, 0x00, 0x00, 0xF5, 0x8B, 0x06, 0xEF, 0xB1, 0x00, 0x02, 0xF2, 0x3F, 0x63,
    0xDA, 0x00, 0x0B, 0x80, 0x14, 0x00, 0xD9, 0x00, 0x5E, 0x00, 0x00, 0x08, 0xF2, 0x00, 0xE5, 0x00,
    0x00, 0x9E, 0x30, 0x03, 0xA0, 0x00, 0x0A, 0xE4, 0x22, 0x00, 0x00, 0x00, 0x3F, 0xFF, 0xFF, 0x07,
    0xEE, 0xB2, 0x00, 0x00, 0x00, 0x00, 0x3F, 0x63, 0xDA, 0x00, 0x00, 0x86, 0x00, 0x00, 0x01, 0xD9,
    0x00, 0x02, 0xF2, 0x00, 0x00, 0xEF, 0xF2, 0x00, 0x0B, 0x80, 0x00, 0x00, 0x01, 0xBB, 0x00, 0x5E,
    0x00, 0x00, 0x5F, 0x52, 0xCC, 0x00, 0xE5, 0x00, 0x00, 0x08, 0xEF, 0xC2, 0x08, 0xB0, 0xCF, 0x30,
    0x00, 0x00, 0x00, 0x2F, 0x26, 0xFF, 0x30, 0x00, 0x00, 0x00, 0xB8, 0x3F, 0x6F, 0x30, 0x00, 0x00,
    0x05, 0xE2, 0xE6, 0x5F, 0x50, 0x00, 0x00, 0x0E, 0x57, 0xFF, 0xFF, 0xF2, 0x00, 0x00, 0x3A, 0x00,
    0x00, 0x2F, 0x30, 0x00, 0x00, 0x00, 0x00, 0x00, 0x2F, 0x30, 0x00, 0x07, 0xE1, 0x00, 0x00, 0x07,
    0xE1, 0x00, 0x00, 0x00, 0x00, 0x00, 0x00, 0x00, 0x00, 0x00, 0x00, 0x08, 0xF2, 0x00, 0x00, 0x0C,
    0xE0, 0x00, 0x00, 0xAF, 0x40, 0x00, 0x08, 0xF6, 0x00, 0x00, 0x2F, 0x90, 0x00, 0x00, 0x5F, 0x40,
    0x00, 0x00, 0x5F, 0x60, 0x00, 0xEB, 0x0E, 0xF8, 0x7D, 0xF5, 0x02, 0xBE, 0xFC, 0x50, 0x00, 0x02,
    0xFB, 0x00, 0x00, 0x00, 0x00, 0x00, 0x5F, 0x50, 0x00, 0x00, 0x00, 0x00, 0x09, 0xD0, 0x00, 0x00,
    0x00, 0x00, 0x00, 0x00, 0x00, 0x00, 0x00, 0x00, 0x1F, 0xF0, 0x00, 0x00, 0x00, 0x00, 0x6F, 0xF3,
    0x00, 0x00, 0x00, 0x00, 0xCC, 0xF9, 0x00, 0x00, 0x00, 0x02, 0xF6, 0xAE, 0x00, 0x00, 0x00, 0x08,
    0xF1, 0x4F, 0x50, 0x00, 0x00, 0x0E, 0xA0, 0x0E, 0xB0, 0x00, 0x00, 0x4F, 0x50, 0x09, 0xF1, 0x00,
    0x00, 0xAE, 0x00, 0x03, 0xF7, 0x00, 0x01, 0xFF, 0x66, 0x66, 0xFF, 0x00, 0x06, 0xFF, 0xFF, 0xFF,
    0xFF, 0x30, 0x0D, 0xE0, 0x00, 0x00, 0x2F, 0x90, 0x2F, 0x80, 0x00, 0x00, 0x0C, 0xE0, 0x9F, 0x20,
    0x00, 0x00, 0x06, 0xF5, 0x00, 0x00, 0x00, 0x8F, 0x50, 0x00, 0x00, 0x00, 0x01, 0xF9, 0x00, 0x00,
    0x00, 0x00, 0x0A, 0xC0, 0x00, 0x00, 0x00, 0x00, 0x00, 0x00, 0x00, 0x00, 0x00, 0x00, 0x1F, 0xF0,
    0x00, 0x00, 0x00, 0x00, 0x6F, 0xF3, 0x00, 0x00, 0x00, 0x00, 0xCC, 0xF9, 0x00, 0x00, 0x00, 0x02,
    0xF6, 0xAE, 0x00, 0x00, 0x00, 0x08, 0xF1, 0x4F, 0x50, 0x00, 0x00, 0x0E, 0xA0, 0x0E, 0xB0, 0x00,
    0x00, 0x4F, 0x50, 0x09, 0xF1, 0x00, 0x00, 0xAE, 0x00, 0x03, 0xF7, 0x00, 0x01, 0xFF, 0x66, 0x66,
    0xFF, 0x00, 0x06, 0xFF, 0xFF, 0xFF, 0xFF, 0x30, 0x0D, 0xE0, 0x00, 0x00, 0x2F, 0x90, 0x2F, 0x80,
    0x00, 0x00, 0x0C, 0xE0, 0x9F, 0x20, 0x00, 0x00, 0x06, 0xF5, 0x00, 0x00, 0x1D, 0xE4, 0x00, 0x00,
    0x00, 0x02, 0xD6, 0x3E, 0x50, 0x00, 0x00, 0x00, 0x00, 0x00, 0x00, 0x00, 0x00, 0x00, 0x1F, 0xF0,
    0x00, 0x00, 0x00, 0x00, 0x6F, 0xF3, 0x00, 0x00, 0x00, 0x00, 0xCC, 0xF9, 0x00, 0x00, 0x00, 0x02,
    0xF6, 0xAE, 0x00, 0x00, 0x00, 0x08, 0xF1, 0x4F, 0x50, 0x00, 0x00, 0x0E, 0xA0, 0x0E, 0xB0, 0x00,
    0x00, 0x4F, 0x50, 0x09, 0xF1, 0x00, 0x00, 0xAE, 0x00, 0x03, 0xF7, 0x00, 0x01, 0xFF, 0x66, 0x66,
    0xFF, 0x00, 0x06, 0xFF, 0xFF, 0xFF, 0xFF, 0x30, 0x0D, 0xE0, 0x00, 0x00, 0x2F, 0x90, 0x2F, 0x80,
    0x00, 0x00, 0x0C, 0xE0, 0x9F, 0x20, 0x00, 0x00, 0x06, 0xF5, 0x00, 0x02, 0xDC, 0x00, 0xE3, 0x00,
    0x00, 0x0A, 0xA7, 0xB6, 0xF0, 0x00, 0x00, 0x0D, 0x40, 0x8F, 0x70, 0x00, 0x00, 0x00, 0x00, 0x00,
    0x00, 0x00, 0x00, 0x00, 0x1F, 0xF0, 0x00, 0x00, 0x00, 0x00, 0x6F, 0xF3, 0x00, 0x00, 0x00, 0x00,
    0xCC, 0xF9, 0x00, 0x00, 0x00, 0x02, 0xF6, 0xAE, 0x00, 0x00, 0x00, 0x08, 0xF1, 0x4F, 0x50, 0x00,
    0x00, 0x0E, 0xA0, 0x0E, 0xB0, 0x00, 0x00, 0x4F, 0x50, 0x09, 0xF1, 0x00, 0x00, 0xAE, 0x00, 0x03,
    0xF7, 0x00, 0x01, 0xFF, 0x66, 0x66, 0xFF, 0x00, 0x06, 0xFF, 0xFF, 0xFF, 0xFF, 0x30, 0x0D, 0xE0,
    0x00, 0x00, 0x2F, 0x90, 0x2F, 0x80, 0x00, 0x00, 0x0C, 0xE0, 0x9F, 0x20, 0x00, 0x00, 0x06, 0xF5,
    0x00, 0x0B, 0x70, 0x1C, 0x40, 0x00, 0x00, 0x0E, 0x90, 0x2F, 0x60, 0x00, 0x00, 0x00, 0x00, 0x00,
    0x00, 0x00, 0x00, 0x00, 0x1F, 0xF0, 0x00, 0x00, 0x00, 0x00, 0x6F, 0xF3, 0x00, 0x00, 0x00, 0x00,
    0xCC, 0xF9, 0x00, 0x00, 0x00, 0x02, 0xF6, 0xAE, 0x00, 0x00, 0x00, 0x08, 0xF1, 0x4F, 0x50, 0x00,
    0x00, 0x0E, 0xA0, 0x0E, 0xB0, 0x00, 0x00, 0x4F, 0x50, 0x09, 0xF1, 0x00, 0x00, 0xAE, 0x00, 0x03,
    0xF7, 0x00, 0x01, 0xFF, 0x66, 0x66, 0xFF, 0x00, 0x06, 0xFF, 0xFF, 0xFF, 0xFF, 0x30, 0x0D, 0xE0,
    0x00, 0x00, 0x2F, 0x90, 0x2F, 0x80, 0x00, 0x00, 0x0C, 0xE0, 0x9F, 0x20, 0x00, 0x00, 0x06, 0xF5,
    0x00, 0x00, 0x4D, 0xC3, 0x00, 0x00, 0x00, 0x00, 0xC1, 0x2B, 0x00, 0x00, 0x00, 0x00, 0xD1, 0x2B,
    0x00, 0x00, 0x00, 0x00, 0x4C, 0xC3, 0x00, 0x00, 0x00, 0x00, 0x00, 0x00, 0x00, 0x00, 0x00, 0x00,
    0x1F, 0xF0, 0x00, 0x00, 0x00, 0x00, 0x6F, 0xF3, 0x00, 0x00, 0x00, 0x00, 0xCC, 0xF9, 0x00, 0x00,
    0x00, 0x02, 0xF6, 0xAE, 0x00, 0x00, 0x00, 0x08, 0xF1, 0x4F, 0x50, 0x00, 0x00, 0x0E, 0xA0, 0x0E,
    0xB0, 0x00, 0x00, 0x4F, 0x50, 0x09, 0xF1, 0x00, 0x00, 0xAE, 0x00, 0x03, 0xF7, 0x00, 0x01, 0xFF,
    0x66, 0x66, 0xFF, 0x00, 0x06, 0xFF, 0xFF, 0xFF, 0xFF, 0x30, 0x0D, 0xE0, 0x00, 0x00, 0x2F, 0x90,
    0x2F, 0x80, 0x00, 0x00, 0x0C, 0xE0, 0x9F, 0x20, 0x00, 0x00, 0x06, 0xF5, 0x00, 0x00, 0x00, 0x00,
    0xBF, 0xFF, 0xFF, 0xFF, 0xF0, 0x00, 0x00, 0x00, 0x04, 0xFF, 0xF5, 0x55, 0x55, 0x50, 0x00, 0x00,
    0x00, 0x0D, 0xDB, 0xF0, 0x00, 0x00, 0x00, 0x00, 0x00, 0x00, 0x7F, 0x4A, 0xF0, 0x00, 0x00, 0x00,
    0x00, 0x00, 0x01, 0xFB, 0x09, 0xF0, 0x00, 0x00, 0x00, 0x00, 0x00, 0x0A, 0xF2, 0x08, 0xF6, 0x55,
    0x55, 0x10, 0x00, 0x00, 0x4F, 0x90, 0x08, 0xFF, 0xFF, 0xFF, 0x40, 0x00, 0x00, 0xDE, 0x10, 0x07,
    0xF2, 0x00, 0x00, 0x00, 0x00, 0x07, 0xFF, 0x88, 0x8F, 0xF3, 0x00, 0x00, 0x00, 0x00, 0x1F, 0xFF,
    0xFF, 0xFF, 0xF3, 0x00, 0x00, 0x00, 0x00, 0xAF, 0x40, 0x00, 0x05, 0xF4, 0x00, 0x00, 0x00, 0x03,
    0xFB, 0x00, 0x00, 0x05, 0xFA, 0x55, 0x55, 0x52, 0x0D, 0xF2, 0x00, 0x00, 0x04, 0xFF, 0xFF, 0xFF,
    0xF8, 0x00, 0x4B, 0xEF, 0xD8, 0x00, 0x06, 0xFD, 0x76, 0x9F, 0xC0, 0x2F, 0xB0, 0x00, 0x05, 0xF7,
    0x9F, 0x30, 0x00, 0x00, 0xEC, 0xDE, 0x00, 0x00, 0x00, 0x00, 0xEC, 0x00, 0x00, 0x00, 0x00, 0xFC,
    0x00, 0x00, 0x00, 0x00, 0xEC, 0x00, 0x00, 0x00, 0x00, 0xDE, 0x00, 0x00, 0x00, 0x00, 0x9F, 0x30,
    0x00, 0x00, 0xEC, 0x2F, 0xB0, 0x00, 0x05, 0xF7, 0x07, 0xFC, 0x76, 0x9F, 0xC0, 0x00, 0x4C, 0xFF,
    0xD7, 0x00, 0x00, 0x00, 0xCA, 0x10, 0x00, 0x00, 0x00, 0x3C, 0x90, 0x00, 0x00, 0x00, 0x0B, 0xA0,
    0x00, 0x00, 0x00, 0xEB, 0x10, 0x00, 0x02, 0xFB, 0x00, 0x00, 0x00, 0x05, 0xF5, 0x00, 0x00, 0x00,
    0x09, 0xD0, 0x00, 0x00, 0x00, 0x00, 0x00, 0x00, 0x8F, 0xFF, 0xFF, 0xFF, 0x88, 0xF9, 0x66, 0x66,
    0x63, 0x8F, 0x30, 0x00, 0x00, 0x08, 0xF3, 0x00, 0x00, 0x00, 0x8F, 0x30, 0x00, 0x00, 0x08, 0xF9,
    0x66, 0x66, 0x40, 0x8F, 0xFF, 0xFF, 0xFB, 0x08, 0xF3, 0x00, 0x00, 0x00, 0x8F, 0x30, 0x00, 0x00,
    0x08, 0xF3, 0x00, 0x00, 0x00, 0x8F, 0x30, 0x00, 0x00, 0x08, 0xF9, 0x66, 0x66, 0x63, 0x8F, 0xFF,
    0xFF, 0xFF, 0x90, 0x00, 0x00, 0x8F, 0x50, 0x00, 0x00, 0x1F, 0x90, 0x00, 0x00, 0x0A, 0xC0, 0x00,
    0x00, 0x00, 0x00, 0x00, 0x00, 0x8F, 0xFF, 0xFF, 0xFF, 0x88, 0xF9, 0x66, 0x66, 0x63, 0x8F, 0x30,
    0x00, 0x00, 0x08, 0xF3, 0x00, 0x00, 0x00, 0x8F, 0x30, 0x00, 0x00, 0x08, 0xF9, 0x66, 0x66, 0x40,
    0x8F, 0xFF, 0xFF, 0xFB, 0x08, 0xF3, 0x00, 0x00, 0x00, 0x8F, 0x30, 0x00, 0x00, 0x08, 0xF3, 0x00,
    0x00, 0x00, 0x8F, 0x30, 0x00, 0x00, 0x08, 0xF9, 0x66, 0x66, 0x63, 0x8F, 0xFF, 0xFF, 0xFF, 0x90,
    0x00, 0x1D, 0xE4, 0x00, 0x00, 0x2D, 0x63, 0xE5, 0x00, 0x00, 0x00, 0x00, 0x00, 0x08, 0xFF, 0xFF,
    0xFF, 0xF8, 0x8F, 0x96, 0x66, 0x66, 0x38, 0xF3, 0x00, 0x00, 0x00, 0x8F, 0x30, 0x00, 0x00, 0x08,
    0xF3, 0x00, 0x00, 0x00, 0x8F, 0x96, 0x66, 0x64, 0x08, 0xFF, 0xFF, 0xFF, 0xB0, 0x8F, 0x30, 0x00,
    0x00, 0x08, 0xF3, 0x00, 0x00, 0x00, 0x8F, 0x30, 0x00, 0x00, 0x08, 0xF3, 0x00, 0x00, 0x00, 0x8F,
    0x96, 0x66, 0x66, 0x38, 0xFF, 0xFF, 0xFF, 0xF9, 0x00, 0x00, 0x00, 0x00, 0x00, 0x0E, 0xA0, 0x3F,
    0x60, 0x00, 0xA6, 0x01, 0xB4, 0x00, 0x00, 0x00, 0x00, 0x00, 0x8F, 0xFF, 0xFF, 0xFF, 0x88, 0xF9,
    0x66, 0x66, 0x63, 0x8F, 0x30, 0x00, 0x00, 0x08, 0xF3, 0x00, 0x00, 0x00, 0x8F, 0x30, 0x00, 0x00,
    0x08, 0xF9, 0x66, 0x66, 0x40, 0x8F, 0xFF, 0xFF, 0xFB, 0x08, 0xF3, 0x00, 0x00, 0x00, 0x8F, 0x30,
    0x00, 0x00, 0x08, 0xF3, 0x00, 0x00, 0x00, 0x8F, 0x30, 0x00, 0x00, 0x08, 0xF9, 0x66, 0x66, 0x63,
    0x8F, 0xFF, 0xFF, 0xFF, 0x90, 0x2F, 0xB0, 0x00, 0x5F, 0x50, 0x00, 0x9D, 0x00, 0x00, 0x00, 0x00,
    0x6F, 0x50, 0x06, 0xF5, 0x00, 0x6F, 0x50, 0x06, 0xF5, 0x00, 0x6F, 0x50, 0x06, 0xF5, 0x00, 0x6F,
    0x50, 0x06, 0xF5, 0x00, 0x6F, 0x50, 0x06, 0xF5, 0x00, 0x6F, 0x50, 0x06, 0xF5, 0x00, 0x6F, 0x50,
    0x08, 0xF5, 0x1F, 0x90, 0xAC, 0x00, 0x00, 0x00, 0x6F, 0x50, 0x6F, 0x50, 0x6F, 0x50, 0x6F, 0x50,
    0x6F, 0x50, 0x6F, 0x50, 0x6F, 0x50, 0x6F, 0x50, 0x6F, 0x50, 0x6F, 0x50, 0x6F, 0x50, 0x6F, 0x50,
    0x6F, 0x50, 0x01, 0xDE, 0x40, 0x2D, 0x63, 0xE5, 0x00, 0x00, 0x00, 0x00, 0x6F, 0x50, 0x00, 0x6F,
    0x50, 0x00, 0x6F, 0x50, 0x00, 0x6F, 0x50, 0x00, 0x6F, 0x50, 0x00, 0x6F, 0x50, 0x00, 0x6F, 0x50,
    0x00, 0x6F, 0x50, 0x00, 0x6F, 0x50, 0x00, 0x6F, 0x50, 0x00, 0x6F, 0x50, 0x00, 0x6F, 0x50, 0x00,
    0x6F, 0x50, 0x00, 0x00, 0x00, 0x00, 0xEA, 0x03, 0xF6, 0x0A, 0x60, 0x1B, 0x40, 0x00, 0x00, 0x00,
    0x00, 0x6F, 0x50, 0x00, 0x06, 0xF5, 0x00, 0x00, 0x6F, 0x50, 0x00, 0x06, 0xF5, 0x00, 0x00, 0x6F,
    0x50, 0x00, 0x06, 0xF5, 0x00, 0x00, 0x6F, 0x50, 0x00, 0x06, 0xF5, 0x00, 0x00, 0x6F, 0x50, 0x00,
    0x06, 0xF5, 0x00, 0x00, 0x6F, 0x50, 0x00, 0x06, 0xF5, 0x00, 0x00, 0x6F, 0x50, 0x00, 0x04, 0xFF,
    0xFF, 0xE9, 0x20, 0x00, 0x04, 0xFD, 0x66, 0x8E, 0xF4, 0x00, 0x04, 0xF7, 0x00, 0x01, 0xCF, 0x10,
    0x04, 0xF7, 0x00, 0x00, 0x3F, 0x80, 0x04, 0xF7, 0x00, 0x00, 0x0D, 0xD0, 0x39, 0xFC, 0x55, 0x00,
    0x0B, 0xF0, 0xAF, 0xFF, 0xFE, 0x00, 0x0A, 0xF0, 0x04, 0xF7, 0x00, 0x00, 0x0B, 0xF0, 0x04, 0xF7,
    0x00, 0x00, 0x0D, 0xD0, 0x04, 0xF7, 0x00, 0x00, 0x3F, 0x80, 0x04, 0xF7, 0x00, 0x01, 0xDF, 0x10,
    0x04, 0xFD, 0x66, 0x9E, 0xF4, 0x00, 0x04, 0xFF, 0xFF, 0xD9, 0x20, 0x00, 0x00, 0x2D, 0xC0, 0x0E,
    0x30, 0x00, 0x0A, 0xA7, 0xB6, 0xF0, 0x00, 0x00, 0xD4, 0x08, 0xF7, 0x00, 0x00, 0x00, 0x00, 0x00,
    0x00, 0x00, 0x8F, 0x80, 0x00, 0x00, 0x5F, 0x58, 0xFF, 0x20, 0x00, 0x05, 0xF5, 0x8F, 0xFC, 0x00,
    0x00, 0x5F, 0x58, 0xFA, 0xF7, 0x00, 0x05, 0xF5, 0x8F, 0x3D, 0xF2, 0x00, 0x5F, 0x58, 0xF3, 0x3F,
    0xB0, 0x05, 0xF5, 0x8F, 0x30, 0x8F, 0x50, 0x5F, 0x58, 0xF3, 0x00, 0xDE, 0x15, 0xF5, 0x8F, 0x30,
    0x04, 0xFA, 0x5F, 0x58, 0xF3, 0x00, 0x09, 0xFA, 0xF5, 0x8F, 0x30, 0x00, 0x1E, 0xFF, 0x58, 0xF3,
    0x00, 0x00, 0x5F, 0xF5, 0x8F, 0x30, 0x00, 0x00, 0xBF, 0x50, 0x00, 0x2F, 0xB0, 0x00, 0x00, 0x00,
    0x00, 0x5F, 0x50, 0x00, 0x00, 0x00, 0x00, 0x9D, 0x00, 0x00, 0x00, 0x00, 0x00, 0x00, 0x00, 0x00,
    0x00, 0x3B, 0xEF, 0xD7, 0x00, 0x00, 0x5F, 0xE8, 0x7B, 0xFB, 0x00, 0x2F, 0xC0, 0x00, 0x06, 0xF7,
    0x08, 0xF3, 0x00, 0x00, 0x0C, 0xE0, 0xCE, 0x00, 0x00, 0x00, 0x8F, 0x2E, 0xC0, 0x00, 0x00, 0x06,
    0xF4, 0xFB, 0x00, 0x00, 0x00, 0x5F, 0x5E, 0xC0, 0x00, 0x00, 0x06, 0xF4, 0xCE, 0x00, 0x00, 0x00,
    0x8F, 0x38, 0xF3, 0x00, 0x00, 0x0C, 0xE0, 0x2F, 0xC0, 0x00, 0x06, 0xF8, 0x00, 0x5F, 0xD8, 0x7A,
    0xFC, 0x00, 0x00, 0x3B, 0xEF, 0xD7, 0x00, 0x00, 0x00, 0x00, 0x08, 0xF5, 0x00, 0x00, 0x00, 0x01,
    0xF9, 0x00, 0x00, 0x00, 0x00, 0xAC, 0x00, 0x00, 0x00, 0x00, 0x00, 0x00, 0x00, 0x00, 0x00, 0x3B,
    0xEF, 0xD7, 0x00, 0x00, 0x5F, 0xE8, 0x7B, 0xFB, 0x00, 0x2F, 0xC0, 0x00, 0x06, 0xF7, 0x08, 0xF3,
    0x00, 0x00, 0x0C, 0xE0, 0xCE, 0x00, 0x00, 0x00, 0x8F, 0x2E, 0xC0, 0x00, 0x00, 0x06, 0xF4, 0xFB,
    0x00, 0x00, 0x00, 0x5F, 0x5E, 0xC0, 0x00, 0x00, 0x06, 0xF4, 0xCE, 0x00, 0x00, 0x00, 0x8F, 0x38,
    0xF3, 0x00, 0x00, 0x0C, 0xE0, 0x2F, 0xC0, 0x00, 0x06, 0xF8, 0x00, 0x5F, 0xD8, 0x7A, 0xFC, 0x00,
    0x00, 0x3B, 0xEF, 0xD7, 0x00, 0x00, 0x00, 0x01, 0xDE, 0x40, 0x00, 0x00, 0x02, 0xD6, 0x3E, 0x50,
    0x00, 0x00, 0x00, 0x00, 0x00, 0x00, 0x00, 0x03, 0xBE, 0xFD, 0x70, 0x00, 0x05, 0xFE, 0x87, 0xBF,
    0xB0, 0x02, 0xFC, 0x00, 0x00, 0x6F, 0x70, 0x8F, 0x30, 0x00, 0x00, 0xCE, 0x0C, 0xE0, 0x00, 0x00,
    0x08, 0xF2, 0xEC, 0x00, 0x00, 0x00, 0x6F, 0x4F, 0xB0, 0x00, 0x00, 0x05, 0xF5, 0xEC, 0x00, 0x00,
    0x00, 0x6F, 0x4C, 0xE0, 0x00, 0x00, 0x08, 0xF3, 0x8F, 0x30, 0x00, 0x00, 0xCE, 0x02, 0xFC, 0x00,
    0x00, 0x6F, 0x80, 0x05, 0xFD, 0x87, 0xAF, 0xC0, 0x00, 0x03, 0xBE, 0xFD, 0x70, 0x00, 0x00, 0x2D,
    0xC0, 0x0E, 0x30, 0x00, 0x0A, 0xA7, 0xB6, 0xF0, 0x00, 0x00, 0xD4, 0x08, 0xF7, 0x00, 0x00, 0x00,
    0x00, 0x00, 0x00, 0x00, 0x00, 0x3B, 0xEF, 0xD7, 0x00, 0x00, 0x5F, 0xE8, 0x7B, 0xFB, 0x00, 0x2F,
    0xC0, 0x00, 0x06, 0xF7, 0x08, 0xF3, 0x00, 0x00, 0x0C, 0xE0, 0xCE, 0x00, 0x00, 0x00, 0x8F, 0x2E,
    0xC0, 0x00, 0x00, 0x06, 0xF4, 0xFB, 0x00, 0x00, 0x00, 0x5F, 0x5E, 0xC0, 0x00, 0x00, 0x06, 0xF4,
    0xCE, 0x00, 0x00, 0x00, 0x8F, 0x38, 0xF3, 0x00, 0x00, 0x0C, 0xE0, 0x2F, 0xC0, 0x00, 0x06, 0xF8,
    0x00, 0x5F, 0xD8, 0x7A, 0xFC, 0x00, 0x00, 0x3B, 0xEF, 0xD7, 0x00, 0x00, 0x00, 0x0B, 0x70, 0x1C,
    0x40, 0x00, 0x00, 0xE9, 0x02, 0xF6, 0x00, 0x00, 0x00, 0x00, 0x00, 0x00, 0x00, 0x03, 0xBE, 0xFD,
    0x70, 0x00, 0x05, 0xFE, 0x87, 0xBF, 0xB0, 0x02, 0xFC, 0x00, 0x00, 0x6F, 0x70, 0x8F, 0x30, 0x00,
    0x00, 0xCE, 0x0C, 0xE0, 0x00, 0x00, 0x08, 0xF2, 0xEC, 0x00, 0x00, 0x00, 0x6F, 0x4F, 0xB0, 0x00,
    0x00, 0x05, 0xF5, 0xEC, 0x00, 0x00, 0x00, 0x6F, 0x4C, 0xE0, 0x00, 0x00, 0x08, 0xF3, 0x8F, 0x30,
    0x00, 0x00, 0xCE, 0x02, 0xFC, 0x00, 0x00, 0x6F, 0x80, 0x05, 0xFD, 0x87, 0xAF, 0xC0, 0x00, 0x03,
    0xBE, 0xFD, 0x70, 0x00, 0x09, 0x50, 0x00, 0x1B, 0x20, 0xBF, 0x50, 0x1C, 0xF4, 0x00, 0xBF, 0x6C,
    0xF4, 0x00, 0x00, 0xCF, 0xF4, 0x00, 0x00, 0x0D, 0xFF, 0x50, 0x00, 0x0C, 0xF5, 0xCF, 0x50, 0x0C,
    0xF5, 0x00, 0xCF, 0x40, 0xA5, 0x00, 0x00, 0xB3, 0x00, 0x00, 0x00, 0x00, 0x04, 0x20, 0x03, 0xBE,
    0xFD, 0x74, 0xE0, 0x05, 0xFE, 0x87, 0xBF, 0xF5, 0x02, 0xFC, 0x00, 0x00, 0xFF, 0x70, 0x8F, 0x30,
    0x00, 0x2E, 0xFD, 0x0C, 0xE0, 0x00, 0x0C, 0x78, 0xF2, 0xEC, 0x00, 0x06, 0xC0, 0x6F, 0x4F, 0xB0,
    0x01, 0xE3, 0x05, 0xF5, 0xEC, 0x00, 0xA8, 0x00, 0x6F, 0x4C, 0xE0, 0x5E, 0x00, 0x08, 0xF3, 0x8F,
    0x4E, 0x40, 0x00, 0xCE, 0x01, 0xFF, 0xB0, 0x00, 0x6F, 0x80, 0x08, 0xFF, 0x87, 0xAF, 0xC0, 0x00,
    0xD9, 0xBF, 0xFD, 0x70, 0x00, 0x39, 0x00, 0x00, 0x00, 0x00, 0x00, 0x00, 0x2F, 0xB0, 0x00, 0x00,
    0x00, 0x05, 0xF5, 0x00, 0x00, 0x00, 0x00, 0x9D, 0x00, 0x00, 0x00, 0x00, 0x00, 0x00, 0x00, 0xCE,
    0x00, 0x00, 0x03, 0xF8, 0xCE, 0x00, 0x00, 0x03, 0xF8, 0xCE, 0x00, 0x00, 0x03, 0xF8, 0xCE, 0x00,
    0x00, 0x03, 0xF8, 0xCE, 0x00, 0x00, 0x03, 0xF8, 0xCE, 0x00, 0x00, 0x03, 0xF8, 0xCE, 0x00, 0x00,
    0x03, 0xF8, 0xCE, 0x00, 0x00, 0x03, 0xF8, 0xCE, 0x00, 0x00, 0x03, 0xF7, 0xAF, 0x00, 0x00, 0x04,
    0xF6, 0x6F, 0x60, 0x00, 0x0B, 0xF2, 0x0C, 0xFA, 0x67, 0xCF, 0x70, 0x00, 0x7D, 0xFF, 0xB5, 0x00,
    0x00, 0x00, 0x08, 0xF5, 0x00, 0x00, 0x00, 0x1F, 0x90, 0x00, 0x00, 0x00, 0xAC, 0x00, 0x00, 0x00,
    0x00, 0x00, 0x00, 0x00, 0xCE, 0x00, 0x00, 0x03, 0xF8, 0xCE, 0x00, 0x00, 0x03, 0xF8, 0xCE, 0x00,
    0x00, 0x03, 0xF8, 0xCE, 0x00, 0x00, 0x03, 0xF8, 0xCE, 0x00, 0x00, 0x03, 0xF8, 0xCE, 0x00, 0x00,
    0x03, 0xF8, 0xCE, 0x00, 0x00, 0x03, 0xF8, 0xCE, 0x00, 0x00, 0x03, 0xF8, 0xCE, 0x00, 0x00, 0x03,
    0xF7, 0xAF, 0x00, 0x00, 0x04, 0xF6, 0x6F, 0x60, 0x00, 0x0B, 0xF2, 0x0C, 0xFA, 0x67, 0xCF, 0x70,
    0x00, 0x7D, 0xFF, 0xB5, 0x00, 0x00, 0x01, 0xDE, 0x40, 0x00, 0x00, 0x2D, 0x63, 0xE5, 0x00, 0x00,
    0x00, 0x00, 0x00, 0x00, 0xCE, 0x00, 0x00, 0x03, 0xF8, 0xCE, 0x00, 0x00, 0x03, 0xF8, 0xCE, 0x00,
    0x00, 0x03, 0xF8, 0xCE, 0x00, 0x00, 0x03, 0xF8, 0xCE, 0x00, 0x00, 0x03, 0xF8, 0xCE, 0x00, 0x00,
    0x03, 0xF8, 0xCE, 0x00, 0x00, 0x03, 0xF8, 0xCE, 0x00, 0x00, 0x03, 0xF8, 0xCE, 0x00, 0x00, 0x03,
    0xF7, 0xAF, 0x00, 0x00, 0x04, 0xF6, 0x6F, 0x60, 0x00, 0x0B, 0xF2, 0x0C, 0xFA, 0x67, 0xCF, 0x70,
    0x00, 0x7D, 0xFF, 0xB5, 0x00, 0x00, 0xB7, 0x01, 0xC4, 0x00, 0x00, 0xE9, 0x02, 0xF6, 0x00, 0x00,
    0x00, 0x00, 0x00, 0x00, 0xCE, 0x00, 0x00, 0x03, 0xF8, 0xCE, 0x00, 0x00, 0x03, 0xF8, 0xCE, 0x00,
    0x00, 0x03, 0xF8, 0xCE, 0x00, 0x00, 0x03, 0xF8, 0xCE, 0x00, 0x00, 0x03, 0xF8, 0xCE, 0x00, 0x00,
    0x03, 0xF8, 0xCE, 0x00, 0x00, 0x03, 0xF8, 0xCE, 0x00, 0x00, 0x03, 0xF8, 0xCE, 0x00, 0x00, 0x03,
    0xF7, 0xAF, 0x00, 0x00, 0x04, 0xF6, 0x6F, 0x60, 0x00, 0x0B, 0xF2, 0x0C, 0xFA, 0x67, 0xCF, 0x70,
    0x00, 0x7D, 0xFF, 0xB5, 0x00, 0x00, 0x00, 0x08, 0xF5, 0x00, 0x00, 0x00, 0x01, 0xF9, 0x00, 0x00,
    0x00, 0x00, 0xAC, 0x00, 0x00, 0x00, 0x00, 0x00, 0x00, 0x00, 0x00, 0x9F, 0x50, 0x00, 0x00, 0x8F,
    0x61, 0xFD, 0x00, 0x00, 0x1F, 0xD0, 0x08, 0xF5, 0x00, 0x08, 0xF4, 0x00, 0x0E, 0xD0, 0x01, 0xFC,
    0x00, 0x00, 0x6F, 0x50, 0x9F, 0x30, 0x00, 0x00, 0xDD, 0x2F, 0xA0, 0x00, 0x00, 0x05, 0xFD, 0xF2,
    0x00, 0x00, 0x00, 0x0C, 0xF9, 0x00, 0x00, 0x00, 0x00, 0x7F, 0x30, 0x00, 0x00, 0x00, 0x07, 0xF3,
    0x00, 0x00, 0x00, 0x00, 0x7F, 0x30, 0x00, 0x00, 0x00, 0x07, 0xF3, 0x00, 0x00, 0x00, 0x00, 0x7F,
    0x30, 0x00, 0x00, 0x8F, 0x10, 0x00, 0x00, 0x08, 0xF1, 0x00, 0x00, 0x00, 0x8F, 0x10, 0x00, 0x00,
    0x08, 0xFF, 0xFF, 0xEA, 0x20, 0x8F, 0x65, 0x57, 0xEF, 0x28, 0xF1, 0x00, 0x02, 0xFA, 0x8F, 0x10,
    0x00, 0x0D, 0xC8, 0xF1, 0x00, 0x01, 0xFA, 0x8F, 0x65, 0x57, 0xEF, 0x28, 0xFF, 0xFF, 0xEA, 0x20,
    0x8F, 0x10, 0x00, 0x00, 0x08, 0xF1, 0x00, 0x00, 0x00, 0x8F, 0x10, 0x00, 0x00, 0x00, 0x03, 0xCF,
    0xE9, 0x00, 0x02, 0xFC, 0x68, 0xF9, 0x00, 0x9F, 0x10, 0x0B, 0xE0, 0x0B, 0xE0, 0x00, 0xAE, 0x00,
    0xCD, 0x00, 0x1E, 0xA0, 0x0C, 0xD0, 0x08, 0xF2, 0x00, 0xCD, 0x00, 0xBE, 0x00, 0x0C, 0xD0, 0x08,
    0xF4, 0x00, 0xCD, 0x00, 0x0C, 0xF6, 0x0C, 0xD0, 0x00, 0x0B, 0xF5, 0xCD, 0x00, 0x00, 0x0D, 0xDC,
    0xD0, 0x00, 0x00, 0xCE, 0xCD, 0x0B, 0x85, 0x9F, 0x8C, 0xD0, 0x9E, 0xFE, 0x80, 0x00, 0x14, 0x20,
    0x00, 0x00, 0x01, 0xDD, 0x00, 0x00, 0x00, 0x03, 0xF7, 0x00, 0x00, 0x00, 0x06, 0xB0, 0x00, 0x00,
    0x00, 0x00, 0x00, 0x00, 0x04, 0xBE, 0xFB, 0x20, 0x05, 0xFB, 0x67, 0xEE, 0x10, 0xAB, 0x00, 0x05,
    0xF5, 0x00, 0x00, 0x00, 0x2F, 0x70, 0x05, 0xCE, 0xFF, 0xF7, 0x07, 0xF9, 0x32, 0x4F, 0x70, 0xFB,
    0x00, 0x02, 0xF7, 0x0F, 0xC0, 0x00, 0x9F, 0x70, 0xAF, 0xA7, 0xAF, 0xF8, 0x00, 0x9E, 0xFB, 0x3F,
    0xB0, 0x00, 0x00, 0x01, 0x42, 0x00, 0x00, 0x00, 0xAF, 0x30, 0x00, 0x00, 0x3F, 0x50, 0x00, 0x00,
    0x08, 0x80, 0x00, 0x00, 0x00, 0x00, 0x00, 0x00, 0x04, 0xBE, 0xFB, 0x20, 0x05, 0xFB, 0x67, 0xEE,
    0x10, 0xAB, 0x00, 0x05, 0xF5, 0x00, 0x00, 0x00, 0x2F, 0x70, 0x05, 0xCE, 0xFF, 0xF7, 0x07, 0xF9,
    0x32, 0x4F, 0x70, 0xFB, 0x00, 0x02, 0xF7, 0x0F, 0xC0, 0x00, 0x9F, 0x70, 0xAF, 0xA7, 0xAF, 0xF8,
    0x00, 0x9E, 0xFB, 0x3F, 0xB0, 0x00, 0x00, 0x23, 0x00, 0x00, 0x00, 0x4E, 0xD7, 0x00, 0x00, 0x2B,
    0x31, 0xA5, 0x00, 0x00, 0x00, 0x00, 0x00, 0x00, 0x4B, 0xEF, 0xB2, 0x00, 0x5F, 0xB6, 0x7E, 0xE1,
    0x0A, 0xB0, 0x00, 0x5F, 0x50, 0x00, 0x00, 0x02, 0xF7, 0x00, 0x5C, 0xEF, 0xFF, 0x70, 0x7F, 0x93,
    0x24, 0xF7, 0x0F, 0xB0, 0x00, 0x2F, 0x70, 0xFC, 0x00, 0x09, 0xF7, 0x0A, 0xFA, 0x7A, 0xFF, 0x80,
    0x09, 0xEF, 0xB3, 0xFB, 0x00, 0x02, 0x10, 0x03, 0x10, 0x04, 0xFE, 0x20, 0xF2, 0x00, 0xB8, 0x3D,
    0xAE, 0x00, 0x0A, 0x30, 0x4B, 0x30, 0x00, 0x00, 0x00, 0x00, 0x00, 0x04, 0xBE, 0xFB, 0x20, 0x05,
    0xFB, 0x67, 0xEE, 0x10, 0xAB, 0x00, 0x05, 0xF5, 0x00, 0x00, 0x00, 0x2F, 0x70, 0x05, 0xCE, 0xFF,
    0xF7, 0x07, 0xF9, 0x32, 0x4F, 0x70, 0xFB, 0x00, 0x02, 0xF7, 0x0F, 0xC0, 0x00, 0x9F, 0x70, 0xAF,
    0xA7, 0xAF, 0xF8, 0x00, 0x9E, 0xFB, 0x3F, 0xB0, 0x00, 0x32, 0x00, 0x41, 0x00, 0x0F, 0xB0, 0x3F,
    0x70, 0x00, 0x63, 0x00, 0x72, 0x00, 0x00, 0x00, 0x00, 0x00, 0x00, 0x4B, 0xEF, 0xB2, 0x00, 0x5F,
    0xB6, 0x7E, 0xE1, 0x0A, 0xB0, 0x00, 0x5F, 0x50, 0x00, 0x00, 0x02, 0xF7, 0x00, 0x5C, 0xEF, 0xFF,
    0x70, 0x7F, 0x93, 0x24, 0xF7, 0x0F, 0xB0, 0x00, 0x2F, 0x70, 0xFC, 0x00, 0x09, 0xF7, 0x0A, 0xFA,
    0x7A, 0xFF, 0x80, 0x09, 0xEF, 0xB3, 0xFB, 0x00, 0x04, 0xDC, 0x30, 0x00, 0x00, 0xC1, 0x2B, 0x00,
    0x00, 0x0D, 0x12, 0xB0, 0x00, 0x00, 0x4C, 0xC3, 0x00, 0x00, 0x00, 0x00, 0x00, 0x00, 0x04, 0xBE,
    0xFB, 0x20, 0x05, 0xFB, 0x67, 0xEE, 0x10, 0xAB, 0x00, 0x05, 0xF5, 0x00, 0x00, 0x00, 0x2F, 0x70,
    0x05, 0xCE, 0xFF, 0xF7, 0x07, 0xF9, 0x32, 0x4F, 0x70, 0xFB, 0x00, 0x02, 0xF7, 0x0F, 0xC0, 0x00,
    0x9F, 0x70, 0xAF, 0xA7, 0xAF, 0xF8, 0x00, 0x9E, 0xFB, 0x3F, 0xB0, 0x00, 0x7D, 0xFE, 0x90, 0x4C,
    0xFE, 0xA1, 0x00, 0x9F, 0xA6, 0x9F, 0xFF, 0xC6, 0x7E, 0xD0, 0x0E, 0xB0, 0x00, 0xAF, 0xD0, 0x00,
    0x4F, 0x50, 0x00, 0x13, 0x3D, 0xFC, 0x44, 0x44, 0xF8, 0x03, 0xCF, 0xFF, 0xFF, 0xFF, 0xFF, 0xFF,
    0x90, 0xEE, 0x40, 0x0B, 0xF6, 0x00, 0x00, 0x00, 0x3F, 0x70, 0x00, 0xAF, 0x80, 0x00, 0x00, 0x03,
    0xF7, 0x00, 0x0F, 0xFE, 0x00, 0x00, 0x10, 0x0E, 0xF7, 0x6C, 0xFA, 0xFC, 0x66, 0x9F, 0x30, 0x2C,
    0xFF, 0xB4, 0x03, 0xBF, 0xFD, 0x70, 0x00, 0x3B, 0xFF, 0xC4, 0x00, 0x2F, 0xD6, 0x7C, 0xF4, 0x0A,
    0xE1, 0x00, 0x0D, 0xB0, 0xF9, 0x00, 0x00, 0x00, 0x2F, 0x70, 0x00, 0x00, 0x02, 0xF7, 0x00, 0x00,
    0x00, 0x0F, 0x90, 0x00, 0x00, 0x00, 0xAE, 0x10, 0x00, 0xDB, 0x02, 0xFD, 0x66, 0xCF, 0x30, 0x03,
    0xBF, 0xFB, 0x30, 0x00, 0x00, 0xCA, 0x10, 0x00, 0x00, 0x03, 0xC9, 0x00, 0x00, 0x00, 0x0B, 0xA0,
    0x00, 0x00, 0x0E, 0xB1, 0x00, 0x00, 0x14, 0x20, 0x00, 0x00, 0x01, 0xDD, 0x00, 0x00, 0x00, 0x03,
    0xF7, 0x00, 0x00, 0x00, 0x06, 0xB0, 0x00, 0x00, 0x00, 0x00, 0x00, 0x00, 0x02, 0xAF, 0xFB, 0x30,
    0x01, 0xEE, 0x76, 0xDF, 0x10, 0xAF, 0x10, 0x01, 0xF9, 0x0F, 0xF5, 0x55, 0x5D, 0xC2, 0xFF, 0xFF,
    0xFF, 0xFE, 0x2F, 0x70, 0x00, 0x00, 0x00, 0xFA, 0x00, 0x00, 0x00, 0x0B, 0xF2, 0x00, 0x05, 0x10,
    0x2F, 0xE7, 0x59, 0xF6, 0x00, 0x2A, 0xEF, 0xC5, 0x00, 0x00, 0x00, 0x01, 0x42, 0x00, 0x00, 0x00,
    0xAF, 0x30, 0x00, 0x00, 0x3F, 0x50, 0x00, 0x00, 0x08, 0x80, 0x00, 0x00, 0x00, 0x00, 0x00, 0x00,
    0x02, 0xAF, 0xFB, 0x30, 0x01, 0xEE, 0x76, 0xDF, 0x10, 0xAF, 0x10, 0x01, 0xF9, 0x0F, 0xF5, 0x55,
    0x5D, 0xC2, 0xFF, 0xFF, 0xFF, 0xFE, 0x2F, 0x70, 0x00, 0x00, 0x00, 0xFA, 0x00, 0x00, 0x00, 0x0B,
    0xF2, 0x00, 0x05, 0x10, 0x2F, 0xE7, 0x59, 0xF6, 0x00, 0x2A, 0xEF, 0xC5, 0x00, 0x00, 0x00, 0x23,
    0x00, 0x00, 0x00, 0x4E, 0xD7, 0x00, 0x00, 0x2B, 0x31, 0xA5, 0x00, 0x00, 0x00, 0x00, 0x00, 0x00,
    0x2A, 0xFF, 0xB3, 0x00, 0x1E, 0xE7, 0x6D, 0xF1, 0x0A, 0xF1, 0x00, 0x1F, 0x90, 0xFF, 0x55, 0x55,
    0xDC, 0x2F, 0xFF, 0xFF, 0xFF, 0xE2, 0xF7, 0x00, 0x00, 0x00, 0x0F, 0xA0, 0x00, 0x00, 0x00, 0xBF,
    0x20, 0x00, 0x51, 0x02, 0xFE, 0x75, 0x9F, 0x60, 0x02, 0xAE, 0xFC, 0x50, 0x00, 0x32, 0x00, 0x41,
    0x00, 0x0F, 0xB0, 0x3F, 0x70, 0x00, 0x63, 0x00, 0x72, 0x00, 0x00, 0x00, 0x00, 0x00, 0x00, 0x2A,
    0xFF, 0xB3, 0x00, 0x1E, 0xE7, 0x6D, 0xF1, 0x0A, 0xF1, 0x00, 0x1F, 0x90, 0xFF, 0x55, 0x55, 0xDC,
    0x2F, 0xFF, 0xFF, 0xFF, 0xE2, 0xF7, 0x00, 0x00, 0x00, 0x0F, 0xA0, 0x00, 0x00, 0x00, 0xBF, 0x20,
    0x00, 0x51, 0x02, 0xFE, 0x75, 0x9F, 0x60, 0x02, 0xAE, 0xFC, 0x50, 0x28, 0x40, 0x00, 0xBF, 0x10,
    0x01, 0xE9, 0x00, 0x03, 0x70, 0x00, 0x00, 0x00, 0x0A, 0xF0, 0x00, 0xAF, 0x00, 0x0A, 0xF0, 0x00,
    0xAF, 0x00, 0x0A, 0xF0, 0x00, 0xAF, 0x00, 0x0A, 0xF0, 0x00, 0xAF, 0x00, 0x0A, 0xF0, 0x00, 0xAF,
    0x00, 0x02, 0x84, 0x0C, 0xE1, 0x5F, 0x30, 0x64, 0x00, 0x00, 0x00, 0xAF, 0x00, 0xAF, 0x00, 0xAF,
    0x00, 0xAF, 0x00, 0xAF, 0x00, 0xAF, 0x00, 0xAF, 0x00, 0xAF, 0x00, 0xAF, 0x00, 0xAF, 0x00, 0x00,
    0x57, 0x00, 0x07, 0xDA, 0xB0, 0x27, 0x10, 0x64, 0x00, 0x00, 0x00, 0x00, 0xAF, 0x00, 0x00, 0xAF,
    0x00, 0x00, 0xAF, 0x00, 0x00, 0xAF, 0x00, 0x00, 0xAF, 0x00, 0x00, 0xAF, 0x00, 0x00, 0xAF, 0x00,
    0x00, 0xAF, 0x00, 0x00, 0xAF, 0x00, 0x00, 0xAF, 0x00, 0x03, 0x20, 0x04, 0x10, 0xFB, 0x03, 0xF7,
    0x06, 0x30, 0x07, 0x20, 0x00, 0x00, 0x00, 0x00, 0xAF, 0x00, 0x00, 0x0A, 0xF0, 0x00, 0x00, 0xAF,
    0x00, 0x00, 0x0A, 0xF0, 0x00, 0x00, 0xAF, 0x00, 0x00, 0x0A, 0xF0, 0x00, 0x00, 0xAF, 0x00, 0x00,
    0x0A, 0xF0, 0x00, 0x00, 0xAF, 0x00, 0x00, 0x0A, 0xF0, 0x00, 0x06, 0xC6, 0x00, 0x21, 0x00, 0x6D,
    0xFE, 0xAE, 0x50, 0x00, 0x08, 0xFF, 0x60, 0x00, 0x05, 0xE8, 0xEE, 0x10, 0x00, 0x01, 0x03, 0xF9,
    0x00, 0x1A, 0xFF, 0xAD, 0xF0, 0x0D, 0xF8, 0x68, 0xFF, 0x37, 0xF5, 0x00, 0x09, 0xF5, 0xCE, 0x00,
    0x00, 0x4F, 0x6D, 0xC0, 0x00, 0x04, 0xF6, 0xCE, 0x00, 0x00, 0x6F, 0x37, 0xF5, 0x00, 0x0D, 0xE0,
    0x0D, 0xF8, 0x5B, 0xF5, 0x00, 0x19, 0xEF, 0xC4, 0x00, 0x00, 0x54, 0x00, 0x62, 0x06, 0xFE, 0x40,
    0xF2, 0x0C, 0x61, 0xDD, 0xD0, 0x07, 0x10, 0x27, 0x10, 0x00, 0x00, 0x00, 0x00, 0xCC, 0x4C, 0xFD,
    0x60, 0xCF, 0xE8, 0x7C, 0xF4, 0xCF, 0x30, 0x01, 0xF9, 0xDF, 0x00, 0x00, 0xEB, 0xDF, 0x00, 0x00,
    0xEB, 0xCD, 0x00, 0x00, 0xEB, 0xCD, 0x00, 0x00, 0xEB, 0xCD, 0x00, 0x00, 0xEB, 0xCD, 0x00, 0x00,
    0xEB, 0xCD, 0x00, 0x00, 0xEB, 0x00, 0x14, 0x20, 0x00, 0x00, 0x00, 0x1D, 0xD0, 0x00, 0x00, 0x00,
    0x03, 0xF7, 0x00, 0x00, 0x00, 0x00, 0x6B, 0x00, 0x00, 0x00, 0x00, 0x00, 0x00, 0x00, 0x00, 0x2A,
    0xEF, 0xC4, 0x00, 0x02, 0xEE, 0x76, 0xCF, 0x50, 0x0A, 0xF2, 0x00, 0x0D, 0xE0, 0x0F, 0xA0, 0x00,
    0x06, 0xF4, 0x2F, 0x70, 0x00, 0x03, 0xF6, 0x2F, 0x70, 0x00, 0x03, 0xF7, 0x0F, 0xA0, 0x00, 0x06,
    0xF4, 0x0B, 0xF2, 0x00, 0x0C, 0xE0, 0x02, 0xEE, 0x66, 0xCF, 0x50, 0x00, 0x2A, 0xEF, 0xC4, 0x00,
    0x00, 0x00, 0x01, 0x42, 0x00, 0x00, 0x00, 0x0A, 0xF3, 0x00, 0x00, 0x00, 0x3F, 0x50, 0x00, 0x00,
    0x00, 0x88, 0x00, 0x00, 0x00, 0x00, 0x00, 0x00, 0x00, 0x00, 0x2A, 0xEF, 0xC4, 0x00, 0x02, 0xEE,
    0x76, 0xCF, 0x50, 0x0A, 0xF2, 0x00, 0x0D, 0xE0, 0x0F, 0xA0, 0x00, 0x06, 0xF4, 0x2F, 0x70, 0x00,
    0x03, 0xF6, 0x2F, 0x70, 0x00, 0x03, 0xF7, 0x0F, 0xA0, 0x00, 0x06, 0xF4, 0x0B, 0xF2, 0x00, 0x0C,
    0xE0, 0x02, 0xEE, 0x66, 0xCF, 0x50, 0x00, 0x2A, 0xEF, 0xC4, 0x00, 0x00, 0x00, 0x23, 0x00, 0x00,
    0x00, 0x04, 0xED, 0x70, 0x00, 0x00, 0x2B, 0x31, 0xA5, 0x00, 0x00, 0x00, 0x00, 0x00, 0x00, 0x00,
    0x2A, 0xEF, 0xC4, 0x00, 0x02, 0xEE, 0x76, 0xCF, 0x50, 0x0A, 0xF2, 0x00, 0x0D, 0xE0, 0x0F, 0xA0,
    0x00, 0x06, 0xF4, 0x2F, 0x70, 0x00, 0x03, 0xF6, 0x2F, 0x70, 0x00, 0x03, 0xF7, 0x0F, 0xA0, 0x00,
    0x06, 0xF4, 0x0B, 0xF2, 0x00, 0x0C, 0xE0, 0x02, 0xEE, 0x66, 0xCF, 0x50, 0x00, 0x2A, 0xEF, 0xC4,
    0x00, 0x00, 0x02, 0x10, 0x03, 0x10, 0x00, 0x4F, 0xE2, 0x0F, 0x20, 0x00, 0xB8, 0x3D, 0xAE, 0x00,
    0x00, 0xA3, 0x04, 0xB3, 0x00, 0x00, 0x00, 0x00, 0x00, 0x00, 0x00, 0x2A, 0xEF, 0xC4, 0x00, 0x02,
    0xEE, 0x76, 0xCF, 0x50, 0x0A, 0xF2, 0x00, 0x0D, 0xE0, 0x0F, 0xA0, 0x00, 0x06, 0xF4, 0x2F, 0x70,
    0x00, 0x03, 0xF6, 0x2F, 0x70, 0x00, 0x03, 0xF7, 0x0F, 0xA0, 0x00, 0x06, 0xF4, 0x0B, 0xF2, 0x00,
    0x0C, 0xE0, 0x02, 0xEE, 0x66, 0xCF, 0x50, 0x00, 0x2A, 0xEF, 0xC4, 0x00, 0x00, 0x32, 0x00, 0x41,
    0x00, 0x00, 0xFB, 0x03, 0xF7, 0x00, 0x00, 0x63, 0x00, 0x72, 0x00, 0x00, 0x00, 0x00, 0x00, 0x00,
    0x00, 0x2A, 0xEF, 0xC4, 0x00, 0x02, 0xEE, 0x76, 0xCF, 0x50, 0x0A, 0xF2, 0x00, 0x0D, 0xE0, 0x0F,
    0xA0, 0x00, 0x06, 0xF4, 0x2F, 0x70, 0x00, 0x03, 0xF6, 0x2F, 0x70, 0x00, 0x03, 0xF7, 0x0F, 0xA0,
    0x00, 0x06, 0xF4, 0x0B, 0xF2, 0x00, 0x0C, 0xE0, 0x02, 0xEE, 0x66, 0xCF, 0x50, 0x00, 0x2A, 0xEF,
    0xC4, 0x00, 0x00, 0x00, 0xAC, 0x00, 0x00, 0x00, 0x00, 0xBD, 0x00, 0x00, 0x00, 0x00, 0x00, 0x00,
    0x00, 0x00, 0x00, 0x00, 0x00, 0x00, 0x6F, 0xFF, 0xFF, 0xFF, 0xF6, 0x6F, 0xFF, 0xFF, 0xFF, 0xF6,
    0x00, 0x00, 0x00, 0x00, 0x00, 0x00, 0x00, 0x00, 0x00, 0x00, 0x00, 0x00, 0xBD, 0x00, 0x00, 0x00,
    0x00, 0xAC, 0x00, 0x00, 0x00, 0x00, 0x00, 0x0A, 0x60, 0x00, 0x2A, 0xEF, 0xEF, 0x00, 0x02, 0xEE,
    0x76, 0xFF, 0x50, 0x0A, 0xF2, 0x02, 0xFD, 0xE0, 0x0F, 0xA0, 0x0A, 0x76, 0xF4, 0x2F, 0x70, 0x2E,
    0x03, 0xF6, 0x2F, 0x70, 0x97, 0x03, 0xF6, 0x0F, 0xA1, 0xE0, 0x06, 0xF4, 0x0B, 0xFB, 0x80, 0x0C,
    0xE0, 0x02, 0xFF, 0x86, 0xCF, 0x50, 0x00, 0xAF, 0xEF, 0xC4, 0x00, 0x01, 0xE1, 0x00, 0x00, 0x00,
    0x02, 0x84, 0x00, 0x00, 0x00, 0xBF, 0x10, 0x00, 0x00, 0x1E, 0x90, 0x00, 0x00, 0x03, 0x70, 0x00,
    0x00, 0x00, 0x00, 0x00, 0xCD, 0x00, 0x00, 0xFB, 0xCD, 0x00, 0x00, 0xFB, 0xCD, 0x00, 0x00, 0xFB,
    0xCD, 0x00, 0x00, 0xFB, 0xCD, 0x00, 0x00, 0xFB, 0xCD, 0x00, 0x00, 0xFB, 0xCD, 0x00, 0x00, 0xFB,
    0xAF, 0x00, 0x02, 0xFB, 0x5F, 0xC6, 0x8E, 0xFB, 0x07, 0xDF, 0xD6, 0xEB, 0x00, 0x00, 0x28, 0x40,
    0x00, 0x00, 0xCE, 0x10, 0x00, 0x05, 0xF3, 0x00, 0x00, 0x06, 0x40, 0x00, 0x00, 0x00, 0x00, 0x00,
    0xCD, 0x00, 0x00, 0xFB, 0xCD, 0x00, 0x00, 0xFB, 0xCD, 0x00, 0x00, 0xFB, 0xCD, 0x00, 0x00, 0xFB,
    0xCD, 0x00, 0x00, 0xFB, 0xCD, 0x00, 0x00, 0xFB, 0xCD, 0x00, 0x00, 0xFB, 0xAF, 0x00, 0x02, 0xFB,
    0x5F, 0xC6, 0x8E, 0xFB, 0x07, 0xDF, 0xD6, 0xEB, 0x00, 0x05, 0x70, 0x00, 0x00, 0x7D, 0xAB, 0x00,
    0x02, 0x71, 0x06, 0x40, 0x00, 0x00, 0x00, 0x00, 0xCD, 0x00, 0x00, 0xFB, 0xCD, 0x00, 0x00, 0xFB,
    0xCD, 0x00, 0x00, 0xFB, 0xCD, 0x00, 0x00, 0xFB, 0xCD, 0x00, 0x00, 0xFB, 0xCD, 0x00, 0x00, 0xFB,
    0xCD, 0x00, 0x00, 0xFB, 0xAF, 0x00, 0x02, 0xFB, 0x5F, 0xC6, 0x8E, 0xFB, 0x07, 0xDF, 0xD6, 0xEB,
    0x03, 0x20, 0x04, 0x10, 0x0F, 0xB0, 0x3F, 0x70, 0x06, 0x30, 0x07, 0x20, 0x00, 0x00, 0x00, 0x00,
    0xCD, 0x00, 0x00, 0xFB, 0xCD, 0x00, 0x00, 0xFB, 0xCD, 0x00, 0x00, 0xFB, 0xCD, 0x00, 0x00, 0xFB,
    0xCD, 0x00, 0x00, 0xFB, 0xCD, 0x00, 0x00, 0xFB, 0xCD, 0x00, 0x00, 0xFB, 0xAF, 0x00, 0x02, 0xFB,
    0x5F, 0xC6, 0x8E, 0xFB, 0x07, 0xDF, 0xD6, 0xEB, 0x00, 0x00, 0x28, 0x40, 0x00, 0x00, 0x0C, 0xE1,
    0x00, 0x00, 0x05, 0xF3, 0x00, 0x00, 0x00, 0x64, 0x00, 0x00, 0x00, 0x00, 0x00, 0x00, 0x0A, 0xF2,
    0x00, 0x09, 0xF2, 0x4F, 0x70, 0x00, 0xEC, 0x00, 0xEC, 0x00, 0x2F, 0x70, 0x09, 0xF1, 0x07, 0xF2,
    0x00, 0x4F, 0x60, 0xCC, 0x00, 0x00, 0xEB, 0x1F, 0x70, 0x00, 0x09, 0xF6, 0xF2, 0x00, 0x00, 0x3F,
    0xFC, 0x00, 0x00, 0x00, 0xEF, 0x70, 0x00, 0x00, 0x0D, 0xF2, 0x00, 0x00, 0x00, 0xAD, 0x00, 0x00,
    0x00, 0x1F, 0x70, 0x00, 0x01, 0x7D, 0xE1, 0x00, 0x00, 0x3F, 0xC3, 0x00, 0x00, 0x00, 0xBF, 0x00,
    0x00, 0x00, 0x0B, 0xF0, 0x00, 0x00, 0x00, 0xBF, 0x00, 0x00, 0x00, 0x0B, 0xF0, 0x00, 0x00, 0x00,
    0xBF, 0x5D, 0xFD, 0x70, 0x0B, 0xFE, 0x86, 0xDF, 0x70, 0xBF, 0x20, 0x00, 0xDE, 0x0B, 0xF0, 0x00,
    0x07, 0xF2, 0xEF, 0x00, 0x00, 0x5F, 0x4F, 0xF0, 0x00, 0x05, 0xF4, 0xCF, 0x00, 0x00, 0x7F, 0x2B,
    0xF1, 0x00, 0x0D, 0xE0, 0xBF, 0xE7, 0x6C, 0xF6, 0x0B, 0xF5, 0xDF, 0xE7, 0x00, 0xBF, 0x00, 0x00,
    0x00, 0x0B, 0xF0, 0x00, 0x00, 0x00, 0xBF, 0x00, 0x00, 0x00, 0x0B, 0xF0, 0x00, 0x00, 0x00, 0x00,
    0x32, 0x00, 0x41, 0x00, 0x0F, 0xB0, 0x3F, 0x70, 0x00, 0x63, 0x00, 0x72, 0x00, 0x00, 0x00, 0x00,
    0x00, 0xAF, 0x20, 0x00, 0x9F, 0x24, 0xF7, 0x00, 0x0E, 0xC0, 0x0E, 0xC0, 0x02, 0xF7, 0x00, 0x9F,
    0x10, 0x7F, 0x20, 0x04, 0xF6, 0x0C, 0xC0, 0x00, 0x0E, 0xB1, 0xF7, 0x00, 0x00, 0x9F, 0x6F, 0x20,
    0x00, 0x03, 0xFF, 0xC0, 0x00, 0x00, 0x0E, 0xF7, 0x00, 0x00, 0x00, 0xDF, 0x20, 0x00, 0x00, 0x0A,
    0xD0, 0x00, 0x00, 0x01, 0xF7, 0x00, 0x00, 0x17, 0xDE, 0x10, 0x00, 0x03, 0xFC, 0x30, 0x00, 0x00,
    0x1F, 0x77, 0x77, 0xF1, 0x2C, 0x10, 0x02, 0xC1, 0x26, 0x70, 0x07, 0x61, 0x25, 0x70, 0x07, 0x61,
    0x25, 0x25, 0x62, 0x61, 0x25, 0x08, 0x80, 0x61, 0x25, 0x09, 0x70, 0x61, 0x25, 0x08, 0x80, 0x61,
    0x25, 0x16, 0x71, 0x61, 0x25, 0x70, 0x16, 0x61, 0x26, 0x70, 0x08, 0x61, 0x2B, 0x20, 0x03, 0xA1,
    0x2F, 0x77, 0x77, 0xF1, 0x1F, 0x77, 0x77, 0xF1, 0x2C, 0x10, 0x02, 0xC1, 0x26, 0x70, 0x07, 0x61,
    0x25, 0x70, 0x07, 0x61, 0x25, 0x25, 0x62, 0x61, 0x25, 0x08, 0x80, 0x61, 0x25, 0x09, 0x70, 0x61,
    0x25, 0x08, 0x80, 0x61, 0x25, 0x16, 0x71, 0x61, 0x25, 0x70, 0x16, 0x61, 0x26, 0x70, 0x08, 0x61,
    0x2B, 0x20, 0x03, 0xA1, 0x2F, 0x77, 0x77, 0xF1, 0x1F, 0x77, 0x77, 0xF1, 0x2C, 0x10, 0x02, 0xC1,
    0x26, 0x70, 0x07, 0x61, 0x25, 0x70, 0x07, 0x61, 0x25, 0x25, 0x62, 0x61, 0x25, 0x08, 0x80, 0x61,
    0x25, 0x09, 0x70, 0x61, 0x25, 0x08, 0x80, 0x61, 0x25, 0x16, 0x71, 0x61, 0x25, 0x70, 0x16, 0x61,
    0x26, 0x70, 0x08, 0x61, 0x2B, 0x20, 0x03, 0xA1, 0x2F, 0x77, 0x77, 0xF1, 0x1F, 0x77, 0x77, 0xF1,
    0x2C, 0x10, 0x02, 0xC1, 0x26, 0x70, 0x07, 0x61, 0x25, 0x70, 0x07, 0x61, 0x25, 0x25, 0x62, 0x61,
    0x25, 0x08, 0x80, 0x61, 0x25, 0x09, 0x70, 0x61, 0x25, 0x08, 0x80, 0x61, 0x25, 0x16, 0x71, 0x61,
    0x25, 0x70, 0x16, 0x61, 0x26, 0x70, 0x08, 0x61, 0x2B, 0x20, 0x03, 0xA1, 0x2F, 0x77, 0x77, 0xF1,
    0x1F, 0x77, 0x77, 0xF1, 0x2C, 0x10, 0x02, 0xC1, 0x26, 0x70, 0x07, 0x61, 0x25, 0x70, 0x07, 0x61,
    0x25, 0x25, 0x62, 0x61, 0x25, 0x08, 0x80, 0x61, 0x25, 0x09, 0x70, 0x61, 0x25, 0x08, 0x80, 0x61,
    0x25, 0x16, 0x71, 0x61, 0x25, 0x70, 0x16, 0x61, 0x26, 0x70, 0x08, 0x61, 0x2B, 0x20, 0x03, 0xA1,
    0x2F, 0x77, 0x77, 0xF1, 0x1F, 0x77, 0x77, 0xF1, 0x2C, 0x10, 0x02, 0xC1, 0x26, 0x70, 0x07, 0x61,
    0x25, 0x70, 0x07, 0x61, 0x25, 0x25, 0x62, 0x61, 0x25, 0x08, 0x80, 0x61, 0x25, 0x09, 0x70, 0x61,
    0x25, 0x08, 0x80, 0x61, 0x25, 0x16, 0x71, 0x61, 0x25, 0x70, 0x16, 0x61, 0x26, 0x70, 0x08, 0x61,
    0x2B, 0x20, 0x03, 0xA1, 0x2F, 0x77, 0x77, 0xF1, 0x1F, 0x77, 0x77, 0xF1, 0x2C, 0x10, 0x02, 0xC1,
    0x26, 0x70, 0x07, 0x61, 0x25, 0x70, 0x07, 0x61, 0x25, 0x25, 0x62, 0x61, 0x25, 0x08, 0x80, 0x61,
    0x25, 0x09, 0x70, 0x61, 0x25, 0x08, 0x80, 0x61, 0x25, 0x16, 0x71, 0x61, 0x25, 0x70, 0x16, 0x61,
    0x26, 0x70, 0x08, 0x61, 0x2B, 0x20, 0x03, 0xA1, 0x2F, 0x77, 0x77, 0xF1, 0x1F, 0x77, 0x77, 0xF1,
    0x2C, 0x10, 0x02, 0xC1, 0x26, 0x70, 0x07, 0x61, 0x25, 0x70, 0x07, 0x61, 0x25, 0x25, 0x62, 0x61,
    0x25, 0x08, 0x80, 0x61, 0x25, 0x09, 0x70, 0x61, 0x25, 0x08, 0x80, 0x61, 0x25, 0x16, 0x71, 0x61,
    0x25, 0x70, 0x16, 0x61, 0x26, 0x70, 0x08, 0x61, 0x2B, 0x20, 0x03, 0xA1, 0x2F, 0x77, 0x77, 0xF1,
    0x1F, 0x77, 0x77, 0xF1, 0x2C, 0x10, 0x02, 0xC1, 0x26, 0x70, 0x07, 0x61, 0x25, 0x70, 0x07, 0x61,
    0x25, 0x25, 0x62, 0x61, 0x25, 0x08, 0x80, 0x61, 0x25, 0x09, 0x70, 0x61, 0x25, 0x08, 0x80, 0x61,
    0x25, 0x16, 0x71, 0x61, 0x25, 0x70, 0x16, 0x61, 0x26, 0x70, 0x08, 0x61, 0x2B, 0x20, 0x03, 0xA1,
    0x2F, 0x77, 0x77, 0xF1, 0x1F, 0x77, 0x77, 0xF1, 0x2C, 0x10, 0x02, 0xC1, 0x26, 0x70, 0x07, 0x61,
    0x25, 0x70, 0x07, 0x61, 0x25, 0x25, 0x62, 0x61, 0x25, 0x08, 0x80, 0x61, 0x25, 0x09, 0x70, 0x61,
    0x25, 0x08, 0x80, 0x61, 0x25, 0x16, 0x71, 0x61, 0x25, 0x70, 0x16, 0x61, 0x26, 0x70, 0x08, 0x61,
    0x2B, 0x20, 0x03, 0xA1, 0x2F, 0x77, 0x77, 0xF1, 0x1F, 0x77, 0x77, 0xF1, 0x2C, 0x10, 0x02, 0xC1,
    0x26, 0x70, 0x07, 0x61, 0x25, 0x70, 0x07, 0x61, 0x25, 0x25, 0x62, 0x61, 0x25, 0x08, 0x80, 0x61,
    0x25, 0x09, 0x70, 0x61, 0x25, 0x08, 0x80, 0x61, 0x25, 0x16, 0x71, 0x61, 0x25, 0x70, 0x16, 0x61,
    0x26, 0x70, 0x08, 0x61, 0x2B, 0x20, 0x03, 0xA1, 0x2F, 0x77, 0x77, 0xF1, 0x1F, 0x77, 0x77, 0xF1,
    0x2C, 0x10, 0x02, 0xC1, 0x26, 0x70, 0x07, 0x61, 0x25, 0x70, 0x07, 0x61, 0x25, 0x25, 0x62, 0x61,
    0x25, 0x08, 0x80, 0x61, 0x25, 0x09, 0x70, 0x61, 0x25, 0x08, 0x80, 0x61, 0x25, 0x16, 0x71, 0x61,
    0x25, 0x70, 0x16, 0x61, 0x26, 0x70, 0x08, 0x61, 0x2B, 0x20, 0x03, 0xA1, 0x2F, 0x77, 0x77, 0xF1,
    0x1F, 0x77, 0x77, 0xF1, 0x2C, 0x10, 0x02, 0xC1, 0x26, 0x70, 0x07, 0x61, 0x25, 0x70, 0x07, 0x61,
    0x25, 0x25, 0x62, 0x61, 0x25, 0x08, 0x80, 0x61, 0x25, 0x09, 0x70, 0x61, 0x25, 0x08, 0x80, 0x61,
    0x25, 0x16, 0x71, 0x61, 0x25, 0x70, 0x16, 0x61, 0x26, 0x70, 0x08, 0x61, 0x2B, 0x20, 0x03, 0xA1,
    0x2F, 0x77, 0x77, 0xF1, 0x1F, 0x77, 0x77, 0xF1, 0x2C, 0x10, 0x02, 0xC1, 0x26, 0x70, 0x07, 0x61,
    0x25, 0x70, 0x07, 0x61, 0x25, 0x25, 0x62, 0x61, 0x25, 0x08, 0x80, 0x61, 0x25, 0x09, 0x70, 0x61,
    0x25, 0x08, 0x80, 0x61, 0x25, 0x16, 0x71, 0x61, 0x25, 0x70, 0x16, 0x61, 0x26, 0x70, 0x08, 0x61,
    0x2B, 0x20, 0x03, 0xA1, 0x2F, 0x77, 0x77, 0xF1, 0x07, 0xE1, 0x08, 0xE2, 0x00, 0x00, 0x00, 0x00,
    0x00, 0x00, 0x00, 0x00, 0x00, 0x00, 0x00, 0x00, 0x0E, 0xB0, 0x0E, 0xA0, 0x3F, 0x50, 0x6A, 0x00,
    0x1F, 0x77, 0x77, 0xF1, 0x2C, 0x10, 0x02, 0xC1, 0x26, 0x70, 0x07, 0x61, 0x25, 0x70, 0x07, 0x61,
    0x25, 0x25, 0x62, 0x61, 0x25, 0x08, 0x80, 0x61, 0x25, 0x09, 0x70, 0x61, 0x25, 0x08, 0x80, 0x61,
    0x25, 0x16, 0x71, 0x61, 0x25, 0x70, 0x16, 0x61, 0x26, 0x70, 0x08, 0x61, 0x2B, 0x20, 0x03, 0xA1,
    0x2F, 0x77, 0x77, 0xF1, 0x1F, 0x77, 0x77, 0xF1, 0x2C, 0x10, 0x02, 0xC1, 0x26, 0x70, 0x07, 0x61,
    0x25, 0x70, 0x07, 0x61, 0x25, 0x25, 0x62, 0x61, 0x25, 0x08, 0x80, 0x61, 0x25, 0x09, 0x70, 0x61,
    0x25, 0x08, 0x80, 0x61, 0x25, 0x16, 0x71, 0x61, 0x25, 0x70, 0x16, 0x61, 0x26, 0x70, 0x08, 0x61,
    0x2B, 0x20, 0x03, 0xA1, 0x2F, 0x77, 0x77, 0xF1, 0x1F, 0x77, 0x77, 0xF1, 0x2C, 0x10, 0x02, 0xC1,
    0x26, 0x70, 0x07, 0x61, 0x25, 0x70, 0x07, 0x61, 0x25, 0x25, 0x62, 0x61, 0x25, 0x08, 0x80, 0x61,
    0x25, 0x09, 0x70, 0x61, 0x25, 0x08, 0x80, 0x61, 0x25, 0x16, 0x71, 0x61, 0x25, 0x70, 0x16, 0x61,
    0x26, 0x70, 0x08, 0x61, 0x2B, 0x20, 0x03, 0xA1, 0x2F, 0x77, 0x77, 0xF1, 0x1F, 0x77, 0x77, 0xF1,
    0x2C, 0x10, 0x02, 0xC1, 0x26, 0x70, 0x07, 0x61, 0x25, 0x70, 0x07, 0x61, 0x25, 0x25, 0x62, 0x61,
    0x25, 0x08, 0x80, 0x61, 0x25, 0x09, 0x70, 0x61, 0x25, 0x08, 0x80, 0x61, 0x25, 0x16, 0x71, 0x61,
    0x25, 0x70, 0x16, 0x61, 0x26, 0x70, 0x08, 0x61, 0x2B, 0x20, 0x03, 0xA1, 0x2F, 0x77, 0x77, 0xF1,
    0x1F, 0x77, 0x77, 0xF1, 0x2C, 0x10, 0x02, 0xC1, 0x26, 0x70, 0x07, 0x61, 0x25, 0x70, 0x07, 0x61,
    0x25, 0x25, 0x62, 0x61, 0x25, 0x08, 0x80, 0x61, 0x25, 0x09, 0x70, 0x61, 0x25, 0x08, 0x80, 0x61,
    0x25, 0x16, 0x71, 0x61, 0x25, 0x70, 0x16, 0x61, 0x26, 0x70, 0x08, 0x61, 0x2B, 0x20, 0x03, 0xA1,
    0x2F, 0x77, 0x77, 0xF1, 0x0F, 0x72, 0xF1, 0x4C, 0x00, 0x00, 0x0E, 0xA0, 0x0A, 0x81, 0xF3, 0xA8,
    0xCB, 0x00, 0x0D, 0xB0, 0x00, 0x74, 0x00, 0x00, 0x00, 0x00, 0x01, 0xF4, 0x00, 0x00, 0x00, 0x00,
    0x03, 0xE0, 0x1F, 0xF0, 0x00, 0x00, 0x02, 0x50, 0x6F, 0xF3, 0x00, 0x00, 0x00, 0x00, 0xCC, 0xF9,
    0x00, 0x00, 0x00, 0x02, 0xF6, 0xAE, 0x00, 0x00, 0x00, 0x08, 0xF1, 0x4F, 0x50, 0x00, 0x00, 0x0E,
    0xA0, 0x0E, 0xB0, 0x00, 0x00, 0x4F, 0x50, 0x09, 0xF1, 0x00, 0x00, 0xAE, 0x00, 0x03, 0xF7, 0x00,
    0x01, 0xFF, 0x66, 0x66, 0xFF, 0x00, 0x06, 0xFF, 0xFF, 0xFF, 0xFF, 0x30, 0x0D, 0xE0, 0x00, 0x00,
    0x2F, 0x90, 0x2F, 0x80, 0x00, 0x00, 0x0C, 0xE0, 0x9F, 0x20, 0x00, 0x00, 0x06, 0xF5, 0x6D, 0x27,
    0xF2, 0x07, 0x40, 0x00, 0x00, 0x00, 0x00, 0x01, 0xF4, 0x00, 0x00, 0x00, 0x00, 0x00, 0x3E, 0x00,
    0x8F, 0xFF, 0xFF, 0xFF, 0x82, 0x50, 0x08, 0xF9, 0x66, 0x66, 0x63, 0x00, 0x00, 0x8F, 0x30, 0x00,
    0x00, 0x00, 0x00, 0x08, 0xF3, 0x00, 0x00, 0x00, 0x00, 0x00, 0x8F, 0x30, 0x00, 0x00, 0x00, 0x00,
    0x08, 0xF9, 0x66, 0x66, 0x40, 0x00, 0x00, 0x8F, 0xFF, 0xFF, 0xFB, 0x00, 0x00, 0x08, 0xF3, 0x00,
    0x00, 0x00, 0x00, 0x00, 0x8F, 0x30, 0x00, 0x00, 0x00, 0x00, 0x08, 0xF3, 0x00, 0x00, 0x00, 0x00,
    0x00, 0x8F, 0x30, 0x00, 0x00, 0x00, 0x00, 0x08, 0xF9, 0x66, 0x66, 0x63, 0x00, 0x00, 0x8F, 0xFF,
    0xFF, 0xFF, 0x90, 0x0F, 0x70, 0x00, 0x00, 0x00, 0x00, 0x00, 0x02, 0xF1, 0x08, 0xF3, 0x00, 0x00,
    0x05, 0xF5, 0x4C, 0x00, 0x8F, 0x30, 0x00, 0x00, 0x5F, 0x50, 0x00, 0x08, 0xF3, 0x00, 0x00, 0x05,
    0xF5, 0x00, 0x00, 0x8F, 0x30, 0x00, 0x00, 0x5F, 0x50, 0x00, 0x08, 0xF3, 0x00, 0x00, 0x05, 0xF5,
    0x00, 0x00, 0x8F, 0x96, 0x66, 0x66, 0xAF, 0x50, 0x00, 0x08, 0xFF, 0xFF, 0xFF, 0xFF, 0xF5, 0x00,
    0x00, 0x8F, 0x30, 0x00, 0x00, 0x5F, 0x50, 0x00, 0x08, 0xF3, 0x00, 0x00, 0x05, 0xF5, 0x00, 0x00,
    0x8F, 0x30, 0x00, 0x00, 0x5F, 0x50, 0x00, 0x08, 0xF3, 0x00, 0x00, 0x05, 0xF5, 0x00, 0x00, 0x8F,
    0x30, 0x00, 0x00, 0x5F, 0x50, 0x00, 0x08, 0xF3, 0x00, 0x00, 0x05, 0xF5, 0x07, 0x40, 0x00, 0x1F,
    0x40, 0x00, 0x3E, 0x06, 0xF5, 0x25, 0x06, 0xF5, 0x00, 0x06, 0xF5, 0x00, 0x06, 0xF5, 0x00, 0x06,
    0xF5, 0x00, 0x06, 0xF5, 0x00, 0x06, 0xF5, 0x00, 0x06, 0xF5, 0x00, 0x06, 0xF5, 0x00, 0x06, 0xF5,
    0x00, 0x06, 0xF5, 0x00, 0x06, 0xF5, 0x00, 0x06, 0xF5, 0x1F, 0x77, 0x77, 0xF1, 0x2C, 0x10, 0x02,
    0xC1, 0x26, 0x70, 0x07, 0x61, 0x25, 0x70, 0x07, 0x61, 0x25, 0x25, 0x62, 0x61, 0x25, 0x08, 0x80,
    0x61, 0x25, 0x09, 0x70, 0x61, 0x25, 0x08, 0x80, 0x61, 0x25, 0x16, 0x71, 0x61, 0x25, 0x70, 0x16,
    0x61, 0x26, 0x70, 0x08, 0x61, 0x2B, 0x20, 0x03, 0xA1, 0x2F, 0x77, 0x77, 0xF1, 0x03, 0x20, 0x00,
    0x00, 0x00, 0x00, 0x00, 0xF5, 0x00, 0x00, 0x00, 0x00, 0x00, 0x2F, 0x00, 0x3B, 0xEF, 0xD7, 0x00,
    0x03, 0x80, 0x5F, 0xE8, 0x7B, 0xFB, 0x00, 0x00, 0x2F, 0xC0, 0x00, 0x06, 0xF7, 0x00, 0x08, 0xF3,
    0x00, 0x00, 0x0C, 0xE0, 0x00, 0xCE, 0x00, 0x00, 0x00, 0x8F, 0x20, 0x0E, 0xC0, 0x00, 0x00, 0x06,
    0xF4, 0x00, 0xFB, 0x00, 0x00, 0x00, 0x5F, 0x50, 0x0E, 0xC0, 0x00, 0x00, 0x06, 0xF4, 0x00, 0xCE,
    0x00, 0x00, 0x00, 0x8F, 0x30, 0x08, 0xF3, 0x00, 0x00, 0x0C, 0xE0, 0x00, 0x2F, 0xC0, 0x00, 0x06,
    0xF8, 0x00, 0x00, 0x5F, 0xD8, 0x7A, 0xFC, 0x00, 0x00, 0x00, 0x3B, 0xEF, 0xD7, 0x00, 0x00, 0x1F,
    0x77, 0x77, 0xF1, 0x2C, 0x10, 0x02, 0xC1, 0x26, 0x70, 0x07, 0x61, 0x25, 0x70, 0x07, 0x61, 0x25,
    0x25, 0x62, 0x61, 0x25, 0x08, 0x80, 0x61, 0x25, 0x09, 0x70, 0x61, 0x25, 0x08, 0x80, 0x61, 0x25,
    0x16, 0x71, 0x61, 0x25, 0x70, 0x16, 0x61, 0x26, 0x70, 0x08, 0x61, 0x2B, 0x20, 0x03, 0xA1, 0x2F,
    0x77, 0x77, 0xF1, 0x03, 0x20, 0x00, 0x00, 0x00, 0x00, 0x00, 0x0F, 0x50, 0x00, 0x00, 0x00, 0x00,
    0x00, 0x2F, 0x09, 0xF5, 0x00, 0x00, 0x08, 0xF6, 0x38, 0x01, 0xFD, 0x00, 0x00, 0x1F, 0xD0, 0x00,
    0x00, 0x8F, 0x50, 0x00, 0x8F, 0x40, 0x00, 0x00, 0x0E, 0xD0, 0x01, 0xFC, 0x00, 0x00, 0x00, 0x06,
    0xF5, 0x09, 0xF3, 0x00, 0x00, 0x00, 0x00, 0xDD, 0x2F, 0xA0, 0x00, 0x00, 0x00, 0x00, 0x5F, 0xDF,
    0x20, 0x00, 0x00, 0x00, 0x00, 0x0C, 0xF9, 0x00, 0x00, 0x00, 0x00, 0x00, 0x07, 0xF3, 0x00, 0x00,
    0x00, 0x00, 0x00, 0x07, 0xF3, 0x00, 0x00, 0x00, 0x00, 0x00, 0x07, 0xF3, 0x00, 0x00, 0x00, 0x00,
    0x00, 0x07, 0xF3, 0x00, 0x00, 0x00, 0x00, 0x00, 0x07, 0xF3, 0x00, 0x00, 0x03, 0x20, 0x00, 0x00,
    0x00, 0x00, 0x0F, 0x50, 0x00, 0x00, 0x00, 0x00, 0x2F, 0x00, 0x5C, 0xFF, 0xB3, 0x00, 0x38, 0x08,
    0xFB, 0x67, 0xDF, 0x50, 0x00, 0x4F, 0x90, 0x00, 0x0C, 0xF1, 0x00, 0xAF, 0x10, 0x00, 0x04, 0xF7,
    0x00, 0xED, 0x00, 0x00, 0x00, 0xFB, 0x00, 0xFB, 0x00, 0x00, 0x00, 0xFC, 0x00, 0xFB, 0x00, 0x00,
    0x00, 0xEC, 0x00, 0xEC, 0x00, 0x00, 0x00, 0xFB, 0x00, 0xBE, 0x00, 0x00, 0x01, 0xF8, 0x00, 0x5F,
    0x30, 0x00, 0x06, 0xF3, 0x00, 0x0D, 0xC0, 0x00, 0x1E, 0xA0, 0x00, 0x58, 0xFF, 0x57, 0xFF, 0x74,
    0x00, 0xFF, 0xFF, 0xAE, 0xFF, 0xFB, 0x00, 0x06, 0x60, 0x03, 0x20, 0xF6, 0x32, 0xED, 0x17, 0x0E,
    0xC5, 0x40, 0x00, 0x54, 0x00, 0x00, 0x00, 0x00, 0x04, 0xF5, 0x00, 0x00, 0x4F, 0x50, 0x00, 0x04,
    0xF5, 0x00, 0x00, 0x4F, 0x50, 0x00, 0x04, 0xF5, 0x00, 0x00, 0x4F, 0x50, 0x00, 0x04, 0xF5, 0x00,
    0x00, 0x4F, 0x60, 0x00, 0x01, 0xFC, 0x61, 0x00, 0x07, 0xEF, 0x20, 0x00, 0x00, 0x1F, 0xF0, 0x00,
    0x00, 0x00, 0x00, 0x6F, 0xF3, 0x00, 0x00, 0x00, 0x00, 0xCC, 0xF9, 0x00, 0x00, 0x00, 0x02, 0xF6,
    0xAE, 0x00, 0x00, 0x00, 0x08, 0xF1, 0x4F, 0x50, 0x00, 0x00, 0x0E, 0xA0, 0x0E, 0xB0, 0x00, 0x00,
    0x4F, 0x50, 0x09, 0xF1, 0x00, 0x00, 0xAE, 0x00, 0x03, 0xF7, 0x00, 0x01, 0xFF, 0x66, 0x66, 0xFF,
    0x00, 0x06, 0xFF, 0xFF, 0xFF, 0xFF, 0x30, 0x0D, 0xE0, 0x00, 0x00, 0x2F, 0x90, 0x2F, 0x80, 0x00,
    0x00, 0x0C, 0xE0, 0x9F, 0x20, 0x00, 0x00, 0x06, 0xF5, 0x8F, 0xFF, 0xFE, 0xB4, 0x00, 0x8F, 0x86,
    0x67, 0xDF, 0x40, 0x8F, 0x30, 0x00, 0x1F, 0xB0, 0x8F, 0x30, 0x00, 0x0D, 0xD0, 0x8F, 0x30, 0x00,
    0x2F, 0xA0, 0x8F, 0xAB, 0xBD, 0xFD, 0x10, 0x8F, 0xFF, 0xFF, 0xF9, 0x00, 0x8F, 0x30, 0x00, 0x5F,
    0xA0, 0x8F, 0x30, 0x00, 0x09, 0xF1, 0x8F, 0x30, 0x00, 0x08, 0xF2, 0x8F, 0x30, 0x00, 0x0C, 0xF0,
    0x8F, 0x86, 0x66, 0xCF, 0x70, 0x8F, 0xFF, 0xFF, 0xC6, 0x00, 0x7F, 0xFF, 0xFF, 0xFF, 0x67, 0xF8,
    0x66, 0x66, 0x62, 0x7F, 0x40, 0x00, 0x00, 0x07, 0xF4, 0x00, 0x00, 0x00, 0x7F, 0x40, 0x00, 0x00,
    0x07, 0xF4, 0x00, 0x00, 0x00, 0x7F, 0x40, 0x00, 0x00, 0x07, 0xF4, 0x00, 0x00, 0x00, 0x7F, 0x40,
    0x00, 0x00, 0x07, 0xF4, 0x00, 0x00, 0x00, 0x7F, 0x40, 0x00, 0x00, 0x07, 0xF4, 0x00, 0x00, 0x00,
    0x7F, 0x40, 0x00, 0x00, 0x00, 0x00, 0x00, 0x08, 0xF5, 0x00, 0x00, 0x00, 0x00, 0x00, 0xEF, 0xC0,
    0x00, 0x00, 0x00, 0x00, 0x5F, 0xBF, 0x20, 0x00, 0x00, 0x00, 0x0C, 0xD1, 0xF8, 0x00, 0x00, 0x00,
    0x03, 0xF7, 0x0A, 0xE0, 0x00, 0x00, 0x00, 0x9F, 0x10, 0x4F, 0x50, 0x00, 0x00, 0x1F, 0xA0, 0x00,
    0xEB, 0x00, 0x00, 0x07, 0xF3, 0x00, 0x08, 0xF1, 0x00, 0x00, 0xDD, 0x00, 0x00, 0x2F, 0x80, 0x00,
    0x4F, 0x60, 0x00, 0x00, 0xCE, 0x00, 0x0A, 0xF0, 0x00, 0x00, 0x06, 0xF4, 0x01, 0xFF, 0x66, 0x66,
    0x66, 0x7F, 0xA0, 0x8F, 0xFF, 0xFF, 0xFF, 0xFF, 0xFF, 0x10, 0x8F, 0xFF, 0xFF, 0xFF, 0x88, 0xF9,
    0x66, 0x66, 0x63, 0x8F, 0x30, 0x00, 0x00, 0x08, 0xF3, 0x00, 0x00, 0x00, 0x8F, 0x30, 0x00, 0x00,
    0x08, 0xF9, 0x66, 0x66, 0x40, 0x8F, 0xFF, 0xFF, 0xFB, 0x08, 0xF3, 0x00, 0x00, 0x00, 0x8F, 0x30,
    0x00, 0x00, 0x08, 0xF3, 0x00, 0x00, 0x00, 0x8F, 0x30, 0x00, 0x00, 0x08, 0xF9, 0x66, 0x66, 0x63,
    0x8F, 0xFF, 0xFF, 0xFF, 0x90, 0x2F, 0xFF, 0xFF, 0xFF, 0xFE, 0x00, 0x66, 0x66, 0x66, 0xAF, 0xA0,
    0x00, 0x00, 0x00, 0x1E, 0xE0, 0x00, 0x00, 0x00, 0x0A, 0xF4, 0x00, 0x00, 0x00, 0x05, 0xF9, 0x00,
    0x00, 0x00, 0x01, 0xED, 0x00, 0x00, 0x00, 0x00, 0xAF, 0x30, 0x00, 0x00, 0x00, 0x5F, 0x80, 0x00,
    0x00, 0x00, 0x1E, 0xD0, 0x00, 0x00, 0x00, 0x0B, 0xF3, 0x00, 0x00, 0x00, 0x06, 0xF8, 0x00, 0x00,
    0x00, 0x01, 0xFF, 0x66, 0x66, 0x66, 0x60, 0x3F, 0xFF, 0xFF, 0xFF, 0xFF, 0x10, 0x8F, 0x30, 0x00,
    0x00, 0x5F, 0x58, 0xF3, 0x00, 0x00, 0x05, 0xF5, 0x8F, 0x30, 0x00, 0x00, 0x5F, 0x58, 0xF3, 0x00,
    0x00, 0x05, 0xF5, 0x8F, 0x30, 0x00, 0x00, 0x5F, 0x58, 0xF9, 0x66, 0x66, 0x6A, 0xF5, 0x8F, 0xFF,
    0xFF, 0xFF, 0xFF, 0x58, 0xF3, 0x00, 0x00, 0x05, 0xF5, 0x8F, 0x30, 0x00, 0x00, 0x5F, 0x58, 0xF3,
    0x00, 0x00, 0x05, 0xF5, 0x8F, 0x30, 0x00, 0x00, 0x5F, 0x58, 0xF3, 0x00, 0x00, 0x05, 0xF5, 0x8F,
    0x30, 0x00, 0x00, 0x5F, 0x50, 0x00, 0x04, 0xBF, 0xFC, 0x60, 0x00, 0x00, 0x7F, 0xD8, 0x8C, 0xF9,
    0x00, 0x03, 0xFA, 0x00, 0x00, 0x9F, 0x50, 0x0A, 0xF1, 0x00, 0x00, 0x0F, 0xC0, 0x0E, 0xB0, 0x00,
    0x00, 0x0A, 0xF0, 0x0F, 0x90, 0x55, 0x55, 0x28, 0xF2, 0x1F, 0x91, 0xFF, 0xFF, 0x77, 0xF3, 0x0F,
    0xA0, 0x00, 0x00, 0x08, 0xF2, 0x0E, 0xC0, 0x00, 0x00, 0x0A, 0xF0, 0x0A, 0xF1, 0x00, 0x00, 0x0E,
    0xC0, 0x03, 0xFA, 0x00, 0x00, 0x8F, 0x50, 0x00, 0x7F, 0xD8, 0x7B, 0xFA, 0x00, 0x00, 0x04, 0xBF,
    0xFC, 0x60, 0x00, 0x6F, 0x56, 0xF5, 0x6F, 0x56, 0xF5, 0x6F, 0x56, 0xF5, 0x6F, 0x56, 0xF5, 0x6F,
    0x56, 0xF5, 0x6F, 0x56, 0xF5, 0x6F, 0x50, 0x8F, 0x30, 0x00, 0x09, 0xF7, 0x08, 0xF3, 0x00, 0x07,
    0xF9, 0x00, 0x8F, 0x30, 0x05, 0xFB, 0x00, 0x08, 0xF3, 0x03, 0xFC, 0x00, 0x00, 0x8F, 0x32, 0xED,
    0x10, 0x00, 0x08, 0xF4, 0xEF, 0x20, 0x00, 0x00, 0x8F, 0xFF, 0xF7, 0x00, 0x00, 0x08, 0xFF, 0x4C,
    0xF3, 0x00, 0x00, 0x8F, 0x70, 0x2F, 0xD1, 0x00, 0x08, 0xF3, 0x00, 0x5F, 0xA0, 0x00, 0x8F, 0x30,
    0x00, 0x9F, 0x60, 0x08, 0xF3, 0x00, 0x00, 0xDF, 0x30, 0x8F, 0x30, 0x00, 0x02, 0xFD, 0x00, 0x00,
    0x00, 0x1F, 0xF0, 0x00, 0x00, 0x00, 0x00, 0x6F, 0xF2, 0x00, 0x00, 0x00, 0x00, 0xCF, 0xF8, 0x00,
    0x00, 0x00, 0x02, 0xF8, 0xDD, 0x00, 0x00, 0x00, 0x08, 0xF3, 0x7F, 0x30, 0x00, 0x00, 0x0D, 0xD0,
    0x2F, 0x90, 0x00, 0x00, 0x3F, 0x80, 0x0C, 0xE0, 0x00, 0x00, 0x9F, 0x20, 0x07, 0xF4, 0x00, 0x00,
    0xED, 0x00, 0x01, 0xFA, 0x00, 0x04, 0xF7, 0x00, 0x00, 0xBF, 0x00, 0x0A, 0xF2, 0x00, 0x00, 0x6F,
    0x60, 0x0F, 0xC0, 0x00, 0x00, 0x1F, 0xB0, 0x6F, 0x70, 0x00, 0x00, 0x0B, 0xF1, 0x8F, 0xD0, 0x00,
    0x00, 0x00, 0x2F, 0xF3, 0x8F, 0xF4, 0x00, 0x00, 0x00, 0x8F, 0xF3, 0x8F, 0xFA, 0x00, 0x00, 0x00,
    0xEF, 0xF3, 0x8F, 0xAF, 0x10, 0x00, 0x05, 0xFA, 0xF3, 0x8F, 0x4F, 0x70, 0x00, 0x0B, 0xE6, 0xF3,
    0x8F, 0x1C, 0xD0, 0x00, 0x2F, 0x76, 0xF3, 0x8F, 0x26, 0xF3, 0x00, 0x8F, 0x16, 0xF3, 0x8F, 0x20,
    0xFA, 0x00, 0xEA, 0x07, 0xF3, 0x8F, 0x20, 0x9F, 0x15, 0xF4, 0x07, 0xF3, 0x8F, 0x20, 0x3F, 0x6B,
    0xE0, 0x07, 0xF3, 0x8F, 0x20, 0x0C, 0xDF, 0x70, 0x07, 0xF3, 0x8F, 0x20, 0x06, 0xFF, 0x10, 0x07,
    0xF3, 0x8F, 0x20, 0x00, 0xFA, 0x00, 0x07, 0xF3, 0x8F, 0x80, 0x00, 0x00, 0x5F, 0x58, 0xFF, 0x20,
    0x00, 0x05, 0xF5, 0x8F, 0xFC, 0x00, 0x00, 0x5F, 0x58, 0xFA, 0xF7, 0x00, 0x05, 0xF5, 0x8F, 0x3D,
    0xF2, 0x00, 0x5F, 0x58, 0xF3, 0x3F, 0xB0, 0x05, 0xF5, 0x8F, 0x30, 0x8F, 0x50, 0x5F, 0x58, 0xF3,
    0x00, 0xDE, 0x15, 0xF5, 0x8F, 0x30, 0x04, 0xFA, 0x5F, 0x58, 0xF3, 0x00, 0x09, 0xFA, 0xF5, 0x8F,
    0x30, 0x00, 0x1E, 0xFF, 0x58, 0xF3, 0x00, 0x00, 0x5F, 0xF5, 0x8F, 0x30, 0x00, 0x00, 0xBF, 0x50,
    0xEF, 0xFF, 0xFF, 0xFF, 0x25, 0x66, 0x66, 0x66, 0x60, 0x00, 0x00, 0x00, 0x00, 0x00, 0x00, 0x00,
    0x00, 0x00, 0x00, 0x00, 0x00, 0x00, 0x01, 0x66, 0x66, 0x66, 0x20, 0x3F, 0xFF, 0xFF, 0xF7, 0x00,
    0x00, 0x00, 0x00, 0x00, 0x00, 0x00, 0x00, 0x00, 0x00, 0x00, 0x00, 0x00, 0x00, 0x00, 0x00, 0x00,
    0x00, 0x05, 0x66, 0x66, 0x66, 0x61, 0xFF, 0xFF, 0xFF, 0xFF, 0x40, 0x00, 0x3B, 0xEF, 0xD7, 0x00,
    0x00, 0x5F, 0xE8, 0x7B, 0xFB, 0x00, 0x2F, 0xC0, 0x00, 0x06, 0xF7, 0x08, 0xF3, 0x00, 0x00, 0x0C,
    0xE0, 0xCE, 0x00, 0x00, 0x00, 0x8F, 0x2E, 0xC0, 0x00, 0x00, 0x06, 0xF4, 0xFB, 0x00, 0x00, 0x00,
    0x5F, 0x5E, 0xC0, 0x00, 0x00, 0x06, 0xF4, 0xCE, 0x00, 0x00, 0x00, 0x8F, 0x38, 0xF3, 0x00, 0x00,
    0x0C, 0xE0, 0x2F, 0xC0, 0x00, 0x06, 0xF8, 0x00, 0x5F, 0xD8, 0x7A, 0xFC, 0x00, 0x00, 0x3B, 0xEF,
    0xD7, 0x00, 0x00, 0x7F, 0xFF, 0xFF, 0xFF, 0xFF, 0x47, 0xF8, 0x66, 0x66, 0x6A, 0xF4, 0x7F, 0x40,
    0x00, 0x00, 0x6F, 0x47, 0xF4, 0x00, 0x00, 0x06, 0xF4, 0x7F, 0x40, 0x00, 0x00, 0x6F, 0x47, 0xF4,
    0x00, 0x00, 0x06, 0xF4, 0x7F, 0x40, 0x00, 0x00, 0x6F, 0x47, 0xF4, 0x00, 0x00, 0x06, 0xF4, 0x7F,
    0x40, 0x00, 0x00, 0x6F, 0x47, 0xF4, 0x00, 0x00, 0x06, 0xF4, 0x7F, 0x40, 0x00, 0x00, 0x6F, 0x47,
    0xF4, 0x00, 0x00, 0x06, 0xF4, 0x7F, 0x40, 0x00, 0x00, 0x6F, 0x40, 0x8F, 0xFF, 0xFF, 0xD8, 0x00,
    0x8F, 0x86, 0x66, 0xAF, 0xC0, 0x8F, 0x30, 0x00, 0x07, 0xF6, 0x8F, 0x30, 0x00, 0x01, 0xFA, 0x8F,
    0x30, 0x00, 0x00, 0xFA, 0x8F, 0x30, 0x00, 0x06, 0xF6, 0x8F, 0x96, 0x66, 0x9F, 0xD0, 0x8F, 0xFF,
    0xFF, 0xD8, 0x10, 0x8F, 0x30, 0x00, 0x00, 0x00, 0x8F, 0x30, 0x00, 0x00, 0x00, 0x8F, 0x30, 0x00,
    0x00, 0x00, 0x8F, 0x30, 0x00, 0x00, 0x00, 0x8F, 0x30, 0x00, 0x00, 0x00, 0x1F, 0x77, 0x77, 0xF1,
    0x2C, 0x10, 0x02, 0xC1, 0x26, 0x70, 0x07, 0x61, 0x25, 0x70, 0x07, 0x61, 0x25, 0x25, 0x62, 0x61,
    0x25, 0x08, 0x80, 0x61, 0x25, 0x09, 0x70, 0x61, 0x25, 0x08, 0x80, 0x61, 0x25, 0x16, 0x71, 0x61,
    0x25, 0x70, 0x16, 0x61, 0x26, 0x70, 0x08, 0x61, 0x2B, 0x20, 0x03, 0xA1, 0x2F, 0x77, 0x77, 0xF1,
    0x6F, 0xFF, 0xFF, 0xFF, 0xF2, 0x3F, 0xF6, 0x66, 0x66, 0x61, 0x06, 0xF9, 0x00, 0x00, 0x00, 0x00,
    0x9F, 0x60, 0x00, 0x00, 0x00, 0x0B, 0xF3, 0x00, 0x00, 0x00, 0x01, 0xDE, 0x10, 0x00, 0x00, 0x00,
    0x5F, 0x80, 0x00, 0x00, 0x01, 0xED, 0x10, 0x00, 0x00, 0x0C, 0xF3, 0x00, 0x00, 0x00, 0x9F, 0x50,
    0x00, 0x00, 0x06, 0xF9, 0x00, 0x00, 0x00, 0x3F, 0xF6, 0x66, 0x66, 0x63, 0x6F, 0xFF, 0xFF, 0xFF,
    0xF9, 0x9F, 0xFF, 0xFF, 0xFF, 0xFF, 0x53, 0x66, 0x6D, 0xF9, 0x66, 0x62, 0x00, 0x00, 0x7F, 0x30,
    0x00, 0x00, 0x00, 0x07, 0xF3, 0x00, 0x00, 0x00, 0x00, 0x7F, 0x30, 0x00, 0x00, 0x00, 0x07, 0xF3,
    0x00, 0x00, 0x00, 0x00, 0x7F, 0x30, 0x00, 0x00, 0x00, 0x07, 0xF3, 0x00, 0x00, 0x00, 0x00, 0x7F,
    0x30, 0x00, 0x00, 0x00, 0x07, 0xF3, 0x00, 0x00, 0x00, 0x00, 0x7F, 0x30, 0x00, 0x00, 0x00, 0x07,
    0xF3, 0x00, 0x00, 0x00, 0x00, 0x7F, 0x30, 0x00, 0x00, 0x9F, 0x50, 0x00, 0x00, 0x8F, 0x61, 0xFD,
    0x00, 0x00, 0x1F, 0xD0, 0x08, 0xF5, 0x00, 0x08, 0xF4, 0x00, 0x0E, 0xD0, 0x01, 0xFC, 0x00, 0x00,
    0x6F, 0x50, 0x9F, 0x30, 0x00, 0x00, 0xDD, 0x2F, 0xA0, 0x00, 0x00, 0x05, 0xFD, 0xF2, 0x00, 0x00,
    0x00, 0x0C, 0xF9, 0x00, 0x00, 0x00, 0x00, 0x7F, 0x30, 0x00, 0x00, 0x00, 0x07, 0xF3, 0x00, 0x00,
    0x00, 0x00, 0x7F, 0x30, 0x00, 0x00, 0x00, 0x07, 0xF3, 0x00, 0x00, 0x00, 0x00, 0x7F, 0x30, 0x00,
    0x00, 0x00, 0x00, 0x05, 0xF5, 0x00, 0x00, 0x00, 0x00, 0x00, 0x5F, 0x50, 0x00, 0x00, 0x00, 0x19,
    0xDF, 0xFF, 0xD8, 0x10, 0x00, 0x2E, 0xE9, 0xCF, 0xC9, 0xFE, 0x20, 0x0C, 0xE1, 0x05, 0xF5, 0x02,
    0xFC, 0x02, 0xF8, 0x00, 0x5F, 0x50, 0x09, 0xF2, 0x4F, 0x60, 0x05, 0xF5, 0x00, 0x7F, 0x33, 0xF8,
    0x00, 0x5F, 0x50, 0x08, 0xF2, 0x0D, 0xE1, 0x05, 0xF5, 0x02, 0xEC, 0x00, 0x3E, 0xF9, 0xCF, 0xB9,
    0xEE, 0x20, 0x00, 0x19, 0xDF, 0xFF, 0xD8, 0x10, 0x00, 0x00, 0x00, 0x5F, 0x50, 0x00, 0x00, 0x00,
    0x00, 0x05, 0xF5, 0x00, 0x00, 0x00, 0x1F, 0xD0, 0x00, 0x00, 0x9F, 0x60, 0x7F, 0x80, 0x00, 0x3F,
    0xC0, 0x00, 0xCF, 0x20, 0x0C, 0xF2, 0x00, 0x03, 0xFB, 0x06, 0xF8, 0x00, 0x00, 0x09, 0xF7, 0xFD,
    0x00, 0x00, 0x00, 0x0E, 0xFF, 0x40, 0x00, 0x00, 0x00, 0x8F, 0xD0, 0x00, 0x00, 0x00, 0x1E, 0xFF,
    0x50, 0x00, 0x00, 0x0A, 0xF5, 0xEE, 0x10, 0x00, 0x04, 0xFA, 0x05, 0xF9, 0x00, 0x00, 0xDF, 0x10,
    0x0B, 0xF3, 0x00, 0x8F, 0x60, 0x00, 0x2F, 0xD0, 0x2F, 0xC0, 0x00, 0x00, 0x8F, 0x70, 0x3F, 0x70,
    0x0C, 0xF0, 0x02, 0xF8, 0x3F, 0x70, 0x0C, 0xF0, 0x02, 0xF8, 0x3F, 0x70, 0x0C, 0xF0, 0x02, 0xF8,
    0x3F, 0x70, 0x0C, 0xF0, 0x02, 0xF8, 0x3F, 0x70, 0x0C, 0xF0, 0x02, 0xF8, 0x2F, 0x90, 0x0C, 0xF0,
    0x03, 0xF7, 0x0E, 0xD0, 0x0C, 0xF0, 0x08, 0xF3, 0x07, 0xF9, 0x0C, 0xF0, 0x4F, 0xC0, 0x00, 0xAF,
    0xEF, 0xFC, 0xFD, 0x10, 0x00, 0x04, 0x9F, 0xFA, 0x50, 0x00, 0x00, 0x00, 0x0C, 0xF0, 0x00, 0x00,
    0x00, 0x00, 0x0C, 0xF0, 0x00, 0x00, 0x00, 0x00, 0x0C, 0xF0, 0x00, 0x00, 0x00, 0x5C, 0xFF, 0xB3,
    0x00, 0x08, 0xFB, 0x67, 0xDF, 0x50, 0x4F, 0x90, 0x00, 0x0C, 0xF1, 0xAF, 0x10, 0x00, 0x04, 0xF7,
    0xED, 0x00, 0x00, 0x00, 0xFB, 0xFB, 0x00, 0x00, 0x00, 0xFC, 0xFB, 0x00, 0x00, 0x00, 0xEC, 0xEC,
    0x00, 0x00, 0x00, 0xFB, 0xBE, 0x00, 0x00, 0x01, 0xF8, 0x5F, 0x30, 0x00, 0x06, 0xF3, 0x0D, 0xC0,
    0x00, 0x1E, 0xA0, 0x58, 0xFF, 0x57, 0xFF, 0x74, 0xFF, 0xFF, 0xAE, 0xFF, 0xFB, 0x00, 0x00, 0x00,
    0x00, 0xEA, 0x03, 0xF6, 0x0A, 0x60, 0x1B, 0x40, 0x00, 0x00, 0x00, 0x00, 0x6F, 0x50, 0x00, 0x06,
    0xF5, 0x00, 0x00, 0x6F, 0x50, 0x00, 0x06, 0xF5, 0x00, 0x00, 0x6F, 0x50, 0x00, 0x06, 0xF5, 0x00,
    0x00, 0x6F, 0x50, 0x00, 0x06, 0xF5, 0x00, 0x00, 0x6F, 0x50, 0x00, 0x06, 0xF5, 0x00, 0x00, 0x6F,
    0x50, 0x00, 0x06, 0xF5, 0x00, 0x00, 0x6F, 0x50, 0x00, 0x00, 0x0B, 0x70, 0x1C, 0x40, 0x00, 0x00,
    0xE9, 0x02, 0xF6, 0x00, 0x00, 0x00, 0x00, 0x00, 0x00, 0x09, 0xF5, 0x00, 0x00, 0x08, 0xF6, 0x1F,
    0xD0, 0x00, 0x01, 0xFD, 0x00, 0x8F, 0x50, 0x00, 0x8F, 0x40, 0x00, 0xED, 0x00, 0x1F, 0xC0, 0x00,
    0x06, 0xF5, 0x09, 0xF3, 0x00, 0x00, 0x0D, 0xD2, 0xFA, 0x00, 0x00, 0x00, 0x5F, 0xDF, 0x20, 0x00,
    0x00, 0x00, 0xCF, 0x90, 0x00, 0x00, 0x00, 0x07, 0xF3, 0x00, 0x00, 0x00, 0x00, 0x7F, 0x30, 0x00,
    0x00, 0x00, 0x07, 0xF3, 0x00, 0x00, 0x00, 0x00, 0x7F, 0x30, 0x00, 0x00, 0x00, 0x07, 0xF3, 0x00,
    0x00, 0x00, 0x00, 0x03, 0x20, 0x00, 0x00, 0x00, 0x00, 0xF5, 0x00, 0x00, 0x00, 0x00, 0x2F, 0x00,
    0x00, 0x00, 0x00, 0x03, 0x80, 0x00, 0x00, 0x00, 0x00, 0x00, 0x00, 0x00, 0x00, 0x04, 0xCF, 0xD5,
    0x9D, 0x00, 0x02, 0xFE, 0x66, 0xEF, 0xD0, 0x00, 0xAF, 0x20, 0x02, 0xFD, 0x00, 0x0E, 0xB0, 0x00,
    0x0F, 0xE0, 0x00, 0xF9, 0x00, 0x00, 0xFF, 0x00, 0x1F, 0x80, 0x00, 0x0F, 0xF0, 0x00, 0xFA, 0x00,
    0x00, 0xFE, 0x00, 0x0B, 0xF1, 0x00, 0x2F, 0xD0, 0x00, 0x3F, 0xD7, 0x6E, 0xEF, 0x70, 0x00, 0x4D,
    0xFD, 0x62, 0xEE, 0x00, 0x00, 0x00, 0x03, 0x20, 0x00, 0x00, 0x00, 0xF5, 0x00, 0x00, 0x00, 0x2F,
    0x00, 0x00, 0x00, 0x03, 0x80, 0x00, 0x00, 0x00, 0x00, 0x00, 0x00, 0x06, 0xCF, 0xEB, 0x30, 0x07,
    0xFB, 0x56, 0xDF, 0x30, 0xED, 0x00, 0x01, 0xC7, 0x0D, 0xC0, 0x00, 0x00, 0x00, 0x5F, 0x95, 0x42,
    0x00, 0x01, 0xCF, 0xFF, 0xE0, 0x00, 0xDD, 0x30, 0x00, 0x00, 0x1F, 0x90, 0x00, 0x0E, 0xB0, 0xBF,
    0x95, 0x6D, 0xF5, 0x00, 0x8D, 0xFE, 0xB4, 0x00, 0x00, 0x00, 0x74, 0x00, 0x00, 0x01, 0xF4, 0x00,
    0x00, 0x03, 0xE0, 0x00, 0x00, 0x02, 0x50, 0x00, 0x00, 0x00, 0x00, 0x00, 0xBC, 0x4C, 0xFE, 0x70,
    0xBF, 0xE7, 0x6B, 0xF6, 0xBF, 0x20, 0x00, 0xEC, 0xBF, 0x00, 0x00, 0xCD, 0xCF, 0x00, 0x00, 0xCE,
    0xBE, 0x00, 0x00, 0xCE, 0xBE, 0x00, 0x00, 0xCE, 0xBE, 0x00, 0x00, 0xCE, 0xBE, 0x00, 0x00, 0xCE,
    0xBE, 0x00, 0x00, 0xCE, 0x00, 0x00, 0x00, 0xCE, 0x00, 0x00, 0x00, 0xCE, 0x00, 0x00, 0x00, 0xCE,
    0x00, 0x00, 0x00, 0xCE, 0x03, 0x20, 0x00, 0xF5, 0x00, 0x2F, 0x00, 0x03, 0x80, 0x00, 0x00, 0x00,
    0x04, 0xF5, 0x00, 0x4F, 0x50, 0x04, 0xF5, 0x00, 0x4F, 0x50, 0x04, 0xF5, 0x00, 0x4F, 0x50, 0x04,
    0xF5, 0x00, 0x4F, 0x60, 0x01, 0xFC, 0x61, 0x07, 0xEF, 0x20, 0x00, 0x06, 0x60, 0x00, 0x32, 0x0F,
    0x63, 0x20, 0xED, 0x17, 0x0E, 0xC0, 0x54, 0x00, 0x05, 0x40, 0x00, 0x00, 0x00, 0x00, 0xBE, 0x00,
    0x0A, 0xF1, 0xBE, 0x00, 0x04, 0xF7, 0xBE, 0x00, 0x00, 0xFB, 0xBE, 0x00, 0x00, 0xDD, 0xBE, 0x00,
    0x00, 0xBE, 0xBE, 0x00, 0x00, 0xDD, 0xBF, 0x00, 0x01, 0xFA, 0x8F, 0x20, 0x08, 0xF6, 0x2F, 0xD6,
    0x9F, 0xC0, 0x03, 0xCF, 0xE9, 0x00, 0x00, 0x4C, 0xFD, 0x59, 0xD0, 0x00, 0x2F, 0xE6, 0x6E, 0xFD,
    0x00, 0x0A, 0xF2, 0x00, 0x2F, 0xD0, 0x00, 0xEB, 0x00, 0x00, 0xFE, 0x00, 0x0F, 0x90, 0x00, 0x0F,
    0xF0, 0x01, 0xF8, 0x00, 0x00, 0xFF, 0x00, 0x0F, 0xA0, 0x00, 0x0F, 0xE0, 0x00, 0xBF, 0x10, 0x02,
    0xFD, 0x00, 0x03, 0xFD, 0x76, 0xEE, 0xF7, 0x00, 0x04, 0xDF, 0xD6, 0x2E, 0xE0, 0x00, 0x8E, 0xFD,
    0x60, 0x00, 0xCF, 0x75, 0xBF, 0x60, 0x6F, 0x50, 0x00, 0xDE, 0x09, 0xF0, 0x00, 0x09, 0xF0, 0x9F,
    0x00, 0x00, 0xCE, 0x09, 0xF0, 0x26, 0xAF, 0x40, 0x9F, 0x0C, 0xFF, 0xE3, 0x09, 0xF0, 0x00, 0x2C,
    0xF2, 0x9F, 0x00, 0x00, 0x2F, 0x99, 0xF0, 0x00, 0x00, 0xFA, 0x9F, 0x20, 0x00, 0x4F, 0x79, 0xFE,
    0x75, 0x7E, 0xE1, 0x9F, 0x7D, 0xFE, 0xA1, 0x09, 0xF0, 0x00, 0x00, 0x00, 0x9F, 0x00, 0x00, 0x00,
    0x09, 0xF0, 0x00, 0x00, 0x00, 0x6F, 0x30, 0x00, 0x1F, 0x81, 0xF9, 0x00, 0x07, 0xF3, 0x0B, 0xE0,
    0x00, 0xCD, 0x00, 0x5F, 0x30, 0x1F, 0x70, 0x00, 0xF9, 0x06, 0xF2, 0x00, 0x0A, 0xE0, 0xBC, 0x00,
    0x00, 0x5F, 0x5F, 0x70, 0x00, 0x00, 0xEF, 0xF1, 0x00, 0x00, 0x0A, 0xFC, 0x00, 0x00, 0x00, 0x8F,
    0xC0, 0x00, 0x00, 0x04, 0xF6, 0x00, 0x00, 0x00, 0x4F, 0x60, 0x00, 0x00, 0x04, 0xF6, 0x00, 0x00,
    0x00, 0x4F, 0x60, 0x00, 0x00, 0x1A, 0xEF, 0xD6, 0x00, 0x00, 0xCF, 0x86, 0x88, 0x00, 0x00, 0xFA,
    0x00, 0x00, 0x00, 0x00, 0xDF, 0x40, 0x00, 0x00, 0x00, 0x2D, 0xFD, 0x60, 0x00, 0x00, 0x5D, 0xEE,
    0xFC, 0x00, 0x04, 0xF7, 0x00, 0x8F, 0xA0, 0x0D, 0xC0, 0x00, 0x0C, 0xF1, 0x1F, 0x80, 0x00, 0x06,
    0xF4, 0x1F, 0x80, 0x00, 0x05, 0xF5, 0x0F, 0xA0, 0x00, 0x07, 0xF3, 0x0B, 0xF1, 0x00, 0x0D, 0xE0,
    0x02, 0xFE, 0x66, 0xCF, 0x50, 0x00, 0x2B, 0xFF, 0xC4, 0x00, 0x00, 0x6C, 0xFE, 0xB3, 0x00, 0x7F,
    0xB5, 0x6D, 0xF3, 0x0E, 0xD0, 0x00, 0x1C, 0x70, 0xDC, 0x00, 0x00, 0x00, 0x05, 0xF9, 0x54, 0x20,
    0x00, 0x1C, 0xFF, 0xFE, 0x00, 0x0D, 0xD3, 0x00, 0x00, 0x01, 0xF9, 0x00, 0x00, 0xEB, 0x0B, 0xF9,
    0x56, 0xDF, 0x50, 0x08, 0xDF, 0xEB, 0x40, 0x0F, 0xFF, 0xFF, 0xFF, 0x70, 0x55, 0x55, 0x5E, 0xF2,
    0x00, 0x00, 0x07, 0xF4, 0x00, 0x00, 0x06, 0xF6, 0x00, 0x00, 0x03, 0xF9, 0x00, 0x00, 0x00, 0xEC,
    0x00, 0x00, 0x00, 0x8F, 0x20, 0x00, 0x00, 0x0F, 0xA0, 0x00, 0x00, 0x03, 0xF6, 0x00, 0x00, 0x00,
    0x4F, 0x50, 0x00, 0x00, 0x02, 0xFA, 0x00, 0x00, 0x00, 0x09, 0xFE, 0x94, 0x00, 0x00, 0x03, 0x9D,
    0xFC, 0x00, 0x00, 0x00, 0x09, 0xF0, 0x00, 0x00, 0x00, 0xCB, 0x00, 0x00, 0x00, 0x1C, 0x20, 0xBC,
    0x4C, 0xFE, 0x70, 0xBF, 0xE7, 0x6B, 0xF6, 0xBF, 0x20, 0x00, 0xEC, 0xBF, 0x00, 0x00, 0xCD, 0xCF,
    0x00, 0x00, 0xCE, 0xBE, 0x00, 0x00, 0xCE, 0xBE, 0x00, 0x00, 0xCE, 0xBE, 0x00, 0x00, 0xCE, 0xBE,
    0x00, 0x00, 0xCE, 0xBE, 0x00, 0x00, 0xCE, 0x00, 0x00, 0x00, 0xCE, 0x00, 0x00, 0x00, 0xCE, 0x00,
    0x00, 0x00, 0xCE, 0x00, 0x00, 0x00, 0xCE, 0x01, 0xAE, 0xEB, 0x30, 0x00, 0xDE, 0x55, 0xCF, 0x20,
    0x6F, 0x40, 0x01, 0xF9, 0x0B, 0xE0, 0x00, 0x0A, 0xE0, 0xDC, 0x00, 0x00, 0x8F, 0x1E, 0xC4, 0x44,
    0x49, 0xF2, 0xEF, 0xFF, 0xFF, 0xFF, 0x2E, 0xB0, 0x00, 0x07, 0xF2, 0xDC, 0x00, 0x00, 0x8F, 0x0A,
    0xF0, 0x00, 0x0B, 0xE0, 0x5F, 0x50, 0x01, 0xF9, 0x00, 0xCE, 0x65, 0xDE, 0x20, 0x01, 0x9E, 0xFB,
    0x20, 0x00, 0x4F, 0x50, 0x04, 0xF5, 0x00, 0x4F, 0x50, 0x04, 0xF5, 0x00, 0x4F, 0x50, 0x04, 0xF5,
    0x00, 0x4F, 0x50, 0x04, 0xF6, 0x00, 0x1F, 0xC6, 0x10, 0x7E, 0xF2, 0xAF, 0x00, 0x02, 0xFD, 0x0A,
    0xF0, 0x00, 0xDE, 0x20, 0xAF, 0x00, 0x9F, 0x40, 0x0A, 0xF0, 0x6F, 0x80, 0x00, 0xAF, 0x7F, 0xB0,
    0x00, 0x0A, 0xFF, 0xFA, 0x00, 0x00, 0xAF, 0x09, 0xF7, 0x00, 0x0A, 0xF0, 0x0B, 0xF5, 0x00, 0xAF,
    0x00, 0x0C, 0xF4, 0x0A, 0xF0, 0x00, 0x1D, 0xF2, 0x08, 0xFA, 0x00, 0x00, 0x00, 0x02, 0xAF, 0x70,
    0x00, 0x00, 0x00, 0x0F, 0xD0, 0x00, 0x00, 0x00, 0x09, 0xF3, 0x00, 0x00, 0x00, 0x06, 0xFA, 0x00,
    0x00, 0x00, 0x09, 0xFE, 0x00, 0x00, 0x00, 0x0E, 0xFF, 0x50, 0x00, 0x00, 0x4F, 0x7F, 0xB0, 0x00,
    0x00, 0xAF, 0x1B, 0xF1, 0x00, 0x01, 0xFB, 0x05, 0xF6, 0x00, 0x06, 0xF5, 0x00, 0xEC, 0x00, 0x0C,
    0xF0, 0x00, 0x9F, 0x20, 0x2F, 0xA0, 0x00, 0x2F, 0xC3, 0x7F, 0x50, 0x00, 0x08, 0xF7, 0xAF, 0x00,
    0x00, 0xCD, 0xAF, 0x00, 0x00, 0xCD, 0xAF, 0x00, 0x00, 0xCD, 0xAF, 0x00, 0x00, 0xCD, 0xAF, 0x00,
    0x00, 0xCD, 0xAF, 0x00, 0x00, 0xFE, 0xAF, 0x00, 0x00, 0xFD, 0xAF, 0x40, 0x00, 0xFD, 0xAF, 0xD6,
    0x6D, 0xFD, 0xAF, 0xAE, 0xE8, 0xAD, 0xAF, 0x00, 0x00, 0x00, 0xAF, 0x00, 0x00, 0x00, 0xAF, 0x00,
    0x00, 0x00, 0xAF, 0x00, 0x00, 0x00, 0x8F, 0x10, 0x00, 0x6F, 0x33, 0xF6, 0x00, 0x0B, 0xD0, 0x0D,
    0xB0, 0x00, 0xF8, 0x00, 0x8F, 0x10, 0x5F, 0x30, 0x02, 0xF5, 0x0A, 0xD0, 0x00, 0x0D, 0xB0, 0xF8,
    0x00, 0x00, 0x7F, 0x5F, 0x20, 0x00, 0x02, 0xFE, 0xD0, 0x00, 0x00, 0x0C, 0xF7, 0x00, 0x00, 0x00,
    0x7F, 0x20, 0x00, 0x00, 0x29, 0xDF, 0xFB, 0x00, 0x2F, 0xE7, 0x56, 0x70, 0x07, 0xF3, 0x00, 0x00,
    0x00, 0x6F, 0x40, 0x00, 0x00, 0x00, 0xBE, 0x85, 0x51, 0x00, 0x02, 0xCF, 0xFF, 0x50, 0x04, 0xFA,
    0x30, 0x00, 0x00, 0xDC, 0x00, 0x00, 0x00, 0x1F, 0x80, 0x00, 0x00, 0x00, 0xFA, 0x00, 0x00, 0x00,
    0x0B, 0xF5, 0x00, 0x00, 0x00, 0x1C, 0xFD, 0x83, 0x00, 0x00, 0x04, 0x9D, 0xFC, 0x00, 0x00, 0x00,
    0x07, 0xF3, 0x00, 0x00, 0x00, 0xAD, 0x00, 0x00, 0x00, 0x0C, 0x30, 0x00, 0x2A, 0xEF, 0xC4, 0x00,
    0x02, 0xEE, 0x76, 0xCF, 0x50, 0x0A, 0xF2, 0x00, 0x0D, 0xE0, 0x0F, 0xA0, 0x00, 0x06, 0xF4, 0x2F,
    0x70, 0x00, 0x03, 0xF6, 0x2F, 0x70, 0x00, 0x03, 0xF7, 0x0F, 0xA0, 0x00, 0x06, 0xF4, 0x0B, 0xF2,
    0x00, 0x0C, 0xE0, 0x02, 0xEE, 0x66, 0xCF, 0x50, 0x00, 0x2A, 0xEF, 0xC4, 0x00, 0xAF, 0xFF, 0xFF,
    0xFF, 0xFF, 0x03, 0x8F, 0xD5, 0x55, 0xFF, 0x50, 0x02, 0xF7, 0x00, 0x0F, 0xA0, 0x00, 0x2F, 0x70,
    0x00, 0xFA, 0x00, 0x02, 0xF7, 0x00, 0x0F, 0xA0, 0x00, 0x2F, 0x70, 0x00, 0xFA, 0x00, 0x02, 0xF7,
    0x00, 0x0F, 0xA0, 0x00, 0x2F, 0x70, 0x00, 0xFA, 0x00, 0x02, 0xF7, 0x00, 0x0D, 0xE7, 0x30, 0x2F,
    0x70, 0x00, 0x4D, 0xF6, 0x00, 0x9E, 0xFC, 0x40, 0x00, 0xBF, 0x86, 0xCF, 0x40, 0x4F, 0x80, 0x01,
    0xEC, 0x09, 0xF1, 0x00, 0x09, 0xF1, 0xBF, 0x00, 0x00, 0x6F, 0x3C, 0xE0, 0x00, 0x06, 0xF4, 0xDF,
    0x00, 0x00, 0x8F, 0x2B, 0xF1, 0x00, 0x0D, 0xE0, 0xBF, 0xD6, 0x6C, 0xF6, 0x0B, 0xE6, 0xDF, 0xE7,
    0x00, 0xBE, 0x00, 0x00, 0x00, 0x0B, 0xE0, 0x00, 0x00, 0x00, 0xBE, 0x00, 0x00, 0x00, 0x0B, 0xE0,
    0x00, 0x00, 0x00, 0x00, 0x2B, 0xFF, 0xC4, 0x00, 0x1E, 0xE6, 0x6C, 0xF4, 0x09, 0xF2, 0x00, 0x0E,
    0xA0, 0xFB, 0x00, 0x00, 0x00, 0x1F, 0x80, 0x00, 0x00, 0x01, 0xF8, 0x00, 0x00, 0x00, 0x0E, 0xD0,
    0x00, 0x00, 0x00, 0x7F, 0xB1, 0x00, 0x00, 0x00, 0x8F, 0xFA, 0x50, 0x00, 0x00, 0x28, 0xCF, 0xC0,
    0x00, 0x00, 0x00, 0x9F, 0x00, 0x00, 0x00, 0x0C, 0xB0, 0x00, 0x00, 0x01, 0xC1, 0x00, 0x00, 0x2B,
    0xFF, 0xFF, 0xFF, 0x10, 0x2F, 0xE7, 0xBF, 0xE5, 0x50, 0x0A, 0xF2, 0x00, 0x0D, 0x90, 0x00, 0xFA,
    0x00, 0x00, 0x7F, 0x10, 0x1F, 0x80, 0x00, 0x05, 0xF4, 0x01, 0xF8, 0x00, 0x00, 0x5F, 0x50, 0x0F,
    0xB0, 0x00, 0x07, 0xF3, 0x00, 0xAF, 0x20, 0x00, 0xED, 0x00, 0x02, 0xEE, 0x66, 0xCF, 0x40, 0x00,
    0x02, 0xAF, 0xFC, 0x30, 0x00, 0x4F, 0xFF, 0xFF, 0xFF, 0xA1, 0x55, 0x9F, 0xB5, 0x53, 0x00, 0x03,
    0xF6, 0x00, 0x00, 0x00, 0x3F, 0x60, 0x00, 0x00, 0x03, 0xF6, 0x00, 0x00, 0x00, 0x3F, 0x60, 0x00,
    0x00, 0x03, 0xF6, 0x00, 0x00, 0x00, 0x3F, 0x60, 0x00, 0x00, 0x01, 0xFC, 0x62, 0x00, 0x00, 0x07,
    0xFE, 0x40, 0xBE, 0x00, 0x0A, 0xF1, 0xBE, 0x00, 0x04, 0xF7, 0xBE, 0x00, 0x00, 0xFB, 0xBE, 0x00,
    0x00, 0xDD, 0xBE, 0x00, 0x00, 0xBE, 0xBE, 0x00, 0x00, 0xDD, 0xBF, 0x00, 0x01, 0xFA, 0x8F, 0x20,
    0x08, 0xF6, 0x2F, 0xD6, 0x9F, 0xC0, 0x03, 0xCF, 0xE9, 0x00, 0x00, 0x76, 0x00, 0xAF, 0xE8, 0x00,
    0x05, 0xF9, 0x07, 0xF8, 0x8F, 0xB0, 0x0D, 0xE0, 0x08, 0xF1, 0x06, 0xF5, 0x0F, 0x90, 0x08, 0xF1,
    0x00, 0xEB, 0x2F, 0x70, 0x08, 0xF1, 0x00, 0xCE, 0x2F, 0x80, 0x08, 0xF1, 0x00, 0xCD, 0x0F, 0xC0,
    0x08, 0xF1, 0x01, 0xFA, 0x09, 0xF6, 0x08, 0xF1, 0x0B, 0xF4, 0x00, 0xCF, 0xBF, 0xF9, 0xDF, 0x80,
    0x00, 0x07, 0xCF, 0xFF, 0xB4, 0x00, 0x00, 0x00, 0x08, 0xF1, 0x00, 0x00, 0x00, 0x00, 0x08, 0xF1,
    0x00, 0x00, 0x00, 0x00, 0x08, 0xF1, 0x00, 0x00, 0x00, 0x00, 0x08, 0xF1, 0x00, 0x00, 0x2F, 0xC2,
    0x00, 0x0A, 0xE0, 0x17, 0xED, 0x00, 0x2F, 0x80, 0x00, 0x4F, 0x50, 0x9F, 0x10, 0x00, 0x0D, 0xB1,
    0xF9, 0x00, 0x00, 0x06, 0xFB, 0xF2, 0x00, 0x00, 0x00, 0xFF, 0xA0, 0x00, 0x00, 0x00, 0xFF, 0x40,
    0x00, 0x00, 0x00, 0xFF, 0x60, 0x00, 0x00, 0x06, 0xFF, 0xD0, 0x00, 0x00, 0x0D, 0xD5, 0xF4, 0x00,
    0x00, 0x5F, 0x60, 0xEA, 0x00, 0x00, 0xCE, 0x00, 0x7F, 0x20, 0x03, 0xF7, 0x00, 0x1F, 0xD7, 0x0B,
    0xF0, 0x00, 0x04, 0xEB, 0x2F, 0x70, 0x0A, 0xF0, 0x0B, 0xF0, 0x2F, 0x70, 0x0A, 0xF0, 0x06, 0xF5,
    0x2F, 0x70, 0x0A, 0xF0, 0x01, 0xF9, 0x2F, 0x70, 0x0A, 0xF0, 0x00, 0xEB, 0x2F, 0x70, 0x0A, 0xF0,
    0x00, 0xCD, 0x1F, 0x80, 0x0A, 0xF0, 0x00, 0xEC, 0x0E, 0xC0, 0x0A, 0xF0, 0x02, 0xF9, 0x08, 0xF6,
    0x0A, 0xF0, 0x0C, 0xF2, 0x00, 0xCF, 0xAF, 0xF8, 0xEF, 0x70, 0x00, 0x06, 0xCF, 0xFE, 0xA3, 0x00,
    0x00, 0x00, 0x0A, 0xF0, 0x00, 0x00, 0x00, 0x00, 0x0A, 0xF0, 0x00, 0x00, 0x00, 0x00, 0x0A, 0xF0,
    0x00, 0x00, 0x00, 0x00, 0x0A, 0xF0, 0x00, 0x00, 0x0E, 0xC0, 0x00, 0x00, 0x00, 0xFC, 0x06, 0xF6,
    0x00, 0x00, 0x00, 0x09, 0xF2, 0xAF, 0x10, 0x00, 0x00, 0x00, 0x4F, 0x7D, 0xD0, 0x00, 0x6F, 0x30,
    0x00, 0xF9, 0xEB, 0x00, 0x06, 0xF3, 0x00, 0x0E, 0xBD, 0xB0, 0x00, 0x6F, 0x30, 0x00, 0xFA, 0xCD,
    0x00, 0x08, 0xF4, 0x00, 0x1F, 0x88, 0xF2, 0x00, 0xCF, 0x80, 0x06, 0xF4, 0x1F, 0xD6, 0xAF, 0x5F,
    0x86, 0xFD, 0x00, 0x3D, 0xFD, 0x30, 0x6E, 0xFB, 0x10, 0x03, 0x20, 0x04, 0x10, 0xFB, 0x03, 0xF7,
    0x06, 0x30, 0x07, 0x20, 0x00, 0x00, 0x00, 0x00, 0x4F, 0x50, 0x00, 0x04, 0xF5, 0x00, 0x00, 0x4F,
    0x50, 0x00, 0x04, 0xF5, 0x00, 0x00, 0x4F, 0x50, 0x00, 0x04, 0xF5, 0x00, 0x00, 0x4F, 0x50, 0x00,
    0x04, 0xF6, 0x00, 0x00, 0x1F, 0xC6, 0x10, 0x00, 0x7E, 0xF2, 0x03, 0x20, 0x04, 0x10, 0x0F, 0xB0,
    0x3F, 0x70, 0x06, 0x30, 0x07, 0x20, 0x00, 0x00, 0x00, 0x00, 0xBE, 0x00, 0x0A, 0xF1, 0xBE, 0x00,
    0x04, 0xF7, 0xBE, 0x00, 0x00, 0xFB, 0xBE, 0x00, 0x00, 0xDD, 0xBE, 0x00, 0x00, 0xBE, 0xBE, 0x00,
    0x00, 0xDD, 0xBF, 0x00, 0x01, 0xFA, 0x8F, 0x20, 0x08, 0xF6, 0x2F, 0xD6, 0x9F, 0xC0, 0x03, 0xCF,
    0xE9, 0x00, 0x00, 0x00, 0x03, 0x20, 0x00, 0x00, 0x00, 0x0F, 0x50, 0x00, 0x00, 0x00, 0x2F, 0x00,
    0x00, 0x00, 0x00, 0x38, 0x00, 0x00, 0x00, 0x00, 0x00, 0x00, 0x00, 0x00, 0x2A, 0xEF, 0xC4, 0x00,
    0x02, 0xEE, 0x76, 0xCF, 0x50, 0x0A, 0xF2, 0x00, 0x0D, 0xE0, 0x0F, 0xA0, 0x00, 0x06, 0xF4, 0x2F,
    0x70, 0x00, 0x03, 0xF6, 0x2F, 0x70, 0x00, 0x03, 0xF7, 0x0F, 0xA0, 0x00, 0x06, 0xF4, 0x0B, 0xF2,
    0x00, 0x0C, 0xE0, 0x02, 0xEE, 0x66, 0xCF, 0x50, 0x00, 0x2A, 0xEF, 0xC4, 0x00, 0x00, 0x00, 0x32,
    0x00, 0x00, 0x00, 0xF5, 0x00, 0x00, 0x02, 0xF0, 0x00, 0x00, 0x03, 0x80, 0x00, 0x00, 0x00, 0x00,
    0x00, 0xBE, 0x00, 0x0A, 0xF1, 0xBE, 0x00, 0x04, 0xF7, 0xBE, 0x00, 0x00, 0xFB, 0xBE, 0x00, 0x00,
    0xDD, 0xBE, 0x00, 0x00, 0xBE, 0xBE, 0x00, 0x00, 0xDD, 0xBF, 0x00, 0x01, 0xFA, 0x8F, 0x20, 0x08,
    0xF6, 0x2F, 0xD6, 0x9F, 0xC0, 0x03, 0xCF, 0xE9, 0x00, 0x00, 0x00, 0x00, 0x32, 0x00, 0x00, 0x00,
    0x00, 0x00, 0x0F, 0x50, 0x00, 0x00, 0x00, 0x00, 0x02, 0xF0, 0x00, 0x00, 0x00, 0x00, 0x00, 0x38,
    0x00, 0x00, 0x00, 0x00, 0x00, 0x00, 0x00, 0x00, 0x00, 0x00, 0xEC, 0x00, 0x00, 0x00, 0x0F, 0xC0,
    0x6F, 0x60, 0x00, 0x00, 0x00, 0x9F, 0x2A, 0xF1, 0x00, 0x00, 0x00, 0x04, 0xF7, 0xDD, 0x00, 0x06,
    0xF3, 0x00, 0x0F, 0x9E, 0xB0, 0x00, 0x6F, 0x30, 0x00, 0xEB, 0xDB, 0x00, 0x06, 0xF3, 0x00, 0x0F,
    0xAC, 0xD0, 0x00, 0x8F, 0x40, 0x01, 0xF8, 0x8F, 0x20, 0x0C, 0xF8, 0x00, 0x6F, 0x41, 0xFD, 0x6A,
    0xF5, 0xF8, 0x6F, 0xD0, 0x03, 0xDF, 0xD3, 0x06, 0xEF, 0xB1, 0x00, 0x1F, 0x77, 0x77, 0xF1, 0x2C,
    0x10, 0x02, 0xC1, 0x26, 0x70, 0x07, 0x61, 0x25, 0x70, 0x07, 0x61, 0x25, 0x25, 0x62, 0x61, 0x25,
    0x08, 0x80, 0x61, 0x25, 0x09, 0x70, 0x61, 0x25, 0x08, 0x80, 0x61, 0x25, 0x16, 0x71, 0x61, 0x25,
    0x70, 0x16, 0x61, 0x26, 0x70, 0x08, 0x61, 0x2B, 0x20, 0x03, 0xA1, 0x2F, 0x77, 0x77, 0xF1, 0x1F,
    0x77, 0x77, 0xF1, 0x2C, 0x10, 0x02, 0xC1, 0x26, 0x70, 0x07, 0x61, 0x25, 0x70, 0x07, 0x61, 0x25,
    0x25, 0x62, 0x61, 0x25, 0x08, 0x80, 0x61, 0x25, 0x09, 0x70, 0x61, 0x25, 0x08, 0x80, 0x61, 0x25,
    0x16, 0x71, 0x61, 0x25, 0x70, 0x16, 0x61, 0x26, 0x70, 0x08, 0x61, 0x2B, 0x20, 0x03, 0xA1, 0x2F,
    0x77, 0x77, 0xF1, 0x00, 0x1A, 0xFE, 0x70, 0x00, 0x00, 0xBF, 0x7A, 0xF6, 0x00, 0x00, 0xFA, 0x00,
    0xEB, 0x00, 0x00, 0xF9, 0x00, 0xDC, 0x00, 0x00, 0xEC, 0x00, 0xDD, 0x00, 0x00, 0x7F, 0x70, 0xDD,
    0x00, 0xEB, 0x0B, 0xFC, 0xFF, 0x80, 0xEB, 0x00, 0x5B, 0xFF, 0xD0, 0xEB, 0x00, 0x00, 0xDD, 0x00,
    0xEC, 0x00, 0x00, 0xDC, 0x00, 0xAF, 0x10, 0x02, 0xF9, 0x00, 0x2F, 0xD7, 0x7D, 0xF2, 0x00, 0x02,
    0xBF, 0xFB, 0x30, 0x00, 0x3F, 0xD2, 0x00, 0x00, 0x6E, 0xC0, 0x8F, 0xC0, 0x00, 0x2F, 0xC5, 0x00,
    0x7F, 0x30, 0x09, 0xF2, 0x00, 0x01, 0xFA, 0x00, 0xFA, 0x00, 0x00, 0x09, 0xF1, 0x7F, 0x30, 0x00,
    0x00, 0x2F, 0x8D, 0xC0, 0x00, 0x00, 0x00, 0xBF, 0xF5, 0x00, 0x00, 0x00, 0x04, 0xFF, 0x00, 0x00,
    0x00, 0x00, 0x0F, 0xD0, 0x00, 0x00, 0x00, 0x00, 0xFA, 0x00, 0x00, 0x00, 0x00, 0x0F, 0xA0, 0x00,
    0x00, 0x00, 0x00, 0xFA, 0x00, 0x00, 0x00, 0x00, 0x0F, 0xA0, 0x00, 0x00, 0x0F, 0x70, 0x00, 0x00,
    0x00, 0x00, 0x02, 0xF5, 0xFD, 0x20, 0x00, 0x06, 0xEC, 0x4C, 0x08, 0xFC, 0x00, 0x02, 0xFC, 0x50,
    0x00, 0x07, 0xF3, 0x00, 0x9F, 0x20, 0x00, 0x00, 0x1F, 0xA0, 0x0F, 0xA0, 0x00, 0x00, 0x00, 0x9F,
    0x17, 0xF3, 0x00, 0x00, 0x00, 0x02, 0xF8, 0xDC, 0x00, 0x00, 0x00, 0x00, 0x0B, 0xFF, 0x50, 0x00,
    0x00, 0x00, 0x00, 0x4F, 0xF0, 0x00, 0x00, 0x00, 0x00, 0x00, 0xFD, 0x00, 0x00, 0x00, 0x00, 0x00,
    0x0F, 0xA0, 0x00, 0x00, 0x00, 0x00, 0x00, 0xFA, 0x00, 0x00, 0x00, 0x00, 0x00, 0x0F, 0xA0, 0x00,
    0x00, 0x00, 0x00, 0x00, 0xFA, 0x00, 0x00, 0x1F, 0x77, 0x77, 0xF1, 0x2C, 0x10, 0x02, 0xC1, 0x26,
    0x70, 0x07, 0x61, 0x25, 0x70, 0x07, 0x61, 0x25, 0x25, 0x62, 0x61, 0x25, 0x08, 0x80, 0x61, 0x25,
    0x09, 0x70, 0x61, 0x25, 0x08, 0x80, 0x61, 0x25, 0x16, 0x71, 0x61, 0x25, 0x70, 0x16, 0x61, 0x26,
    0x70, 0x08, 0x61, 0x2B, 0x20, 0x03, 0xA1, 0x2F, 0x77, 0x77, 0xF1, 0x1F, 0x77, 0x77, 0xF1, 0x2C,
    0x10, 0x02, 0xC1, 0x26, 0x70, 0x07, 0x61, 0x25, 0x70, 0x07, 0x61, 0x25, 0x25, 0x62, 0x61, 0x25,
    0x08, 0x80, 0x61, 0x25, 0x09, 0x70, 0x61, 0x25, 0x08, 0x80, 0x61, 0x25, 0x16, 0x71, 0x61, 0x25,
    0x70, 0x16, 0x61, 0x26, 0x70, 0x08, 0x61, 0x2B, 0x20, 0x03, 0xA1, 0x2F, 0x77, 0x77, 0xF1, 0x5F,
    0xFF, 0xFF, 0xFF, 0xFF, 0xFF, 0xFB, 0x1A, 0xFC, 0x55, 0x55, 0x55, 0x9F, 0xE4, 0x0A, 0xF1, 0x00,
    0x00, 0x00, 0x0E, 0xD0, 0x0C, 0xD0, 0x00, 0x7B, 0x00, 0x0A, 0xF0, 0x0D, 0xC0, 0x00, 0xEF, 0x00,
    0x08, 0xF1, 0x0D, 0xC0, 0x00, 0xEF, 0x00, 0x08, 0xF0, 0x0B, 0xE0, 0x00, 0xEF, 0x00, 0x0A, 0xF0,
    0x07, 0xF2, 0x01, 0xFF, 0x40, 0x0E, 0xB0, 0x01, 0xFC, 0x6C, 0xC8, 0xE6, 0xAF, 0x40, 0x00, 0x4D,
    0xFB, 0x10, 0x9F, 0xE6, 0x00, 0x1F, 0x77, 0x77, 0xF1, 0x2C, 0x10, 0x02, 0xC1, 0x26, 0x70, 0x07,
    0x61, 0x25, 0x70, 0x07, 0x61, 0x25, 0x25, 0x62, 0x61, 0x25, 0x08, 0x80, 0x61, 0x25, 0x09, 0x70,
    0x61, 0x25, 0x08, 0x80, 0x61, 0x25, 0x16, 0x71, 0x61, 0x25, 0x70, 0x16, 0x61, 0x26, 0x70, 0x08,
    0x61, 0x2B, 0x20, 0x03, 0xA1, 0x2F, 0x77, 0x77, 0xF1, 0x1F, 0x77, 0x77, 0xF1, 0x2C, 0x10, 0x02,
    0xC1, 0x26, 0x70, 0x07, 0x61, 0x25, 0x70, 0x07, 0x61, 0x25, 0x25, 0x62, 0x61, 0x25, 0x08, 0x80,
    0x61, 0x25, 0x09, 0x70, 0x61, 0x25, 0x08, 0x80, 0x61, 0x25, 0x16, 0x71, 0x61, 0x25, 0x70, 0x16,
    0x61, 0x26, 0x70, 0x08, 0x61, 0x2B, 0x20, 0x03, 0xA1, 0x2F, 0x77, 0x77, 0xF1, 0x1F, 0x77, 0x77,
    0xF1, 0x2C, 0x10, 0x02, 0xC1, 0x26, 0x70, 0x07, 0x61, 0x25, 0x70, 0x07, 0x61, 0x25, 0x25, 0x62,
    0x61, 0x25, 0x08, 0x80, 0x61, 0x25, 0x09, 0x70, 0x61, 0x25, 0x08, 0x80, 0x61, 0x25, 0x16, 0x71,
    0x61, 0x25, 0x70, 0x16, 0x61, 0x26, 0x70, 0x08, 0x61, 0x2B, 0x20, 0x03, 0xA1, 0x2F, 0x77, 0x77,
    0xF1, 0x1F, 0x77, 0x77, 0xF1, 0x2C, 0x10, 0x02, 0xC1, 0x26, 0x70, 0x07, 0x61, 0x25, 0x70, 0x07,
    0x61, 0x25, 0x25, 0x62, 0x61, 0x25, 0x08, 0x80, 0x61, 0x25, 0x09, 0x70, 0x61, 0x25, 0x08, 0x80,
    0x61, 0x25, 0x16, 0x71, 0x61, 0x25, 0x70, 0x16, 0x61, 0x26, 0x70, 0x08, 0x61, 0x2B, 0x20, 0x03,
    0xA1, 0x2F, 0x77, 0x77, 0xF1, 0x1F, 0x77, 0x77, 0xF1, 0x2C, 0x10, 0x02, 0xC1, 0x26, 0x70, 0x07,
    0x61, 0x25, 0x70, 0x07, 0x61, 0x25, 0x25, 0x62, 0x61, 0x25, 0x08, 0x80, 0x61, 0x25, 0x09, 0x70,
    0x61, 0x25, 0x08, 0x80, 0x61, 0x25, 0x16, 0x71, 0x61, 0x25, 0x70, 0x16, 0x61, 0x26, 0x70, 0x08,
    0x61, 0x2B, 0x20, 0x03, 0xA1, 0x2F, 0x77, 0x77, 0xF1, 0x1F, 0x77, 0x77, 0xF1, 0x2C, 0x10, 0x02,
    0xC1, 0x26, 0x70, 0x07, 0x61, 0x25, 0x70, 0x07, 0x61, 0x25, 0x25, 0x62, 0x61, 0x25, 0x08, 0x80,
    0x61, 0x25, 0x09, 0x70, 0x61, 0x25, 0x08, 0x80, 0x61, 0x25, 0x16, 0x71, 0x61, 0x25, 0x70, 0x16,
    0x61, 0x26, 0x70, 0x08, 0x61, 0x2B, 0x20, 0x03, 0xA1, 0x2F, 0x77, 0x77, 0xF1, 0x1F, 0x77, 0x77,
    0xF1, 0x2C, 0x10, 0x02, 0xC1, 0x26, 0x70, 0x07, 0x61, 0x25, 0x70, 0x07, 0x61, 0x25, 0x25, 0x62,
    0x61, 0x25, 0x08, 0x80, 0x61, 0x25, 0x09, 0x70, 0x61, 0x25, 0x08, 0x80, 0x61, 0x25, 0x16, 0x71,
    0x61, 0x25, 0x70, 0x16, 0x61, 0x26, 0x70, 0x08, 0x61, 0x2B, 0x20, 0x03, 0xA1, 0x2F, 0x77, 0x77,
    0xF1, 0x1F, 0x77, 0x77, 0xF1, 0x2C, 0x10, 0x02, 0xC1, 0x26, 0x70, 0x07, 0x61, 0x25, 0x70, 0x07,
    0x61, 0x25, 0x25, 0x62, 0x61, 0x25, 0x08, 0x80, 0x61, 0x25, 0x09, 0x70, 0x61, 0x25, 0x08, 0x80,
    0x61, 0x25, 0x16, 0x71, 0x61, 0x25, 0x70, 0x16, 0x61, 0x26, 0x70, 0x08, 0x61, 0x2B, 0x20, 0x03,
    0xA1, 0x2F, 0x77, 0x77, 0xF1, 0x1F, 0x77, 0x77, 0xF1, 0x2C, 0x10, 0x02, 0xC1, 0x26, 0x70, 0x07,
    0x61, 0x25, 0x70, 0x07, 0x61, 0x25, 0x25, 0x62, 0x61, 0x25, 0x08, 0x80, 0x61, 0x25, 0x09, 0x70,
    0x61, 0x25, 0x08, 0x80, 0x61, 0x25, 0x16, 0x71, 0x61, 0x25, 0x70, 0x16, 0x61, 0x26, 0x70, 0x08,
    0x61, 0x2B, 0x20, 0x03, 0xA1, 0x2F, 0x77, 0x77, 0xF1, 0x1F, 0x77, 0x77, 0xF1, 0x2C, 0x10, 0x02,
    0xC1, 0x26, 0x70, 0x07, 0x61, 0x25, 0x70, 0x07, 0x61, 0x25, 0x25, 0x62, 0x61, 0x25, 0x08, 0x80,
    0x61, 0x25, 0x09, 0x70, 0x61, 0x25, 0x08, 0x80, 0x61, 0x25, 0x16, 0x71, 0x61, 0x25, 0x70, 0x16,
    0x61, 0x26, 0x70, 0x08, 0x61, 0x2B, 0x20, 0x03, 0xA1, 0x2F, 0x77, 0x77, 0xF1, 0x1F, 0x77, 0x77,
    0xF1, 0x2C, 0x10, 0x02, 0xC1, 0x26, 0x70, 0x07, 0x61, 0x25, 0x70, 0x07, 0x61, 0x25, 0x25, 0x62,
    0x61, 0x25, 0x08, 0x80, 0x61, 0x25, 0x09, 0x70, 0x61, 0x25, 0x08, 0x80, 0x61, 0x25, 0x16, 0x71,
    0x61, 0x25, 0x70, 0x16, 0x61, 0x26, 0x70, 0x08, 0x61, 0x2B, 0x20, 0x03, 0xA1, 0x2F, 0x77, 0x77,
    0xF1, 0x1F, 0x77, 0x77, 0xF1, 0x2C, 0x10, 0x02, 0xC1, 0x26, 0x70, 0x07, 0x61, 0x25, 0x70, 0x07,
    0x61, 0x25, 0x25, 0x62, 0x61, 0x25, 0x08, 0x80, 0x61, 0x25, 0x09, 0x70, 0x61, 0x25, 0x08, 0x80,
    0x61, 0x25, 0x16, 0x71, 0x61, 0x25, 0x70, 0x16, 0x61, 0x26, 0x70, 0x08, 0x61, 0x2B, 0x20, 0x03,
    0xA1, 0x2F, 0x77, 0x77, 0xF1, 0x1F, 0x77, 0x77, 0xF1, 0x2C, 0x10, 0x02, 0xC1, 0x26, 0x70, 0x07,
    0x61, 0x25, 0x70, 0x07, 0x61, 0x25, 0x25, 0x62, 0x61, 0x25, 0x08, 0x80, 0x61, 0x25, 0x09, 0x70,
    0x61, 0x25, 0x08, 0x80, 0x61, 0x25, 0x16, 0x71, 0x61, 0x25, 0x70, 0x16, 0x61, 0x26, 0x70, 0x08,
    0x61, 0x2B, 0x20, 0x03, 0xA1, 0x2F, 0x77, 0x77, 0xF1, 0x1F, 0x77, 0x77, 0xF1, 0x2C, 0x10, 0x02,
    0xC1, 0x26, 0x70, 0x07, 0x61, 0x25, 0x70, 0x07, 0x61, 0x25, 0x25, 0x62, 0x61, 0x25, 0x08, 0x80,
    0x61, 0x25, 0x09, 0x70, 0x61, 0x25, 0x08, 0x80, 0x61, 0x25, 0x16, 0x71, 0x61, 0x25, 0x70, 0x16,
    0x61, 0x26, 0x70, 0x08, 0x61, 0x2B, 0x20, 0x03, 0xA1, 0x2F, 0x77, 0x77, 0xF1, 0x1F, 0x77, 0x77,
    0xF1, 0x2C, 0x10, 0x02, 0xC1, 0x26, 0x70, 0x07, 0x61, 0x25, 0x70, 0x07, 0x61, 0x25, 0x25, 0x62,
    0x61, 0x25, 0x08, 0x80, 0x61, 0x25, 0x09, 0x70, 0x61, 0x25, 0x08, 0x80, 0x61, 0x25, 0x16, 0x71,
    0x61, 0x25, 0x70, 0x16, 0x61, 0x26, 0x70, 0x08, 0x61, 0x2B, 0x20, 0x03, 0xA1, 0x2F, 0x77, 0x77,
    0xF1, 0x1F, 0x77, 0x77, 0xF1, 0x2C, 0x10, 0x02, 0xC1, 0x26, 0x70, 0x07, 0x61, 0x25, 0x70, 0x07,
    0x61, 0x25, 0x25, 0x62, 0x61, 0x25, 0x08, 0x80, 0x61, 0x25, 0x09, 0x70, 0x61, 0x25, 0x08, 0x80,
    0x61, 0x25, 0x16, 0x71, 0x61, 0x25, 0x70, 0x16, 0x61, 0x26, 0x70, 0x08, 0x61, 0x2B, 0x20, 0x03,
    0xA1, 0x2F, 0x77, 0x77, 0xF1, 0x1F, 0x77, 0x77, 0xF1, 0x2C, 0x10, 0x02, 0xC1, 0x26, 0x70, 0x07,
    0x61, 0x25, 0x70, 0x07, 0x61, 0x25, 0x25, 0x62, 0x61, 0x25, 0x08, 0x80, 0x61, 0x25, 0x09, 0x70,
    0x61, 0x25, 0x08, 0x80, 0x61, 0x25, 0x16, 0x71, 0x61, 0x25, 0x70, 0x16, 0x61, 0x26, 0x70, 0x08,
    0x61, 0x2B, 0x20, 0x03, 0xA1, 0x2F, 0x77, 0x77, 0xF1, 0x1F, 0x77, 0x77, 0xF1, 0x2C, 0x10, 0x02,
    0xC1, 0x26, 0x70, 0x07, 0x61, 0x25, 0x70, 0x07, 0x61, 0x25, 0x25, 0x62, 0x61, 0x25, 0x08, 0x80,
    0x61, 0x25, 0x09, 0x70, 0x61, 0x25, 0x08, 0x80, 0x61, 0x25, 0x16, 0x71, 0x61, 0x25, 0x70, 0x16,
    0x61, 0x26, 0x70, 0x08, 0x61, 0x2B, 0x20, 0x03, 0xA1, 0x2F, 0x77, 0x77, 0xF1, 0x1F, 0x77, 0x77,
    0xF1, 0x2C, 0x10, 0x02, 0xC1, 0x26, 0x70, 0x07, 0x61, 0x25, 0x70, 0x07, 0x61, 0x25, 0x25, 0x62,
    0x61, 0x25, 0x08, 0x80, 0x61, 0x25, 0x09, 0x70, 0x61, 0x25, 0x08, 0x80, 0x61, 0x25, 0x16, 0x71,
    0x61, 0x25, 0x70, 0x16, 0x61, 0x26, 0x70, 0x08, 0x61, 0x2B, 0x20, 0x03, 0xA1, 0x2F, 0x77, 0x77,
    0xF1, 0x1F, 0x77, 0x77, 0xF1, 0x2C, 0x10, 0x02, 0xC1, 0x26, 0x70, 0x07, 0x61, 0x25, 0x70, 0x07,
    0x61, 0x25, 0x25, 0x62, 0x61, 0x25, 0x08, 0x80, 0x61, 0x25, 0x09, 0x70, 0x61, 0x25, 0x08, 0x80,
    0x61, 0x25, 0x16, 0x71, 0x61, 0x25, 0x70, 0x16, 0x61, 0x26, 0x70, 0x08, 0x61, 0x2B, 0x20, 0x03,
    0xA1, 0x2F, 0x77, 0x77, 0xF1, 0x1F, 0x77, 0x77, 0xF1, 0x2C, 0x10, 0x02, 0xC1, 0x26, 0x70, 0x07,
    0x61, 0x25, 0x70, 0x07, 0x61, 0x25, 0x25, 0x62, 0x61, 0x25, 0x08, 0x80, 0x61, 0x25, 0x09, 0x70,
    0x61, 0x25, 0x08, 0x80, 0x61, 0x25, 0x16, 0x71, 0x61, 0x25, 0x70, 0x16, 0x61, 0x26, 0x70, 0x08,
    0x61, 0x2B, 0x20, 0x03, 0xA1, 0x2F, 0x77, 0x77, 0xF1, 0x1F, 0x77, 0x77, 0xF1, 0x2C, 0x10, 0x02,
    0xC1, 0x26, 0x70, 0x07, 0x61, 0x25, 0x70, 0x07, 0x61, 0x25, 0x25, 0x62, 0x61, 0x25, 0x08, 0x80,
    0x61, 0x25, 0x09, 0x70, 0x61, 0x25, 0x08, 0x80, 0x61, 0x25, 0x16, 0x71, 0x61, 0x25, 0x70, 0x16,
    0x61, 0x26, 0x70, 0x08, 0x61, 0x2B, 0x20, 0x03, 0xA1, 0x2F, 0x77, 0x77, 0xF1, 0x1F, 0x77, 0x77,
    0xF1, 0x2C, 0x10, 0x02, 0xC1, 0x26, 0x70, 0x07, 0x61, 0x25, 0x70, 0x07, 0x61, 0x25, 0x25, 0x62,
    0x61, 0x25, 0x08, 0x80, 0x61, 0x25, 0x09, 0x70, 0x61, 0x25, 0x08, 0x80, 0x61, 0x25, 0x16, 0x71,
    0x61, 0x25, 0x70, 0x16, 0x61, 0x26, 0x70, 0x08, 0x61, 0x2B, 0x20, 0x03, 0xA1, 0x2F, 0x77, 0x77,
    0xF1, 0x1F, 0x77, 0x77, 0xF1, 0x2C, 0x10, 0x02, 0xC1, 0x26, 0x70, 0x07, 0x61, 0x25, 0x70, 0x07,
    0x61, 0x25, 0x25, 0x62, 0x61, 0x25, 0x08, 0x80, 0x61, 0x25, 0x09, 0x70, 0x61, 0x25, 0x08, 0x80,
    0x61, 0x25, 0x16, 0x71, 0x61, 0x25, 0x70, 0x16, 0x61, 0x26, 0x70, 0x08, 0x61, 0x2B, 0x20, 0x03,
    0xA1, 0x2F, 0x77, 0x77, 0xF1, 0x1F, 0x77, 0x77, 0xF1, 0x2C, 0x10, 0x02, 0xC1, 0x26, 0x70, 0x07,
    0x61, 0x25, 0x70, 0x07, 0x61, 0x25, 0x25, 0x62, 0x61, 0x25, 0x08, 0x80, 0x61, 0x25, 0x09, 0x70,
    0x61, 0x25, 0x08, 0x80, 0x61, 0x25, 0x16, 0x71, 0x61, 0x25, 0x70, 0x16, 0x61, 0x26, 0x70, 0x08,
    0x61, 0x2B, 0x20, 0x03, 0xA1, 0x2F, 0x77, 0x77, 0xF1, 0x1F, 0x77, 0x77, 0xF1, 0x2C, 0x10, 0x02,
    0xC1, 0x26, 0x70, 0x07, 0x61, 0x25, 0x70, 0x07, 0x61, 0x25, 0x25, 0x62, 0x61, 0x25, 0x08, 0x80,
    0x61, 0x25, 0x09, 0x70, 0x61, 0x25, 0x08, 0x80, 0x61, 0x25, 0x16, 0x71, 0x61, 0x25, 0x70, 0x16,
    0x61, 0x26, 0x70, 0x08, 0x61, 0x2B, 0x20, 0x03, 0xA1, 0x2F, 0x77, 0x77, 0xF1, 0x1F, 0x77, 0x77,
    0xF1, 0x2C, 0x10, 0x02, 0xC1, 0x26, 0x70, 0x07, 0x61, 0x25, 0x70, 0x07, 0x61, 0x25, 0x25, 0x62,
    0x61, 0x25, 0x08, 0x80, 0x61, 0x25, 0x09, 0x70, 0x61, 0x25, 0x08, 0x80, 0x61, 0x25, 0x16, 0x71,
    0x61, 0x25, 0x70, 0x16, 0x61, 0x26, 0x70, 0x08, 0x61, 0x2B, 0x20, 0x03, 0xA1, 0x2F, 0x77, 0x77,
    0xF1, 0x1F, 0x77, 0x77, 0xF1, 0x2C, 0x10, 0x02, 0xC1, 0x26, 0x70, 0x07, 0x61, 0x25, 0x70, 0x07,
    0x61, 0x25, 0x25, 0x62, 0x61, 0x25, 0x08, 0x80, 0x61, 0x25, 0x09, 0x70, 0x61, 0x25, 0x08, 0x80,
    0x61, 0x25, 0x16, 0x71, 0x61, 0x25, 0x70, 0x16, 0x61, 0x26, 0x70, 0x08, 0x61, 0x2B, 0x20, 0x03,
    0xA1, 0x2F, 0x77, 0x77, 0xF1, 0x1F, 0x77, 0x77, 0xF1, 0x2C, 0x10, 0x02, 0xC1, 0x26, 0x70, 0x07,
    0x61, 0x25, 0x70, 0x07, 0x61, 0x25, 0x25, 0x62, 0x61, 0x25, 0x08, 0x80, 0x61, 0x25, 0x09, 0x70,
    0x61, 0x25, 0x08, 0x80, 0x61, 0x25, 0x16, 0x71, 0x61, 0x25, 0x70, 0x16, 0x61, 0x26, 0x70, 0x08,
    0x61, 0x2B, 0x20, 0x03, 0xA1, 0x2F, 0x77, 0x77, 0xF1, 0x1F, 0x77, 0x77, 0xF1, 0x2C, 0x10, 0x02,
    0xC1, 0x26, 0x70, 0x07, 0x61, 0x25, 0x70, 0x07, 0x61, 0x25, 0x25, 0x62, 0x61, 0x25, 0x08, 0x80,
    0x61, 0x25, 0x09, 0x70, 0x61, 0x25, 0x08, 0x80, 0x61, 0x25, 0x16, 0x71, 0x61, 0x25, 0x70, 0x16,
    0x61, 0x26, 0x70, 0x08, 0x61, 0x2B, 0x20, 0x03, 0xA1, 0x2F, 0x77, 0x77, 0xF1, 0x1F, 0x77, 0x77,
    0xF1, 0x2C, 0x10, 0x02, 0xC1, 0x26, 0x70, 0x07, 0x61, 0x25, 0x70, 0x07, 0x61, 0x25, 0x25, 0x62,
    0x61, 0x25, 0x08, 0x80, 0x61, 0x25, 0x09, 0x70, 0x61, 0x25, 0x08, 0x80, 0x61, 0x25, 0x16, 0x71,
    0x61, 0x25, 0x70, 0x16, 0x61, 0x26, 0x70, 0x08, 0x61, 0x2B, 0x20, 0x03, 0xA1, 0x2F, 0x77, 0x77,
    0xF1, 0x1F, 0x77, 0x77, 0xF1, 0x2C, 0x10, 0x02, 0xC1, 0x26, 0x70, 0x07, 0x61, 0x25, 0x70, 0x07,
    0x61, 0x25, 0x25, 0x62, 0x61, 0x25, 0x08, 0x80, 0x61, 0x25, 0x09, 0x70, 0x61, 0x25, 0x08, 0x80,
    0x61, 0x25, 0x16, 0x71, 0x61, 0x25, 0x70, 0x16, 0x61, 0x26, 0x70, 0x08, 0x61, 0x2B, 0x20, 0x03,
    0xA1, 0x2F, 0x77, 0x77, 0xF1, 0x1F, 0x77, 0x77, 0xF1, 0x2C, 0x10, 0x02, 0xC1, 0x26, 0x70, 0x07,
    0x61, 0x25, 0x70, 0x07, 0x61, 0x25, 0x25, 0x62, 0x61, 0x25, 0x08, 0x80, 0x61, 0x25, 0x09, 0x70,
    0x61, 0x25, 0x08, 0x80, 0x61, 0x25, 0x16, 0x71, 0x61, 0x25, 0x70, 0x16, 0x61, 0x26, 0x70, 0x08,
    0x61, 0x2B, 0x20, 0x03, 0xA1, 0x2F, 0x77, 0x77, 0xF1, 0x1F, 0x77, 0x77, 0xF1, 0x2C, 0x10, 0x02,
    0xC1, 0x26, 0x70, 0x07, 0x61, 0x25, 0x70, 0x07, 0x61, 0x25, 0x25, 0x62, 0x61, 0x25, 0x08, 0x80,
    0x61, 0x25, 0x09, 0x70, 0x61, 0x25, 0x08, 0x80, 0x61, 0x25, 0x16, 0x71, 0x61, 0x25, 0x70, 0x16,
    0x61, 0x26, 0x70, 0x08, 0x61, 0x2B, 0x20, 0x03, 0xA1, 0x2F, 0x77, 0x77, 0xF1, 0x1F, 0x77, 0x77,
    0xF1, 0x2C, 0x10, 0x02, 0xC1, 0x26, 0x70, 0x07, 0x61, 0x25, 0x70, 0x07, 0x61, 0x25, 0x25, 0x62,
    0x61, 0x25, 0x08, 0x80, 0x61, 0x25, 0x09, 0x70, 0x61, 0x25, 0x08, 0x80, 0x61, 0x25, 0x16, 0x71,
    0x61, 0x25, 0x70, 0x16, 0x61, 0x26, 0x70, 0x08, 0x61, 0x2B, 0x20, 0x03, 0xA1, 0x2F, 0x77, 0x77,
    0xF1, 0x1F, 0x77, 0x77, 0xF1, 0x2C, 0x10, 0x02, 0xC1, 0x26, 0x70, 0x07, 0x61, 0x25, 0x70, 0x07,
    0x61, 0x25, 0x25, 0x62, 0x61, 0x25, 0x08, 0x80, 0x61, 0x25, 0x09, 0x70, 0x61, 0x25, 0x08, 0x80,
    0x61, 0x25, 0x16, 0x71, 0x61, 0x25, 0x70, 0x16, 0x61, 0x26, 0x70, 0x08, 0x61, 0x2B, 0x20, 0x03,
    0xA1, 0x2F, 0x77, 0x77, 0xF1, 0x1F, 0x77, 0x77, 0xF1, 0x2C, 0x10, 0x02, 0xC1, 0x26, 0x70, 0x07,
    0x61, 0x25, 0x70, 0x07, 0x61, 0x25, 0x25, 0x62, 0x61, 0x25, 0x08, 0x80, 0x61, 0x25, 0x09, 0x70,
    0x61, 0x25, 0x08, 0x80, 0x61, 0x25, 0x16, 0x71, 0x61, 0x25, 0x70, 0x16, 0x61, 0x26, 0x70, 0x08,
    0x61, 0x2B, 0x20, 0x03, 0xA1, 0x2F, 0x77, 0x77, 0xF1, 0x1F, 0x77, 0x77, 0xF1, 0x2C, 0x10, 0x02,
    0xC1, 0x26, 0x70, 0x07, 0x61, 0x25, 0x70, 0x07, 0x61, 0x25, 0x25, 0x62, 0x61, 0x25, 0x08, 0x80,
    0x61, 0x25, 0x09, 0x70, 0x61, 0x25, 0x08, 0x80, 0x61, 0x25, 0x16, 0x71, 0x61, 0x25, 0x70, 0x16,
    0x61, 0x26, 0x70, 0x08, 0x61, 0x2B, 0x20, 0x03, 0xA1, 0x2F, 0x77, 0x77, 0xF1, 0x1F, 0x77, 0x77,
    0xF1, 0x2C, 0x10, 0x02, 0xC1, 0x26, 0x70, 0x07, 0x61, 0x25, 0x70, 0x07, 0x61, 0x25, 0x25, 0x62,
    0x61, 0x25, 0x08, 0x80, 0x61, 0x25, 0x09, 0x70, 0x61, 0x25, 0x08, 0x80, 0x61, 0x25, 0x16, 0x71,
    0x61, 0x25, 0x70, 0x16, 0x61, 0x26, 0x70, 0x08, 0x61, 0x2B, 0x20, 0x03, 0xA1, 0x2F, 0x77, 0x77,
    0xF1, 0x1F, 0x77, 0x77, 0xF1, 0x2C, 0x10, 0x02, 0xC1, 0x26, 0x70, 0x07, 0x61, 0x25, 0x70, 0x07,
    0x61, 0x25, 0x25, 0x62, 0x61, 0x25, 0x08, 0x80, 0x61, 0x25, 0x09, 0x70, 0x61, 0x25, 0x08, 0x80,
    0x61, 0x25, 0x16, 0x71, 0x61, 0x25, 0x70, 0x16, 0x61, 0x26, 0x70, 0x08, 0x61, 0x2B, 0x20, 0x03,
    0xA1, 0x2F, 0x77, 0x77, 0xF1, 0x1F, 0x77, 0x77, 0xF1, 0x2C, 0x10, 0x02, 0xC1, 0x26, 0x70, 0x07,
    0x61, 0x25, 0x70, 0x07, 0x61, 0x25, 0x25, 0x62, 0x61, 0x25, 0x08, 0x80, 0x61, 0x25, 0x09, 0x70,
    0x61, 0x25, 0x08, 0x80, 0x61, 0x25, 0x16, 0x71, 0x61, 0x25, 0x70, 0x16, 0x61, 0x26, 0x70, 0x08,
    0x61, 0x2B, 0x20, 0x03, 0xA1, 0x2F, 0x77, 0x77, 0xF1, 0x02, 0xFB, 0x00, 0x00, 0x00, 0x05, 0xF5,
    0x00, 0x00, 0x00, 0x09, 0xD0, 0x00, 0x00, 0x00, 0x00, 0x00, 0x00, 0x8F, 0xFF, 0xFF, 0xFF, 0x88,
    0xF9, 0x66, 0x66, 0x63, 0x8F, 0x30, 0x00, 0x00, 0x08, 0xF3, 0x00, 0x00, 0x00, 0x8F, 0x30, 0x00,
    0x00, 0x08, 0xF9, 0x66, 0x66, 0x40, 0x8F, 0xFF, 0xFF, 0xFB, 0x08, 0xF3, 0x00, 0x00, 0x00, 0x8F,
    0x30, 0x00, 0x00, 0x08, 0xF3, 0x00, 0x00, 0x00, 0x8F, 0x30, 0x00, 0x00, 0x08, 0xF9, 0x66, 0x66,
    0x63, 0x8F, 0xFF, 0xFF, 0xFF, 0x90, 0x00, 0x00, 0x00, 0x00, 0x00, 0x0E, 0xA0, 0x3F, 0x60, 0x00,
    0xA6, 0x01, 0xB4, 0x00, 0x00, 0x00, 0x00, 0x00, 0x8F, 0xFF, 0xFF, 0xFF, 0x88, 0xF9, 0x66, 0x66,
    0x63, 0x8F, 0x30, 0x00, 0x00, 0x08, 0xF3, 0x00, 0x00, 0x00, 0x8F, 0x30, 0x00, 0x00, 0x08, 0xF9,
    0x66, 0x66, 0x40, 0x8F, 0xFF, 0xFF, 0xFB, 0x08, 0xF3, 0x00, 0x00, 0x00, 0x8F, 0x30, 0x00, 0x00,
    0x08, 0xF3, 0x00, 0x00, 0x00, 0x8F, 0x30, 0x00, 0x00, 0x08, 0xF9, 0x66, 0x66, 0x63, 0x8F, 0xFF,
    0xFF, 0xFF, 0x90, 0xAF, 0xFF, 0xFF, 0xFF, 0xFF, 0x50, 0x03, 0x66, 0x6F, 0xF6, 0x66, 0x61, 0x00,
    0x00, 0x00, 0xFB, 0x00, 0x00, 0x00, 0x00, 0x00, 0x0F, 0xB0, 0x00, 0x00, 0x00, 0x00, 0x00, 0xFB,
    0x00, 0x00, 0x00, 0x00, 0x00, 0x0F, 0xFC, 0xEF, 0xD8, 0x10, 0x00, 0x00, 0xFF, 0xA8, 0x7A, 0xFE,
    0x10, 0x00, 0x0F, 0xB0, 0x00, 0x05, 0xF8, 0x00, 0x00, 0xFB, 0x00, 0x00, 0x0F, 0xB0, 0x00, 0x0F,
    0xB0, 0x00, 0x00, 0xEC, 0x00, 0x00, 0xFB, 0x00, 0x00, 0x3F, 0x90, 0x00, 0x0F, 0xB0, 0x03, 0x8E,
    0xF2, 0x00, 0x00, 0xFB, 0x00, 0x8E, 0xA2, 0x00, 0x00, 0x00, 0x08, 0xF5, 0x00, 0x00, 0x01, 0xF9,
    0x00, 0x00, 0x00, 0xAC, 0x00, 0x00, 0x00, 0x00, 0x00, 0x00, 0x7F, 0xFF, 0xFF, 0xFF, 0x67, 0xF8,
    0x66, 0x66, 0x62, 0x7F, 0x40, 0x00, 0x00, 0x07, 0xF4, 0x00, 0x00, 0x00, 0x7F, 0x40, 0x00, 0x00,
    0x07, 0xF4, 0x00, 0x00, 0x00, 0x7F, 0x40, 0x00, 0x00, 0x07, 0xF4, 0x00, 0x00, 0x00, 0x7F, 0x40,
    0x00, 0x00, 0x07, 0xF4, 0x00, 0x00, 0x00, 0x7F, 0x40, 0x00, 0x00, 0x07, 0xF4, 0x00, 0x00, 0x00,
    0x7F, 0x40, 0x00, 0x00, 0x00, 0x00, 0x3B, 0xEF, 0xD8, 0x00, 0x06, 0xFD, 0x76, 0x9F, 0xD0, 0x2F,
    0xC0, 0x00, 0x05, 0xF8, 0x8F, 0x40, 0x00, 0x00, 0xED, 0xCF, 0x00, 0x00, 0x00, 0x00, 0xEF, 0x66,
    0x66, 0x40, 0x00, 0xEF, 0xFF, 0xFF, 0xC0, 0x00, 0xED, 0x00, 0x00, 0x00, 0x00, 0xCE, 0x00, 0x00,
    0x00, 0x00, 0x8F, 0x30, 0x00, 0x00, 0xED, 0x2F, 0xC0, 0x00, 0x05, 0xF7, 0x06, 0xFD, 0x76, 0x9F,
    0xC0, 0x00, 0x4B, 0xFF, 0xD8, 0x00, 0x00, 0x29, 0xEF, 0xE9, 0x10, 0x03, 0xFE, 0x86, 0x8F, 0xE1,
    0x0B, 0xF1, 0x00, 0x02, 0xF9, 0x0D, 0xD0, 0x00, 0x00, 0xCE, 0x0A, 0xF5, 0x00, 0x00, 0x00, 0x01,
    0xDF, 0xB6, 0x10, 0x00, 0x00, 0x07, 0xEF, 0xFA, 0x20, 0x00, 0x00, 0x03, 0x9F, 0xF3, 0x00, 0x00,
    0x00, 0x02, 0xFC, 0x3F, 0x80, 0x00, 0x00, 0xBF, 0x0E, 0xD1, 0x00, 0x00, 0xED, 0x04, 0xFE, 0x86,
    0x7D, 0xF5, 0x00, 0x29, 0xDF, 0xEA, 0x30, 0x6F, 0x56, 0xF5, 0x6F, 0x56, 0xF5, 0x6F, 0x56, 0xF5,
    0x6F, 0x56, 0xF5, 0x6F, 0x56, 0xF5, 0x6F, 0x56, 0xF5, 0x6F, 0x50, 0x00, 0x00, 0x00, 0x00, 0xEA,
    0x03, 0xF6, 0x0A, 0x60, 0x1B, 0x40, 0x00, 0x00, 0x00, 0x00, 0x6F, 0x50, 0x00, 0x06, 0xF5, 0x00,
    0x00, 0x6F, 0x50, 0x00, 0x06, 0xF5, 0x00, 0x00, 0x6F, 0x50, 0x00, 0x06, 0xF5, 0x00, 0x00, 0x6F,
    0x50, 0x00, 0x06, 0xF5, 0x00, 0x00, 0x6F, 0x50, 0x00, 0x06, 0xF5, 0x00, 0x00, 0x6F, 0x50, 0x00,
    0x06, 0xF5, 0x00, 0x00, 0x6F, 0x50, 0x00, 0x00, 0x00, 0x00, 0x2F, 0x80, 0x00, 0x00, 0x02, 0xF8,
    0x00, 0x00, 0x00, 0x2F, 0x80, 0x00, 0x00, 0x02, 0xF8, 0x00, 0x00, 0x00, 0x2F, 0x80, 0x00, 0x00,
    0x02, 0xF8, 0x00, 0x00, 0x00, 0x2F, 0x80, 0x00, 0x00, 0x02, 0xF8, 0x00, 0x00, 0x00, 0x2F, 0x87,
    0xF3, 0x00, 0x02, 0xF7, 0x4F, 0x80, 0x00, 0x8F, 0x40, 0xCF, 0x96, 0x9F, 0xC0, 0x00, 0x9E, 0xFE,
    0x80, 0x00, 0x00, 0x0D, 0xFF, 0xFF, 0xFF, 0xF1, 0x00, 0x00, 0x00, 0x00, 0x00, 0xDF, 0x66, 0x66,
    0xDF, 0x10, 0x00, 0x00, 0x00, 0x00, 0x0C, 0xD0, 0x00, 0x09, 0xF1, 0x00, 0x00, 0x00, 0x00, 0x00,
    0xDD, 0x00, 0x00, 0x9F, 0x10, 0x00, 0x00, 0x00, 0x00, 0x0E, 0xC0, 0x00, 0x09, 0xF1, 0x00, 0x00,
    0x00, 0x00, 0x00, 0xEB, 0x00, 0x00, 0x9F, 0xFF, 0xFF, 0xD7, 0x00, 0x00, 0x0F, 0xA0, 0x00, 0x09,
    0xF7, 0x66, 0x6B, 0xFA, 0x00, 0x00, 0xF9, 0x00, 0x00, 0x9F, 0x10, 0x00, 0x09, 0xF3, 0x00, 0x2F,
    0x80, 0x00, 0x09, 0xF1, 0x00, 0x00, 0x3F, 0x70, 0x04, 0xF5, 0x00, 0x00, 0x9F, 0x10, 0x00, 0x03,
    0xF7, 0x00, 0xAF, 0x10, 0x00, 0x09, 0xF1, 0x00, 0x00, 0x9F, 0x33, 0xAF, 0xB0, 0x00, 0x00, 0x9F,
    0x66, 0x66, 0xAF, 0xA0, 0x8E, 0xA1, 0x00, 0x00, 0x09, 0xFF, 0xFF, 0xFD, 0x70, 0x00, 0x7F, 0x40,
    0x00, 0x00, 0x7F, 0x40, 0x00, 0x00, 0x00, 0x7F, 0x40, 0x00, 0x00, 0x7F, 0x40, 0x00, 0x00, 0x00,
    0x7F, 0x40, 0x00, 0x00, 0x7F, 0x40, 0x00, 0x00, 0x00, 0x7F, 0x40, 0x00, 0x00, 0x7F, 0x40, 0x00,
    0x00, 0x00, 0x7F, 0x40, 0x00, 0x00, 0x7F, 0x40, 0x00, 0x00, 0x00, 0x7F, 0xA6, 0x66, 0x66, 0xBF,
    0xA6, 0x65, 0x40, 0x00, 0x7F, 0xFF, 0xFF, 0xFF, 0xFF, 0xFF, 0xFF, 0xFE, 0x50, 0x7F, 0x40, 0x00,
    0x00, 0x7F, 0x40, 0x00, 0x3C, 0xF3, 0x7F, 0x40, 0x00, 0x00, 0x7F, 0x40, 0x00, 0x02, 0xF9, 0x7F,
    0x40, 0x00, 0x00, 0x7F, 0x40, 0x00, 0x00, 0xFA, 0x7F, 0x40, 0x00, 0x00, 0x7F, 0x40, 0x00, 0x06,
    0xF7, 0x7F, 0x40, 0x00, 0x00, 0x7F, 0x97, 0x77, 0xAF, 0xD0, 0x7F, 0x40, 0x00, 0x00, 0x7F, 0xFF,
    0xFF, 0xE8, 0x00, 0x7F, 0xFF, 0xFF, 0xFF, 0xFF, 0x70, 0x00, 0x26, 0x66, 0xFF, 0x66, 0x66, 0x20,
    0x00, 0x00, 0x00, 0xED, 0x00, 0x00, 0x00, 0x00, 0x00, 0x00, 0xED, 0x00, 0x00, 0x00, 0x00, 0x00,
    0x00, 0xED, 0x00, 0x00, 0x00, 0x00, 0x00, 0x00, 0xEF, 0xCE, 0xFF, 0xC5, 0x00, 0x00, 0x00, 0xEF,
    0x97, 0x67, 0xCF, 0x60, 0x00, 0x00, 0xED, 0x00, 0x00, 0x0D, 0xE0, 0x00, 0x00, 0xED, 0x00, 0x00,
    0x09, 0xF0, 0x00, 0x00, 0xED, 0x00, 0x00, 0x09, 0xF1, 0x00, 0x00, 0xED, 0x00, 0x00, 0x09, 0xF1,
    0x00, 0x00, 0xED, 0x00, 0x00, 0x09, 0xF1, 0x00, 0x00, 0xED, 0x00, 0x00, 0x09, 0xF1, 0x00, 0x00,
    0x8F, 0x50, 0x00, 0x00, 0x00, 0x1F, 0x90, 0x00, 0x00, 0x00, 0x0A, 0xC0, 0x00, 0x00, 0x00, 0x00,
    0x00, 0x00, 0x00, 0x00, 0x8F, 0x30, 0x00, 0x09, 0xF7, 0x08, 0xF3, 0x00, 0x07, 0xF9, 0x00, 0x8F,
    0x30, 0x05, 0xFB, 0x00, 0x08, 0xF3, 0x03, 0xFC, 0x00, 0x00, 0x8F, 0x32, 0xED, 0x10, 0x00, 0x08,
    0xF4, 0xEF, 0x20, 0x00, 0x00, 0x8F, 0xFF, 0xF7, 0x00, 0x00, 0x08, 0xFF, 0x4C, 0xF3, 0x00, 0x00,
    0x8F, 0x70, 0x2F, 0xD1, 0x00, 0x08, 0xF3, 0x00, 0x5F, 0xA0, 0x00, 0x8F, 0x30, 0x00, 0x9F, 0x60,
    0x08, 0xF3, 0x00, 0x00, 0xDF, 0x30, 0x8F, 0x30, 0x00, 0x02, 0xFD, 0x00, 0x00, 0x2F, 0xB0, 0x00,
    0x00, 0x00, 0x00, 0x5F, 0x50, 0x00, 0x00, 0x00, 0x00, 0x9D, 0x00, 0x00, 0x00, 0x00, 0x00, 0x00,
    0x00, 0x00, 0x7F, 0x40, 0x00, 0x00, 0xCF, 0x47, 0xF4, 0x00, 0x00, 0x6F, 0xF4, 0x7F, 0x40, 0x00,
    0x1E, 0xFF, 0x47, 0xF4, 0x00, 0x0A, 0xFA, 0xF4, 0x7F, 0x40, 0x04, 0xF9, 0x7F, 0x47, 0xF4, 0x00,
    0xDE, 0x07, 0xF4, 0x7F, 0x40, 0x8F, 0x50, 0x7F, 0x47, 0xF4, 0x2F, 0xB0, 0x07, 0xF4, 0x7F, 0x4C,
    0xF1, 0x00, 0x7F, 0x47, 0xFA, 0xF7, 0x00, 0x07, 0xF4, 0x7F, 0xFC, 0x00, 0x00, 0x7F, 0x47, 0xFF,
    0x30, 0x00, 0x07, 0xF4, 0x7F, 0x90, 0x00, 0x00, 0x7F, 0x40, 0x00, 0x0B, 0xB1, 0x3F, 0x40, 0x00,
    0x00, 0x2C, 0xFD, 0x80, 0x00, 0x00, 0x00, 0x00, 0x00, 0x00, 0x01, 0xFC, 0x00, 0x00, 0x05, 0xF9,
    0x0A, 0xF3, 0x00, 0x00, 0xCF, 0x20, 0x2F, 0xB0, 0x00, 0x2F, 0xB0, 0x00, 0xBF, 0x20, 0x08, 0xF4,
    0x00, 0x04, 0xF9, 0x00, 0xED, 0x00, 0x00, 0x0C, 0xF1, 0x5F, 0x70, 0x00, 0x00, 0x5F, 0x7B, 0xF1,
    0x00, 0x00, 0x00, 0xDF, 0xF9, 0x00, 0x00, 0x00, 0x06, 0xFF, 0x20, 0x00, 0x00, 0x00, 0x1F, 0xF0,
    0x00, 0x00, 0x00, 0x06, 0xF5, 0x00, 0x00, 0x00, 0x47, 0xFD, 0x00, 0x00, 0x00, 0x0B, 0xFB, 0x20,
    0x00, 0x00, 0x7F, 0x40, 0x00, 0x00, 0x7F, 0x47, 0xF4, 0x00, 0x00, 0x07, 0xF4, 0x7F, 0x40, 0x00,
    0x00, 0x7F, 0x47, 0xF4, 0x00, 0x00, 0x07, 0xF4, 0x7F, 0x40, 0x00, 0x00, 0x7F, 0x47, 0xF4, 0x00,
    0x00, 0x07, 0xF4, 0x7F, 0x40, 0x00, 0x00, 0x7F, 0x47, 0xF4, 0x00, 0x00, 0x07, 0xF4, 0x7F, 0x40,
    0x00, 0x00, 0x7F, 0x47, 0xF4, 0x00, 0x00, 0x07, 0xF4, 0x7F, 0x40, 0x00, 0x00, 0x7F, 0x47, 0xF8,
    0x67, 0x96, 0x6A, 0xF4, 0x7F, 0xFF, 0xFF, 0xFF, 0xFF, 0x40, 0x00, 0x06, 0xF4, 0x00, 0x00, 0x00,
    0x00, 0x6F, 0x40, 0x00, 0x00, 0x00, 0x06, 0xF4, 0x00, 0x00, 0x00, 0x00, 0x1F, 0xF0, 0x00, 0x00,
    0x00, 0x00, 0x6F, 0xF3, 0x00, 0x00, 0x00, 0x00, 0xCC, 0xF9, 0x00, 0x00, 0x00, 0x02, 0xF6, 0xAE,
    0x00, 0x00, 0x00, 0x08, 0xF1, 0x4F, 0x50, 0x00, 0x00, 0x0E, 0xA0, 0x0E, 0xB0, 0x00, 0x00, 0x4F,
    0x50, 0x09, 0xF1, 0x00, 0x00, 0xAE, 0x00, 0x03, 0xF7, 0x00, 0x01, 0xFF, 0x66, 0x66, 0xFF, 0x00,
    0x06, 0xFF, 0xFF, 0xFF, 0xFF, 0x30, 0x0D, 0xE0, 0x00, 0x00, 0x2F, 0x90, 0x2F, 0x80, 0x00, 0x00,
    0x0C, 0xE0, 0x9F, 0x20, 0x00, 0x00, 0x06, 0xF5, 0xFF, 0xFF, 0xFF, 0xFF, 0x40, 0xFF, 0x96, 0x66,
    0x66, 0x10, 0xFF, 0x40, 0x00, 0x00, 0x00, 0xFF, 0x40, 0x00, 0x00, 0x00, 0xFF, 0x40, 0x00, 0x00,
    0x00, 0xFF, 0xA6, 0x65, 0x30, 0x00, 0xFF, 0xFF, 0xFF, 0xFE, 0x40, 0xFF, 0x40, 0x00, 0x3D, 0xF1,
    0xFF, 0x40, 0x00, 0x04, 0xF7, 0xFF, 0x40, 0x00, 0x02, 0xF8, 0xFF, 0x40, 0x00, 0x07, 0xF5, 0xFF,
    0x96, 0x66, 0xAF, 0xC0, 0xFF, 0xFF, 0xFF, 0xD8, 0x00, 0x8F, 0xFF, 0xFE, 0xB4, 0x00, 0x8F, 0x86,
    0x67, 0xDF, 0x40, 0x8F, 0x30, 0x00, 0x1F, 0xB0, 0x8F, 0x30, 0x00, 0x0D, 0xD0, 0x8F, 0x30, 0x00,
    0x2F, 0xA0, 0x8F, 0xAB, 0xBD, 0xFD, 0x10, 0x8F, 0xFF, 0xFF, 0xF9, 0x00, 0x8F, 0x30, 0x00, 0x5F,
    0xA0, 0x8F, 0x30, 0x00, 0x09, 0xF1, 0x8F, 0x30, 0x00, 0x08, 0xF2, 0x8F, 0x30, 0x00, 0x0C, 0xF0,
    0x8F, 0x86, 0x66, 0xCF, 0x70, 0x8F, 0xFF, 0xFF, 0xC6, 0x00, 0x7F, 0xFF, 0xFF, 0xFF, 0x67, 0xF8,
    0x66, 0x66, 0x62, 0x7F, 0x40, 0x00, 0x00, 0x07, 0xF4, 0x00, 0x00, 0x00, 0x7F, 0x40, 0x00, 0x00,
    0x07, 0xF4, 0x00, 0x00, 0x00, 0x7F, 0x40, 0x00, 0x00, 0x07, 0xF4, 0x00, 0x00, 0x00, 0x7F, 0x40,
    0x00, 0x00, 0x07, 0xF4, 0x00, 0x00, 0x00, 0x7F, 0x40, 0x00, 0x00, 0x07, 0xF4, 0x00, 0x00, 0x00,
    0x7F, 0x40, 0x00, 0x00, 0x00, 0x00, 0x05, 0xFF, 0xFF, 0xFF, 0xF5, 0x00, 0x00, 0x06, 0xFB, 0x66,
    0x6B, 0xF5, 0x00, 0x00, 0x06, 0xF4, 0x00, 0x05, 0xF5, 0x00, 0x00, 0x07, 0xF3, 0x00, 0x05, 0xF5,
    0x00, 0x00, 0x08, 0xF2, 0x00, 0x05, 0xF5, 0x00, 0x00, 0x09, 0xF1, 0x00, 0x05, 0xF5, 0x00, 0x00,
    0x0A, 0xF0, 0x00, 0x05, 0xF5, 0x00, 0x00, 0x0D, 0xE0, 0x00, 0x05, 0xF5, 0x00, 0x00, 0x0F, 0xA0,
    0x00, 0x05, 0xF5, 0x00, 0x00, 0x5F, 0x60, 0x00, 0x05, 0xF5, 0x00, 0x00, 0xCF, 0x00, 0x00, 0x05,
    0xF5, 0x00, 0x3F, 0xFD, 0x66, 0x66, 0x6B, 0xFC, 0x60, 0x9F, 0xFF, 0xFF, 0xFF, 0xFF, 0xFF, 0xF0,
    0x8F, 0x20, 0x00, 0x00, 0x00, 0x0A, 0xF0, 0x8F, 0x20, 0x00, 0x00, 0x00, 0x0A, 0xF0, 0x8F, 0x20,
    0x00, 0x00, 0x00, 0x0A, 0xF0, 0x8F, 0xFF, 0xFF, 0xFF, 0x88, 0xF9, 0x66, 0x66, 0x63, 0x8F, 0x30,
    0x00, 0x00, 0x08, 0xF3, 0x00, 0x00, 0x00, 0x8F, 0x30, 0x00, 0x00, 0x08, 0xF9, 0x66, 0x66, 0x40,
    0x8F, 0xFF, 0xFF, 0xFB, 0x08, 0xF3, 0x00, 0x00, 0x00, 0x8F, 0x30, 0x00, 0x00, 0x08, 0xF3, 0x00,
    0x00, 0x00, 0x8F, 0x30, 0x00, 0x00, 0x08, 0xF9, 0x66, 0x66, 0x63, 0x8F, 0xFF, 0xFF, 0xFF, 0x90,
    0x2F, 0xD0, 0x00, 0x09, 0xF1, 0x00, 0x06, 0xF8, 0x00, 0x7F, 0x70, 0x00, 0x9F, 0x10, 0x01, 0xED,
    0x00, 0x00, 0xCF, 0x10, 0x09, 0xF1, 0x00, 0xAF, 0x40, 0x00, 0x02, 0xFB, 0x00, 0x9F, 0x10, 0x3F,
    0x90, 0x00, 0x00, 0x07, 0xF4, 0x09, 0xF1, 0x0D, 0xE0, 0x00, 0x00, 0x00, 0x0E, 0xF6, 0xFF, 0x89,
    0xF4, 0x00, 0x00, 0x00, 0x00, 0xEF, 0xFF, 0xFF, 0xFF, 0x20, 0x00, 0x00, 0x00, 0x5F, 0xB0, 0x9F,
    0x13, 0xFC, 0x00, 0x00, 0x00, 0x0E, 0xF1, 0x09, 0xF1, 0x09, 0xF6, 0x00, 0x00, 0x09, 0xF7, 0x00,
    0x9F, 0x10, 0x1E, 0xF1, 0x00, 0x03, 0xFD, 0x00, 0x09, 0xF1, 0x00, 0x6F, 0xA0, 0x00, 0xCF, 0x40,
    0x00, 0x9F, 0x10, 0x00, 0xCF, 0x40, 0x7F, 0xA0, 0x00, 0x09, 0xF1, 0x00, 0x03, 0xFD, 0x00, 0x00,
    0x2A, 0xEF, 0xD9, 0x10, 0x02, 0xFE, 0x86, 0x9F, 0xE2, 0x0C, 0xF1, 0x00, 0x04, 0xF9, 0x0F, 0xA0,
    0x00, 0x00, 0xFB, 0x00, 0x00, 0x00, 0x03, 0xF8, 0x00, 0x00, 0x77, 0x8E, 0xC0, 0x00, 0x02, 0xFF,
    0xFF, 0x50, 0x00, 0x00, 0x00, 0x2A, 0xF6, 0x00, 0x00, 0x00, 0x00, 0xED, 0x3F, 0x70, 0x00, 0x00,
    0xCE, 0x0F, 0xD0, 0x00, 0x03, 0xFB, 0x06, 0xFD, 0x76, 0x9F, 0xF2, 0x00, 0x3B, 0xEF, 0xD9, 0x10,
    0x7F, 0x40, 0x00, 0x00, 0xCF, 0x47, 0xF4, 0x00, 0x00, 0x6F, 0xF4, 0x7F, 0x40, 0x00, 0x1E, 0xFF,
    0x47, 0xF4, 0x00, 0x0A, 0xFA, 0xF4, 0x7F, 0x40, 0x04, 0xF9, 0x7F, 0x47, 0xF4, 0x00, 0xDE, 0x07,
    0xF4, 0x7F, 0x40, 0x8F, 0x50, 0x7F, 0x47, 0xF4, 0x2F, 0xB0, 0x07, 0xF4, 0x7F, 0x4C, 0xF1, 0x00,
    0x7F, 0x47, 0xFA, 0xF7, 0x00, 0x07, 0xF4, 0x7F, 0xFC, 0x00, 0x00, 0x7F, 0x47, 0xFF, 0x30, 0x00,
    0x07, 0xF4, 0x7F, 0x90, 0x00, 0x00, 0x7F, 0x40, 0x00, 0x0B, 0xB1, 0x3F, 0x40, 0x00, 0x00, 0x2C,
    0xFD, 0x80, 0x00, 0x00, 0x00, 0x00, 0x00, 0x00, 0x07, 0xF4, 0x00, 0x00, 0x0C, 0xF4, 0x7F, 0x40,
    0x00, 0x06, 0xFF, 0x47, 0xF4, 0x00, 0x01, 0xEF, 0xF4, 0x7F, 0x40, 0x00, 0xAF, 0xAF, 0x47, 0xF4,
    0x00, 0x4F, 0x97, 0xF4, 0x7F, 0x40, 0x0D, 0xE0, 0x7F, 0x47, 0xF4, 0x08, 0xF5, 0x07, 0xF4, 0x7F,
    0x42, 0xFB, 0x00, 0x7F, 0x47, 0xF4, 0xCF, 0x10, 0x07, 0xF4, 0x7F, 0xAF, 0x70, 0x00, 0x7F, 0x47,
    0xFF, 0xC0, 0x00, 0x07, 0xF4, 0x7F, 0xF3, 0x00, 0x00, 0x7F, 0x47, 0xF9, 0x00, 0x00, 0x07, 0xF4,
    0x7F, 0x40, 0x00, 0x05, 0xFB, 0x07, 0xF4, 0x00, 0x03, 0xFE, 0x10, 0x7F, 0x40, 0x01, 0xDF, 0x30,
    0x07, 0xF4, 0x00, 0xBF, 0x50, 0x00, 0x7F, 0x40, 0x8F, 0x90, 0x00, 0x07, 0xFA, 0x8F, 0xC0, 0x00,
    0x00, 0x7F, 0xFF, 0xF9, 0x00, 0x00, 0x07, 0xF4, 0x0C, 0xF4, 0x00, 0x00, 0x7F, 0x40, 0x1E, 0xE1,
    0x00, 0x07, 0xF4, 0x00, 0x4F, 0xC0, 0x00, 0x7F, 0x40, 0x00, 0x7F, 0x90, 0x07, 0xF4, 0x00, 0x00,
    0xBF, 0x50, 0x7F, 0x40, 0x00, 0x01, 0xEF, 0x20, 0x00, 0x0E, 0xFF, 0xFF, 0xFF, 0xF2, 0x00, 0x0D,
    0xF6, 0x66, 0x6C, 0xF2, 0x00, 0x0D, 0xD0, 0x00, 0x08, 0xF2, 0x00, 0x0D, 0xC0, 0x00, 0x08, 0xF2,
    0x00, 0x0E, 0xC0, 0x00, 0x08, 0xF2, 0x00, 0x0F, 0xB0, 0x00, 0x08, 0xF2, 0x00, 0x0F, 0xA0, 0x00,
    0x08, 0xF2, 0x00, 0x0F, 0x90, 0x00, 0x08, 0xF2, 0x00, 0x2F, 0x70, 0x00, 0x08, 0xF2, 0x00, 0x4F,
    0x50, 0x00, 0x08, 0xF2, 0x00, 0xAF, 0x10, 0x00, 0x08, 0xF2, 0x3A, 0xFA, 0x00, 0x00, 0x08, 0xF2,
    0x9E, 0xA0, 0x00, 0x00, 0x08, 0xF2, 0x8F, 0xD0, 0x00, 0x00, 0x00, 0x2F, 0xF3, 0x8F, 0xF4, 0x00,
    0x00, 0x00, 0x8F, 0xF3, 0x8F, 0xFA, 0x00, 0x00, 0x00, 0xEF, 0xF3, 0x8F, 0xAF, 0x10, 0x00, 0x05,
    0xFA, 0xF3, 0x8F, 0x4F, 0x70, 0x00, 0x0B, 0xE6, 0xF3, 0x8F, 0x1C, 0xD0, 0x00, 0x2F, 0x76, 0xF3,
    0x8F, 0x26, 0xF3, 0x00, 0x8F, 0x16, 0xF3, 0x8F, 0x20, 0xFA, 0x00, 0xEA, 0x07, 0xF3, 0x8F, 0x20,
    0x9F, 0x15, 0xF4, 0x07, 0xF3, 0x8F, 0x20, 0x3F, 0x6B, 0xE0, 0x07, 0xF3, 0x8F, 0x20, 0x0C, 0xDF,
    0x70, 0x07, 0xF3, 0x8F, 0x20, 0x06, 0xFF, 0x10, 0x07, 0xF3, 0x8F, 0x20, 0x00, 0xFA, 0x00, 0x07,
    0xF3, 0x8F, 0x30, 0x00, 0x00, 0x5F, 0x58, 0xF3, 0x00, 0x00, 0x05, 0xF5, 0x8F, 0x30, 0x00, 0x00,
    0x5F, 0x58, 0xF3, 0x00, 0x00, 0x05, 0xF5, 0x8F, 0x30, 0x00, 0x00, 0x5F, 0x58, 0xF9, 0x66, 0x66,
    0x6A, 0xF5, 0x8F, 0xFF, 0xFF, 0xFF, 0xFF, 0x58, 0xF3, 0x00, 0x00, 0x05, 0xF5, 0x8F, 0x30, 0x00,
    0x00, 0x5F, 0x58, 0xF3, 0x00, 0x00, 0x05, 0xF5, 0x8F, 0x30, 0x00, 0x00, 0x5F, 0x58, 0xF3, 0x00,
    0x00, 0x05, 0xF5, 0x8F, 0x30, 0x00, 0x00, 0x5F, 0x50, 0x00, 0x3B, 0xEF, 0xD7, 0x00, 0x00, 0x5F,
    0xE8, 0x7B, 0xFB, 0x00, 0x2F, 0xC0, 0x00, 0x06, 0xF7, 0x08, 0xF3, 0x00, 0x00, 0x0C, 0xE0, 0xCE,
    0x00, 0x00, 0x00, 0x8F, 0x2E, 0xC0, 0x00, 0x00, 0x06, 0xF4, 0xFB, 0x00, 0x00, 0x00, 0x5F, 0x5E,
    0xC0, 0x00, 0x00, 0x06, 0xF4, 0xCE, 0x00, 0x00, 0x00, 0x8F, 0x38, 0xF3, 0x00, 0x00, 0x0C, 0xE0,
    0x2F, 0xC0, 0x00, 0x06, 0xF8, 0x00, 0x5F, 0xD8, 0x7A, 0xFC, 0x00, 0x00, 0x3B, 0xEF, 0xD7, 0x00,
    0x00, 0x7F, 0xFF, 0xFF, 0xFF, 0xFF, 0x47, 0xF8, 0x66, 0x66, 0x6A, 0xF4, 0x7F, 0x40, 0x00, 0x00,
    0x6F, 0x47, 0xF4, 0x00, 0x00, 0x06, 0xF4, 0x7F, 0x40, 0x00, 0x00, 0x6F, 0x47, 0xF4, 0x00, 0x00,
    0x06, 0xF4, 0x7F, 0x40, 0x00, 0x00, 0x6F, 0x47, 0xF4, 0x00, 0x00, 0x06, 0xF4, 0x7F, 0x40, 0x00,
    0x00, 0x6F, 0x47, 0xF4, 0x00, 0x00, 0x06, 0xF4, 0x7F, 0x40, 0x00, 0x00, 0x6F, 0x47, 0xF4, 0x00,
    0x00, 0x06, 0xF4, 0x7F, 0x40, 0x00, 0x00, 0x6F, 0x40, 0x8F, 0xFF, 0xFF, 0xD8, 0x00, 0x8F, 0x86,
    0x66, 0xAF, 0xC0, 0x8F, 0x30, 0x00, 0x07, 0xF6, 0x8F, 0x30, 0x00, 0x01, 0xFA, 0x8F, 0x30, 0x00,
    0x00, 0xFA, 0x8F, 0x30, 0x00, 0x06, 0xF6, 0x8F, 0x96, 0x66, 0x9F, 0xD0, 0x8F, 0xFF, 0xFF, 0xD8,
    0x10, 0x8F, 0x30, 0x00, 0x00, 0x00, 0x8F, 0x30, 0x00, 0x00, 0x00, 0x8F, 0x30, 0x00, 0x00, 0x00,
    0x8F, 0x30, 0x00, 0x00, 0x00, 0x8F, 0x30, 0x00, 0x00, 0x00, 0x00, 0x4B, 0xEF, 0xD8, 0x00, 0x06,
    0xFD, 0x76, 0x9F, 0xC0, 0x2F, 0xB0, 0x00, 0x05, 0xF7, 0x9F, 0x30, 0x00, 0x00, 0xEC, 0xDE, 0x00,
    0x00, 0x00, 0x00, 0xEC, 0x00, 0x00, 0x00, 0x00, 0xFC, 0x00, 0x00, 0x00, 0x00, 0xEC, 0x00, 0x00,
    0x00, 0x00, 0xDE, 0x00, 0x00, 0x00, 0x00, 0x9F, 0x30, 0x00, 0x00, 0xEC, 0x2F, 0xB0, 0x00, 0x05,
    0xF7, 0x07, 0xFC, 0x76, 0x9F, 0xC0, 0x00, 0x4C, 0xFF, 0xD7, 0x00, 0x9F, 0xFF, 0xFF, 0xFF, 0xFF,
    0x53, 0x66, 0x6D, 0xF9, 0x66, 0x62, 0x00, 0x00, 0x7F, 0x30, 0x00, 0x00, 0x00, 0x07, 0xF3, 0x00,
    0x00, 0x00, 0x00, 0x7F, 0x30, 0x00, 0x00, 0x00, 0x07, 0xF3, 0x00, 0x00, 0x00, 0x00, 0x7F, 0x30,
    0x00, 0x00, 0x00, 0x07, 0xF3, 0x00, 0x00, 0x00, 0x00, 0x7F, 0x30, 0x00, 0x00, 0x00, 0x07, 0xF3,
    0x00, 0x00, 0x00, 0x00, 0x7F, 0x30, 0x00, 0x00, 0x00, 0x07, 0xF3, 0x00, 0x00, 0x00, 0x00, 0x7F,
    0x30, 0x00, 0x00, 0x1F, 0xC0, 0x00, 0x00, 0x5F, 0x90, 0xAF, 0x30, 0x00, 0x0C, 0xF2, 0x02, 0xFB,
    0x00, 0x02, 0xFB, 0x00, 0x0B, 0xF2, 0x00, 0x8F, 0x40, 0x00, 0x4F, 0x90, 0x0E, 0xD0, 0x00, 0x00,
    0xCF, 0x15, 0xF7, 0x00, 0x00, 0x05, 0xF7, 0xBF, 0x10, 0x00, 0x00, 0x0D, 0xFF, 0x90, 0x00, 0x00,
    0x00, 0x6F, 0xF2, 0x00, 0x00, 0x00, 0x01, 0xFF, 0x00, 0x00, 0x00, 0x00, 0x6F, 0x50, 0x00, 0x00,
    0x04, 0x7F, 0xD0, 0x00, 0x00, 0x00, 0xBF, 0xB2, 0x00, 0x00, 0x00, 0x00, 0x00, 0x00, 0xDD, 0x00,
    0x00, 0x00, 0x00, 0x00, 0x00, 0xDD, 0x00, 0x00, 0x00, 0x00, 0x06, 0xCF, 0xFF, 0xFC, 0x70, 0x00,
    0x00, 0xCF, 0x95, 0xFF, 0x59, 0xFC, 0x00, 0x09, 0xF3, 0x00, 0xDD, 0x00, 0x4F, 0x90, 0x0F, 0x90,
    0x00, 0xDD, 0x00, 0x0A, 0xF0, 0x3F, 0x60, 0x00, 0xDD, 0x00, 0x07, 0xF3, 0x3F, 0x60, 0x00, 0xDD,
    0x00, 0x06, 0xF3, 0x0F, 0xA0, 0x00, 0xDD, 0x00, 0x0A, 0xF0, 0x09, 0xF3, 0x00, 0xDD, 0x00, 0x3F,
    0x90, 0x00, 0xCF, 0x96, 0xFF, 0x59, 0xFC, 0x00, 0x00, 0x07, 0xCF, 0xFF, 0xFC, 0x70, 0x00, 0x00,
    0x00, 0x00, 0xDD, 0x00, 0x00, 0x00, 0x00, 0x00, 0x00, 0xDD, 0x00, 0x00, 0x00, 0x1F, 0xD0, 0x00,
    0x00, 0x9F, 0x60, 0x7F, 0x80, 0x00, 0x3F, 0xC0, 0x00, 0xCF, 0x20, 0x0C, 0xF2, 0x00, 0x03, 0xFB,
    0x06, 0xF8, 0x00, 0x00, 0x09, 0xF7, 0xFD, 0x00, 0x00, 0x00, 0x0E, 0xFF, 0x40, 0x00, 0x00, 0x00,
    0x8F, 0xD0, 0x00, 0x00, 0x00, 0x1E, 0xFF, 0x50, 0x00, 0x00, 0x0A, 0xF5, 0xEE, 0x10, 0x00, 0x04,
    0xFA, 0x05, 0xF9, 0x00, 0x00, 0xDF, 0x10, 0x0B, 0xF3, 0x00, 0x8F, 0x60, 0x00, 0x2F, 0xD0, 0x2F,
    0xC0, 0x00, 0x00, 0x8F, 0x70, 0x7F, 0x40, 0x00, 0x00, 0x7F, 0x30, 0x7F, 0x40, 0x00, 0x00, 0x7F,
    0x30, 0x7F, 0x40, 0x00, 0x00, 0x7F, 0x30, 0x7F, 0x40, 0x00, 0x00, 0x7F, 0x30, 0x7F, 0x40, 0x00,
    0x00, 0x7F, 0x30, 0x7F, 0x40, 0x00, 0x00, 0x7F, 0x30, 0x7F, 0x40, 0x00, 0x00, 0x7F, 0x30, 0x7F,
    0x40, 0x00, 0x00, 0x7F, 0x30, 0x7F, 0x40, 0x00, 0x00, 0x7F, 0x30, 0x7F, 0x40, 0x00, 0x00, 0x7F,
    0x30, 0x7F, 0x40, 0x00, 0x00, 0x7F, 0x30, 0x7F, 0x86, 0x66, 0x66, 0xCF, 0xA3, 0x7F, 0xFF, 0xFF,
    0xFF, 0xFF, 0xF8, 0x00, 0x00, 0x00, 0x00, 0x01, 0xF8, 0x00, 0x00, 0x00, 0x00, 0x01, 0xF7, 0x00,
    0x00, 0x00, 0x00, 0x01, 0xF7, 0xAF, 0x00, 0x00, 0x00, 0xEC, 0xAF, 0x00, 0x00, 0x00, 0xEC, 0xAF,
    0x00, 0x00, 0x00, 0xEC, 0xAF, 0x00, 0x00, 0x00, 0xEC, 0xAF, 0x10, 0x00, 0x00, 0xEC, 0x7F, 0x50,
    0x00, 0x00, 0xEC, 0x1E, 0xF8, 0x66, 0x8B, 0xFC, 0x02, 0xAE, 0xFF, 0xDA, 0xFC, 0x00, 0x00, 0x00,
    0x00, 0xEC, 0x00, 0x00, 0x00, 0x00, 0xEC, 0x00, 0x00, 0x00, 0x00, 0xEC, 0x00, 0x00, 0x00, 0x00,
    0xEC, 0x00, 0x00, 0x00, 0x00, 0xEC, 0x7F, 0x40, 0x00, 0x5F, 0x50, 0x00, 0x4F, 0x67, 0xF4, 0x00,
    0x05, 0xF5, 0x00, 0x04, 0xF6, 0x7F, 0x40, 0x00, 0x5F, 0x50, 0x00, 0x4F, 0x67, 0xF4, 0x00, 0x05,
    0xF5, 0x00, 0x04, 0xF6, 0x7F, 0x40, 0x00, 0x5F, 0x50, 0x00, 0x4F, 0x67, 0xF4, 0x00, 0x05, 0xF5,
    0x00, 0x04, 0xF6, 0x7F, 0x40, 0x00, 0x5F, 0x50, 0x00, 0x4F, 0x67, 0xF4, 0x00, 0x05, 0xF5, 0x00,
    0x04, 0xF6, 0x7F, 0x40, 0x00, 0x5F, 0x50, 0x00, 0x4F, 0x67, 0xF4, 0x00, 0x05, 0xF5, 0x00, 0x04,
    0xF6, 0x7F, 0x40, 0x00, 0x5F, 0x50, 0x00, 0x4F, 0x67, 0xF8, 0x66, 0x69, 0xF9, 0x66, 0x68, 0xF6,
    0x7F, 0xFF, 0xFF, 0xFF, 0xFF, 0xFF, 0xFF, 0x60, 0x7F, 0x40, 0x00, 0x5F, 0x50, 0x00, 0x4F, 0x60,
    0x7F, 0x40, 0x00, 0x5F, 0x50, 0x00, 0x4F, 0x60, 0x7F, 0x40, 0x00, 0x5F, 0x50, 0x00, 0x4F, 0x60,
    0x7F, 0x40, 0x00, 0x5F, 0x50, 0x00, 0x4F, 0x60, 0x7F, 0x40, 0x00, 0x5F, 0x50, 0x00, 0x4F, 0x60,
    0x7F, 0x40, 0x00, 0x5F, 0x50, 0x00, 0x4F, 0x60, 0x7F, 0x40, 0x00, 0x5F, 0x50, 0x00, 0x4F, 0x60,
    0x7F, 0x40, 0x00, 0x5F, 0x50, 0x00, 0x4F, 0x60, 0x7F, 0x40, 0x00, 0x5F, 0x50, 0x00, 0x4F, 0x60,
    0x7F, 0x40, 0x00, 0x5F, 0x50, 0x00, 0x4F, 0x60, 0x7F, 0x40, 0x00, 0x5F, 0x50, 0x00, 0x4F, 0x60,
    0x7F, 0x86, 0x66, 0x9F, 0x96, 0x66, 0x9F, 0xC3, 0x7F, 0xFF, 0xFF, 0xFF, 0xFF, 0xFF, 0xFF, 0xFA,
    0x00, 0x00, 0x00, 0x00, 0x00, 0x00, 0x00, 0xE9, 0x00, 0x00, 0x00, 0x00, 0x00, 0x00, 0x00, 0xE9,
    0x00, 0x00, 0x00, 0x00, 0x00, 0x00, 0x00, 0xE8, 0xDF, 0xFF, 0xF7, 0x00, 0x00, 0x00, 0x04, 0x55,
    0x9F, 0x70, 0x00, 0x00, 0x00, 0x00, 0x04, 0xF7, 0x00, 0x00, 0x00, 0x00, 0x00, 0x4F, 0x70, 0x00,
    0x00, 0x00, 0x00, 0x04, 0xF7, 0x00, 0x00, 0x00, 0x00, 0x00, 0x4F, 0xC6, 0x65, 0x40, 0x00, 0x00,
    0x04, 0xFF, 0xFF, 0xFF, 0xF7, 0x00, 0x00, 0x4F, 0x70, 0x00, 0x2A, 0xF6, 0x00, 0x04, 0xF7, 0x00,
    0x00, 0x0F, 0xC0, 0x00, 0x4F, 0x70, 0x00, 0x00, 0xDD, 0x00, 0x04, 0xF7, 0x00, 0x00, 0x3F, 0xA0,
    0x00, 0x4F, 0xA6, 0x66, 0x8E, 0xF2, 0x00, 0x04, 0xFF, 0xFF, 0xFE, 0xA2, 0x00, 0x7F, 0x40, 0x00,
    0x00, 0x00, 0x0C, 0xF7, 0xF4, 0x00, 0x00, 0x00, 0x00, 0xCF, 0x7F, 0x40, 0x00, 0x00, 0x00, 0x0C,
    0xF7, 0xF4, 0x00, 0x00, 0x00, 0x00, 0xCF, 0x7F, 0x40, 0x00, 0x00, 0x00, 0x0C, 0xF7, 0xFA, 0x66,
    0x54, 0x00, 0x00, 0xCF, 0x7F, 0xFF, 0xFF, 0xFE, 0x50, 0x0C, 0xF7, 0xF4, 0x00, 0x03, 0xCF, 0x30,
    0xCF, 0x7F, 0x40, 0x00, 0x02, 0xF9, 0x0C, 0xF7, 0xF4, 0x00, 0x00, 0x0F, 0xA0, 0xCF, 0x7F, 0x40,
    0x00, 0x05, 0xF7, 0x0C, 0xF7, 0xF8, 0x66, 0x69, 0xFE, 0x10, 0xCF, 0x7F, 0xFF, 0xFF, 0xE9, 0x10,
    0x0C, 0xF0, 0x9F, 0x20, 0x00, 0x00, 0x00, 0x9F, 0x20, 0x00, 0x00, 0x00, 0x9F, 0x20, 0x00, 0x00,
    0x00, 0x9F, 0x20, 0x00, 0x00, 0x00, 0x9F, 0x20, 0x00, 0x00, 0x00, 0x9F, 0x86, 0x65, 0x30, 0x00,
    0x9F, 0xFF, 0xFF, 0xFE, 0x40, 0x9F, 0x20, 0x00, 0x3D, 0xF1, 0x9F, 0x20, 0x00, 0x04, 0xF7, 0x9F,
    0x20, 0x00, 0x02, 0xF8, 0x9F, 0x20, 0x00, 0x07, 0xF5, 0x9F, 0x76, 0x66, 0xAF, 0xC0, 0x9F, 0xFF,
    0xFF, 0xD8, 0x00, 0x00, 0x6C, 0xFF, 0xC5, 0x00, 0x00, 0xAF, 0xB7, 0x7C, 0xF9, 0x00, 0x4F, 0x90,
    0x00, 0x09, 0xF5, 0x09, 0xF2, 0x00, 0x00, 0x0F, 0xC0, 0x00, 0x00, 0x00, 0x00, 0xBF, 0x00, 0x00,
    0x36, 0x66, 0x6D, 0xF1, 0x00, 0x09, 0xFF, 0xFF, 0xFF, 0x20, 0x00, 0x00, 0x00, 0x09, 0xF1, 0x00,
    0x00, 0x00, 0x00, 0xBF, 0x09, 0xF2, 0x00, 0x00, 0x0F, 0xC0, 0x4F, 0x80, 0x00, 0x09, 0xF5, 0x00,
    0x9F, 0xB6, 0x6B, 0xFA, 0x00, 0x00, 0x6C, 0xFF, 0xC6, 0x00, 0x00, 0x6F, 0x50, 0x00, 0x3A, 0xEF,
    0xD7, 0x00, 0x06, 0xF5, 0x00, 0x4F, 0xE8, 0x7A, 0xFC, 0x00, 0x6F, 0x50, 0x1E, 0xD1, 0x00, 0x05,
    0xF9, 0x06, 0xF5, 0x07, 0xF4, 0x00, 0x00, 0x0B, 0xF0, 0x6F, 0x50, 0xBF, 0x00, 0x00, 0x00, 0x6F,
    0x46, 0xF9, 0x5F, 0xE0, 0x00, 0x00, 0x04, 0xF6, 0x6F, 0xFF, 0xFF, 0x00, 0x00, 0x00, 0x4F, 0x66,
    0xF5, 0x0D, 0xE0, 0x00, 0x00, 0x05, 0xF6, 0x6F, 0x50, 0xBF, 0x00, 0x00, 0x00, 0x7F, 0x46, 0xF5,
    0x07, 0xF4, 0x00, 0x00, 0x0B, 0xF0, 0x6F, 0x50, 0x1E, 0xD1, 0x00, 0x04, 0xF9, 0x06, 0xF5, 0x00,
    0x4F, 0xE8, 0x7A, 0xFC, 0x00, 0x6F, 0x50, 0x00, 0x3A, 0xEF, 0xD8, 0x00, 0x00, 0x00, 0x18, 0xDF,
    0xFF, 0xFE, 0x00, 0xDF, 0xA6, 0x66, 0xEE, 0x07, 0xF6, 0x00, 0x00, 0xDE, 0x0A, 0xF0, 0x00, 0x00,
    0xDE, 0x0A, 0xF0, 0x00, 0x00, 0xDE, 0x06, 0xF6, 0x00, 0x00, 0xDE, 0x00, 0xBF, 0xA6, 0x66, 0xFE,
    0x00, 0x09, 0xFF, 0xFF, 0xFE, 0x00, 0x0C, 0xE0, 0x00, 0xDE, 0x00, 0x4F, 0x70, 0x00, 0xDE, 0x00,
    0xDE, 0x00, 0x00, 0xDE, 0x06, 0xF6, 0x00, 0x00, 0xDE, 0x0E, 0xD0, 0x00, 0x00, 0xDE, 0x00, 0x4B,
    0xEF, 0xB2, 0x00, 0x5F, 0xB6, 0x7E, 0xE1, 0x0A, 0xB0, 0x00, 0x5F, 0x50, 0x00, 0x00, 0x02, 0xF7,
    0x00, 0x5C, 0xEF, 0xFF, 0x70, 0x7F, 0x93, 0x24, 0xF7, 0x0F, 0xB0, 0x00, 0x2F, 0x70, 0xFC, 0x00,
    0x09, 0xF7, 0x0A, 0xFA, 0x7A, 0xFF, 0x80, 0x09, 0xEF, 0xB3, 0xFB, 0x00, 0x00, 0x00, 0x0D, 0x90,
    0x00, 0x00, 0x5A, 0xEF, 0x40, 0x00, 0x2E, 0xFD, 0x93, 0x00, 0x00, 0xEC, 0x30, 0x00, 0x00, 0x07,
    0xD0, 0x00, 0x00, 0x00, 0x0D, 0x77, 0xDF, 0xD6, 0x00, 0x0F, 0xFD, 0x66, 0xCF, 0x70, 0x1F, 0xF0,
    0x00, 0x0C, 0xF1, 0x2F, 0xC0, 0x00, 0x06, 0xF4, 0x2F, 0x80, 0x00, 0x04, 0xF5, 0x0F, 0xA0, 0x00,
    0x07, 0xF3, 0x0B, 0xF1, 0x00, 0x0D, 0xE0, 0x02, 0xFE, 0x76, 0xCF, 0x50, 0x00, 0x2B, 0xFF, 0xC4,
    0x00, 0x9F, 0xFF, 0xFD, 0x70, 0x09, 0xF5, 0x55, 0xAF, 0x90, 0x9F, 0x00, 0x00, 0xBF, 0x09, 0xF0,
    0x00, 0x0B, 0xE0, 0x9F, 0x89, 0x9C, 0xF6, 0x09, 0xFF, 0xFF, 0xFD, 0x30, 0x9F, 0x00, 0x02, 0xBF,
    0x29, 0xF0, 0x00, 0x05, 0xF4, 0x9F, 0x55, 0x56, 0xEF, 0x19, 0xFF, 0xFF, 0xEB, 0x30, 0xAF, 0xFF,
    0xFF, 0x6A, 0xF5, 0x55, 0x52, 0xAF, 0x00, 0x00, 0x0A, 0xF0, 0x00, 0x00, 0xAF, 0x00, 0x00, 0x0A,
    0xF0, 0x00, 0x00, 0xAF, 0x00, 0x00, 0x0A, 0xF0, 0x00, 0x00, 0xAF, 0x00, 0x00, 0x0A, 0xF0, 0x00,
    0x00, 0x00, 0x1F, 0xFF, 0xFF, 0xF1, 0x00, 0x01, 0xFF, 0x88, 0xCF, 0x10, 0x00, 0x2F, 0x70, 0x08,
    0xF1, 0x00, 0x03, 0xF7, 0x00, 0x8F, 0x10, 0x00, 0x3F, 0x60, 0x08, 0xF1, 0x00, 0x05, 0xF4, 0x00,
    0x8F, 0x10, 0x00, 0xAF, 0x00, 0x08, 0xF1, 0x00, 0x1F, 0xA0, 0x00, 0x8F, 0x10, 0x4F, 0xF7, 0x55,
    0x5E, 0xF6, 0x1C, 0xFF, 0xFF, 0xFF, 0xFF, 0xF4, 0x9F, 0x00, 0x00, 0x00, 0x5F, 0x49, 0xF0, 0x00,
    0x00, 0x05, 0xF4, 0x9F, 0x00, 0x00, 0x00, 0x5F, 0x40, 0x00, 0x2A, 0xFF, 0xB3, 0x00, 0x1E, 0xE7,
    0x6D, 0xF1, 0x0A, 0xF1, 0x00, 0x1F, 0x90, 0xFF, 0x55, 0x55, 0xDC, 0x2F, 0xFF, 0xFF, 0xFF, 0xE2,
    0xF7, 0x00, 0x00, 0x00, 0x0F, 0xA0, 0x00, 0x00, 0x00, 0xBF, 0x20, 0x00, 0x51, 0x02, 0xFE, 0x75,
    0x9F, 0x60, 0x02, 0xAE, 0xFC, 0x50, 0x3F, 0xC0, 0x00, 0xFA, 0x00, 0x1F, 0xE0, 0x09, 0xF4, 0x00,
    0xFA, 0x00, 0x8F, 0x50, 0x01, 0xED, 0x00, 0xFA, 0x01, 0xFB, 0x00, 0x00, 0x6F, 0x50, 0xFA, 0x0A,
    0xF2, 0x00, 0x00, 0x0D, 0xE7, 0xFF, 0x7F, 0x80, 0x00, 0x00, 0x0C, 0xFF, 0xFF, 0xFF, 0x60, 0x00,
    0x00, 0x5F, 0x90, 0xFA, 0x0D, 0xE1, 0x00, 0x01, 0xED, 0x00, 0xFA, 0x03, 0xFC, 0x00, 0x0B, 0xF4,
    0x00, 0xFA, 0x00, 0x8F, 0x70, 0x7F, 0x90, 0x00, 0xFA, 0x00, 0x0D, 0xF3, 0x00, 0x7D, 0xFD, 0x80,
    0x00, 0x9F, 0xA5, 0x8F, 0xA0, 0x0F, 0xA0, 0x00, 0xAF, 0x00, 0x00, 0x00, 0x0A, 0xF0, 0x00, 0x05,
    0x68, 0xF7, 0x00, 0x00, 0xFF, 0xFF, 0x30, 0x00, 0x00, 0x01, 0xBF, 0x12, 0xF8, 0x00, 0x07, 0xF3,
    0x0B, 0xF9, 0x57, 0xFD, 0x00, 0x08, 0xDF, 0xEA, 0x10, 0xAF, 0x00, 0x00, 0xDF, 0x0A, 0xF0, 0x00,
    0x8F, 0xF0, 0xAF, 0x00, 0x2F, 0xFF, 0x0A, 0xF0, 0x0B, 0xDA, 0xF0, 0xAF, 0x05, 0xF4, 0x9F, 0x0A,
    0xF0, 0xEB, 0x09, 0xF0, 0xAF, 0x8F, 0x20, 0x9F, 0x0A, 0xFF, 0x80, 0x09, 0xF0, 0xAF, 0xD0, 0x00,
    0x9F, 0x0A, 0xF4, 0x00, 0x09, 0xF0, 0x0B, 0xB1, 0x3F, 0x40, 0x00, 0x2C, 0xFD, 0x80, 0x00, 0x00,
    0x00, 0x00, 0x00, 0x0A, 0xF0, 0x00, 0x0D, 0xF0, 0xAF, 0x00, 0x08, 0xFF, 0x0A, 0xF0, 0x02, 0xFF,
    0xF0, 0xAF, 0x00, 0xBD, 0xAF, 0x0A, 0xF0, 0x5F, 0x49, 0xF0, 0xAF, 0x0E, 0xB0, 0x9F, 0x0A, 0xF8,
    0xF2, 0x09, 0xF0, 0xAF, 0xF8, 0x00, 0x9F, 0x0A, 0xFD, 0x00, 0x09, 0xF0, 0xAF, 0x40, 0x00, 0x9F,
    0x00, 0xAF, 0x00, 0x02, 0xFD, 0x0A, 0xF0, 0x00, 0xCF, 0x20, 0xAF, 0x00, 0x7F, 0x50, 0x0A, 0xF0,
    0x3F, 0x90, 0x00, 0xAF, 0x6E, 0xE0, 0x00, 0x0A, 0xFF, 0xFF, 0x00, 0x00, 0xAF, 0x06, 0xFA, 0x00,
    0x0A, 0xF0, 0x08, 0xF7, 0x00, 0xAF, 0x00, 0x0B, 0xF5, 0x0A, 0xF0, 0x00, 0x1D, 0xF3, 0x00, 0x6F,
    0xFF, 0xFF, 0xF0, 0x00, 0x7F, 0x75, 0x5C, 0xF0, 0x00, 0x8F, 0x10, 0x09, 0xF0, 0x00, 0x8F, 0x00,
    0x09, 0xF0, 0x00, 0x9F, 0x00, 0x09, 0xF0, 0x00, 0xAE, 0x00, 0x09, 0xF0, 0x00, 0xCC, 0x00, 0x09,
    0xF0, 0x01, 0xF9, 0x00, 0x09, 0xF0, 0x4C, 0xF4, 0x00, 0x09, 0xF0, 0x9E, 0x70, 0x00, 0x09, 0xF0,
    0x9F, 0xB0, 0x00, 0x00, 0x4F, 0xF9, 0xFF, 0x10, 0x00, 0x0B, 0xFF, 0x9F, 0xF8, 0x00, 0x01, 0xFF,
    0xF9, 0xF9, 0xE0, 0x00, 0x8F, 0xBF, 0x9F, 0x3F, 0x50, 0x0E, 0x9A, 0xF9, 0xF0, 0xCC, 0x05, 0xF2,
    0xAF, 0x9F, 0x05, 0xF3, 0xCB, 0x0A, 0xF9, 0xF0, 0x0E, 0xCF, 0x50, 0xAF, 0x9F, 0x00, 0x7F, 0xE0,
    0x0A, 0xF9, 0xF0, 0x01, 0xF7, 0x00, 0xAF, 0xAF, 0x00, 0x00, 0xAF, 0x0A, 0xF0, 0x00, 0x0A, 0xF0,
    0xAF, 0x00, 0x00, 0xAF, 0x0A, 0xF0, 0x00, 0x0A, 0xF0, 0xAF, 0x55, 0x55, 0xDF, 0x0A, 0xFF, 0xFF,
    0xFF, 0xF0, 0xAF, 0x00, 0x00, 0xAF, 0x0A, 0xF0, 0x00, 0x0A, 0xF0, 0xAF, 0x00, 0x00, 0xAF, 0x0A,
    0xF0, 0x00, 0x0A, 0xF0, 0x00, 0x2A, 0xEF, 0xC4, 0x00, 0x02, 0xEE, 0x76, 0xCF, 0x50, 0x0A, 0xF2,
    0x00, 0x0D, 0xE0, 0x0F, 0xA0, 0x00, 0x06, 0xF4, 0x2F, 0x70, 0x00, 0x03, 0xF6, 0x2F, 0x70, 0x00,
    0x03, 0xF7, 0x0F, 0xA0, 0x00, 0x06, 0xF4, 0x0B, 0xF2, 0x00, 0x0C, 0xE0, 0x02, 0xEE, 0x66, 0xCF,
    0x50, 0x00, 0x2A, 0xEF, 0xC4, 0x00, 0xAF, 0xFF, 0xFF, 0xFF, 0x0A, 0xF5, 0x55, 0x5C, 0xF0, 0xAF,
    0x00, 0x00, 0x9F, 0x0A, 0xF0, 0x00, 0x09, 0xF0, 0xAF, 0x00, 0x00, 0x9F, 0x0A, 0xF0, 0x00, 0x09,
    0xF0, 0xAF, 0x00, 0x00, 0x9F, 0x0A, 0xF0, 0x00, 0x09, 0xF0, 0xAF, 0x00, 0x00, 0x9F, 0x0A, 0xF0,
    0x00, 0x09, 0xF0, 0xCC, 0x5D, 0xFD, 0x60, 0x0C, 0xFE, 0x76, 0xDF, 0x50, 0xCF, 0x10, 0x01, 0xEE,
    0x0E, 0xF0, 0x00, 0x09, 0xF1, 0xFF, 0x00, 0x00, 0x6F, 0x3F, 0xF0, 0x00, 0x06, 0xF3, 0xEF, 0x00,
    0x00, 0x8F, 0x1C, 0xF1, 0x00, 0x0E, 0xD0, 0xCF, 0xD6, 0x6D, 0xF5, 0x0C, 0xD6, 0xDF, 0xD6, 0x00,
    0xCD, 0x00, 0x00, 0x00, 0x0C, 0xD0, 0x00, 0x00, 0x00, 0xCD, 0x00, 0x00, 0x00, 0x0C, 0xD0, 0x00,
    0x00, 0x00, 0x00, 0x3B, 0xFF, 0xB3, 0x00, 0x2F, 0xD6, 0x6D, 0xF2, 0x0A, 0xE1, 0x00, 0x1F, 0xA0,
    0xF9, 0x00, 0x00, 0x55, 0x2F, 0x70, 0x00, 0x00, 0x02, 0xF7, 0x00, 0x00, 0x00, 0x0F, 0x90, 0x00,
    0x02, 0x20, 0xAE, 0x10, 0x00, 0xEA, 0x02, 0xFD, 0x66, 0xDF, 0x30, 0x03, 0xBF, 0xFB, 0x30, 0xAF,
    0xFF, 0xFF, 0xFF, 0x53, 0x55, 0xDF, 0x75, 0x51, 0x00, 0x08, 0xF1, 0x00, 0x00, 0x00, 0x8F, 0x10,
    0x00, 0x00, 0x08, 0xF1, 0x00, 0x00, 0x00, 0x8F, 0x10, 0x00, 0x00, 0x08, 0xF1, 0x00, 0x00, 0x00,
    0x8F, 0x10, 0x00, 0x00, 0x08, 0xF1, 0x00, 0x00, 0x00, 0x8F, 0x10, 0x00, 0xAF, 0x20, 0x00, 0x9F,
    0x24, 0xF7, 0x00, 0x0E, 0xC0, 0x0E, 0xC0, 0x02, 0xF7, 0x00, 0x9F, 0x10, 0x7F, 0x20, 0x04, 0xF6,
    0x0C, 0xC0, 0x00, 0x0E, 0xB1, 0xF7, 0x00, 0x00, 0x9F, 0x6F, 0x20, 0x00, 0x03, 0xFF, 0xC0, 0x00,
    0x00, 0x0E, 0xF7, 0x00, 0x00, 0x00, 0xDF, 0x20, 0x00, 0x00, 0x0A, 0xD0, 0x00, 0x00, 0x01, 0xF7,
    0x00, 0x00, 0x17, 0xDE, 0x10, 0x00, 0x03, 0xFC, 0x30, 0x00, 0x00, 0x00, 0x00, 0x05, 0xF4, 0x00,
    0x00, 0x00, 0x00, 0x00, 0x5F, 0x40, 0x00, 0x00, 0x00, 0x00, 0x05, 0xF4, 0x00, 0x00, 0x00, 0x00,
    0x00, 0x5F, 0x40, 0x00, 0x00, 0x00, 0x5D, 0xFF, 0xFF, 0xFD, 0x50, 0x00, 0x3F, 0xD6, 0xDF, 0xC6,
    0xDF, 0x40, 0x0B, 0xF1, 0x08, 0xF6, 0x01, 0xFB, 0x00, 0xFB, 0x00, 0x9F, 0x80, 0x0A, 0xF0, 0x1F,
    0x90, 0x09, 0xF8, 0x00, 0x8F, 0x11, 0xF8, 0x00, 0x9F, 0x80, 0x07, 0xF2, 0x0F, 0xA0, 0x09, 0xF8,
    0x00, 0x9F, 0x00, 0xCE, 0x00, 0x8F, 0x60, 0x0E, 0xD0, 0x04, 0xFC, 0x6D, 0xFB, 0x6C, 0xF5, 0x00,
    0x06, 0xDF, 0xFF, 0xFF, 0xE7, 0x00, 0x00, 0x00, 0x05, 0xF4, 0x00, 0x00, 0x00, 0x00, 0x00, 0x5F,
    0x40, 0x00, 0x00, 0x00, 0x00, 0x05, 0xF4, 0x00, 0x00, 0x00, 0x00, 0x00, 0x5F, 0x40, 0x00, 0x00,
    0x3F, 0xA0, 0x00, 0xCF, 0x20, 0x9F, 0x30, 0x5F, 0x70, 0x01, 0xEC, 0x0E, 0xD0, 0x00, 0x05, 0xFC,
    0xF3, 0x00, 0x00, 0x0B, 0xF9, 0x00, 0x00, 0x00, 0xCF, 0xA0, 0x00, 0x00, 0x6F, 0xAF, 0x50, 0x00,
    0x1F, 0xB0, 0xCE, 0x00, 0x0A, 0xF2, 0x03, 0xF9, 0x04, 0xF8, 0x00, 0x0A, 0xF3, 0xAF, 0x00, 0x00,
    0x9F, 0x00, 0xAF, 0x00, 0x00, 0x9F, 0x00, 0xAF, 0x00, 0x00, 0x9F, 0x00, 0xAF, 0x00, 0x00, 0x9F,
    0x00, 0xAF, 0x00, 0x00, 0x9F, 0x00, 0xAF, 0x00, 0x00, 0x9F, 0x00, 0xAF, 0x00, 0x00, 0x9F, 0x00,
    0xAF, 0x00, 0x00, 0x9F, 0x00, 0xAF, 0x55, 0x55, 0xFF, 0x50, 0xAF, 0xFF, 0xFF, 0xFF, 0xF1, 0x00,
    0x00, 0x00, 0x07, 0xF1, 0x00, 0x00, 0x00, 0x07, 0xF0, 0x00, 0x00, 0x00, 0x07, 0xF0, 0x00, 0x00,
    0x00, 0x00, 0x01, 0xF8, 0x00, 0x03, 0xF6, 0x1F, 0x80, 0x00, 0x3F, 0x61, 0xF8, 0x00, 0x03, 0xF6,
    0x0F, 0x90, 0x00, 0x3F, 0x60, 0xEC, 0x00, 0x03, 0xF6, 0x07, 0xFA, 0x56, 0xCF, 0x60, 0x07, 0xDF,
    0xFF, 0xF6, 0x00, 0x00, 0x00, 0x3F, 0x60, 0x00, 0x00, 0x03, 0xF6, 0x00, 0x00, 0x00, 0x3F, 0x60,
    0xAF, 0x00, 0x08, 0xF2, 0x00, 0x6F, 0x3A, 0xF0, 0x00, 0x8F, 0x20, 0x06, 0xF3, 0xAF, 0x00, 0x08,
    0xF2, 0x00, 0x6F, 0x3A, 0xF0, 0x00, 0x8F, 0x20, 0x06, 0xF3, 0xAF, 0x00, 0x08, 0xF2, 0x00, 0x6F,
    0x3A, 0xF0, 0x00, 0x8F, 0x20, 0x06, 0xF3, 0xAF, 0x00, 0x08, 0xF2, 0x00, 0x6F, 0x3A, 0xF0, 0x00,
    0x8F, 0x20, 0x06, 0xF3, 0xAF, 0x55, 0x5A, 0xF6, 0x55, 0x9F, 0x3A, 0xFF, 0xFF, 0xFF, 0xFF, 0xFF,
    0xF3, 0xBE, 0x00, 0x09, 0xF0, 0x00, 0x8F, 0x20, 0xBE, 0x00, 0x09, 0xF0, 0x00, 0x8F, 0x20, 0xBE,
    0x00, 0x09, 0xF0, 0x00, 0x8F, 0x20, 0xBE, 0x00, 0x09, 0xF0, 0x00, 0x8F, 0x20, 0xBE, 0x00, 0x09,
    0xF0, 0x00, 0x8F, 0x20, 0xBE, 0x00, 0x09, 0xF0, 0x00, 0x8F, 0x20, 0xBE, 0x00, 0x09, 0xF0, 0x00,
    0x8F, 0x20, 0xBE, 0x00, 0x09, 0xF0, 0x00, 0x8F, 0x20, 0xBF, 0x55, 0x5B, 0xF5, 0x55, 0xCF, 0x72,
    0xBF, 0xFF, 0xFF, 0xFF, 0xFF, 0xFF, 0xF6, 0x00, 0x00, 0x00, 0x00, 0x00, 0x02, 0xF6, 0x00, 0x00,
    0x00, 0x00, 0x00, 0x02, 0xF5, 0x00, 0x00, 0x00, 0x00, 0x00, 0x02, 0xF5, 0xBF, 0xFF, 0xF0, 0x00,
    0x00, 0x04, 0x55, 0xFD, 0x00, 0x00, 0x00, 0x00, 0x0E, 0xB0, 0x00, 0x00, 0x00, 0x00, 0xEF, 0xFF,
    0xFC, 0x30, 0x00, 0x0E, 0xF5, 0x56, 0xDF, 0x20, 0x00, 0xEB, 0x00, 0x03, 0xF8, 0x00, 0x0E, 0xB0,
    0x00, 0x0F, 0xA0, 0x00, 0xEB, 0x00, 0x03, 0xF8, 0x00, 0x0E, 0xD5, 0x56, 0xDF, 0x10, 0x00, 0xEF,
    0xFF, 0xFC, 0x20, 0x9F, 0x00, 0x00, 0x00, 0x04, 0xF5, 0x9F, 0x00, 0x00, 0x00, 0x04, 0xF5, 0x9F,
    0x00, 0x00, 0x00, 0x04, 0xF5, 0x9F, 0xFF, 0xFD, 0x60, 0x04, 0xF5, 0x9F, 0x55, 0x5B, 0xF6, 0x04,
    0xF5, 0x9F, 0x00, 0x00, 0xED, 0x04, 0xF5, 0x9F, 0x00, 0x00, 0xBF, 0x04, 0xF5, 0x9F, 0x00, 0x00,
    0xDC, 0x04, 0xF5, 0x9F, 0x55, 0x5B, 0xF5, 0x04, 0xF5, 0x9F, 0xFF, 0xFD, 0x50, 0x04, 0xF5, 0x9F,
    0x00, 0x00, 0x00, 0x9F, 0x00, 0x00, 0x00, 0x9F, 0x00, 0x00, 0x00, 0x9F, 0xFF, 0xFD, 0x60, 0x9F,
    0x55, 0x5B, 0xF6, 0x9F, 0x00, 0x00, 0xED, 0x9F, 0x00, 0x00, 0xBF, 0x9F, 0x00, 0x00, 0xDC, 0x9F,
    0x55, 0x5B, 0xF5, 0x9F, 0xFF, 0xFD, 0x50, 0x00, 0x6D, 0xFD, 0x70, 0x00, 0x8F, 0xA6, 0x9F, 0xA0,
    0x0F, 0x90, 0x00, 0x8F, 0x40, 0x00, 0x00, 0x01, 0xF9, 0x00, 0x02, 0x55, 0x5F, 0xB0, 0x00, 0x8F,
    0xFF, 0xFB, 0x00, 0x00, 0x00, 0x1F, 0x90, 0xF9, 0x00, 0x08, 0xF3, 0x09, 0xFA, 0x69, 0xFA, 0x00,
    0x07, 0xDF, 0xE8, 0x00, 0x9F, 0x00, 0x00, 0x7D, 0xFE, 0x80, 0x09, 0xF0, 0x00, 0x9F, 0xA5, 0x8F,
    0xC0, 0x9F, 0x00, 0x3F, 0x90, 0x00, 0x6F, 0x69, 0xF0, 0x09, 0xF1, 0x00, 0x00, 0xEB, 0xBF, 0x55,
    0xFF, 0x00, 0x00, 0x0C, 0xEF, 0xFF, 0xFF, 0xF0, 0x00, 0x00, 0xCE, 0x9F, 0x00, 0x9F, 0x10, 0x00,
    0x0E, 0xC9, 0xF0, 0x03, 0xF8, 0x00, 0x06, 0xF6, 0x9F, 0x00, 0x09, 0xF9, 0x58, 0xFC, 0x09, 0xF0,
    0x00, 0x07, 0xDF, 0xE8, 0x00, 0x00, 0x7D, 0xFF, 0xFF, 0x80, 0x9F, 0x95, 0x56, 0xF8, 0x0F, 0xB0,
    0x00, 0x2F, 0x80, 0xFA, 0x00, 0x02, 0xF8, 0x0A, 0xF8, 0x55, 0x7F, 0x80, 0x0A, 0xFF, 0xFF, 0xF8,
    0x00, 0x9F, 0x20, 0x2F, 0x80, 0x2F, 0x90, 0x02, 0xF8, 0x0B, 0xF1, 0x00, 0x2F, 0x84, 0xF7, 0x00,
    0x02, 0xF8, 0x00, 0x14, 0x20, 0x00, 0x00, 0x01, 0xDD, 0x00, 0x00, 0x00, 0x03, 0xF7, 0x00, 0x00,
    0x00, 0x06, 0xB0, 0x00, 0x00, 0x00, 0x00, 0x00, 0x00, 0x02, 0xAF, 0xFB, 0x30, 0x01, 0xEE, 0x76,
    0xDF, 0x10, 0xAF, 0x10, 0x01, 0xF9, 0x0F, 0xF5, 0x55, 0x5D, 0xC2, 0xFF, 0xFF, 0xFF, 0xFE, 0x2F,
    0x70, 0x00, 0x00, 0x00, 0xFA, 0x00, 0x00, 0x00, 0x0B, 0xF2, 0x00, 0x05, 0x10, 0x2F, 0xE7, 0x59,
    0xF6, 0x00, 0x2A, 0xEF, 0xC5, 0x00, 0x00, 0x32, 0x00, 0x41, 0x00, 0x0F, 0xB0, 0x3F, 0x70, 0x00,
    0x63, 0x00, 0x72, 0x00, 0x00, 0x00, 0x00, 0x00, 0x00, 0x2A, 0xFF, 0xB3, 0x00, 0x1E, 0xE7, 0x6D,
    0xF1, 0x0A, 0xF1, 0x00, 0x1F, 0x90, 0xFF, 0x55, 0x55, 0xDC, 0x2F, 0xFF, 0xFF, 0xFF, 0xE2, 0xF7,
    0x00, 0x00, 0x00, 0x0F, 0xA0, 0x00, 0x00, 0x00, 0xBF, 0x20, 0x00, 0x51, 0x02, 0xFE, 0x75, 0x9F,
    0x60, 0x02, 0xAE, 0xFC, 0x50, 0x00, 0xCD, 0x00, 0x00, 0x00, 0x15, 0xFF, 0x55, 0x20, 0x00, 0x3F,
    0xFF, 0xFF, 0x60, 0x00, 0x00, 0xCD, 0x00, 0x00, 0x00, 0x00, 0xCD, 0x4C, 0xFE, 0x70, 0x00, 0xCF,
    0xE8, 0x7D, 0xF4, 0x00, 0xCF, 0x30, 0x01, 0xFA, 0x00, 0xDF, 0x00, 0x00, 0xEB, 0x00, 0xDF, 0x00,
    0x00, 0xEB, 0x00, 0xCD, 0x00, 0x00, 0xEB, 0x00, 0xCD, 0x00, 0x00, 0xFF, 0x00, 0xCD, 0x00, 0x00,
    0xFF, 0x00, 0xCD, 0x00, 0x00, 0xFF, 0x00, 0xCD, 0x00, 0x00, 0xFF, 0x00, 0x00, 0x00, 0x00, 0xEB,
    0x00, 0x00, 0x00, 0x00, 0xFA, 0x00, 0x00, 0x00, 0x6A, 0xF6, 0x00, 0x00, 0x01, 0xFE, 0x80, 0x00,
    0x01, 0x42, 0x00, 0x00, 0xAF, 0x30, 0x00, 0x3F, 0x50, 0x00, 0x08, 0x80, 0x00, 0x00, 0x00, 0x00,
    0x0A, 0xFF, 0xFF, 0xF6, 0xAF, 0x55, 0x55, 0x2A, 0xF0, 0x00, 0x00, 0xAF, 0x00, 0x00, 0x0A, 0xF0,
    0x00, 0x00, 0xAF, 0x00, 0x00, 0x0A, 0xF0, 0x00, 0x00, 0xAF, 0x00, 0x00, 0x0A, 0xF0, 0x00, 0x00,
    0xAF, 0x00, 0x00, 0x00, 0x00, 0x2A, 0xEF, 0xC4, 0x00, 0x2E, 0xE7, 0x6C, 0xF3, 0x0A, 0xF2, 0x00,
    0x0E, 0xB0, 0xEB, 0x00, 0x00, 0x46, 0x0F, 0xE5, 0x55, 0x00, 0x00, 0xFF, 0xFF, 0xF1, 0x00, 0x0E,
    0xB0, 0x00, 0x01, 0x20, 0x9F, 0x20, 0x00, 0xDC, 0x01, 0xEE, 0x66, 0xCF, 0x30, 0x02, 0xBF, 0xFB,
    0x30, 0x00, 0x5C, 0xFE, 0x91, 0x00, 0x6F, 0xB6, 0x8F, 0xD0, 0x0C, 0xE0, 0x00, 0x7F, 0x30, 0xBF,
    0x40, 0x00, 0x00, 0x02, 0xDF, 0xE9, 0x40, 0x00, 0x00, 0x49, 0xDF, 0xB0, 0x01, 0x00, 0x00, 0x8F,
    0x41, 0xFA, 0x00, 0x05, 0xF5, 0x09, 0xFA, 0x57, 0xEE, 0x10, 0x07, 0xDF, 0xEA, 0x20, 0x6B, 0x08,
    0xE0, 0x00, 0x00, 0x00, 0xAF, 0x0A, 0xF0, 0xAF, 0x0A, 0xF0, 0xAF, 0x0A, 0xF0, 0xAF, 0x0A, 0xF0,
    0xAF, 0x0A, 0xF0, 0x03, 0x20, 0x04, 0x10, 0xFB, 0x03, 0xF7, 0x06, 0x30, 0x07, 0x20, 0x00, 0x00,
    0x00, 0x00, 0xAF, 0x00, 0x00, 0x0A, 0xF0, 0x00, 0x00, 0xAF, 0x00, 0x00, 0x0A, 0xF0, 0x00, 0x00,
    0xAF, 0x00, 0x00, 0x0A, 0xF0, 0x00, 0x00, 0xAF, 0x00, 0x00, 0x0A, 0xF0, 0x00, 0x00, 0xAF, 0x00,
    0x00, 0x0A, 0xF0, 0x00, 0x00, 0x8A, 0x00, 0x0A, 0xD0, 0x00, 0x00, 0x00, 0x00, 0x00, 0x00, 0xBE,
    0x00, 0x0B, 0xE0, 0x00, 0xBE, 0x00, 0x0B, 0xE0, 0x00, 0xBE, 0x00, 0x0B, 0xE0, 0x00, 0xBE, 0x00,
    0x0B, 0xE0, 0x00, 0xBE, 0x00, 0x0B, 0xE0, 0x00, 0xBE, 0x00, 0x0C, 0xE0, 0x37, 0xFB, 0x08, 0xFC,
    0x20, 0x00, 0x8F, 0xFF, 0xFF, 0xB0, 0x00, 0x00, 0x00, 0x08, 0xF7, 0x55, 0xFB, 0x00, 0x00, 0x00,
    0x00, 0x8F, 0x10, 0x0E, 0xB0, 0x00, 0x00, 0x00, 0x09, 0xF0, 0x00, 0xEF, 0x55, 0x41, 0x00, 0x00,
    0xAF, 0x00, 0x0E, 0xFF, 0xFF, 0xF9, 0x00, 0x0B, 0xE0, 0x00, 0xEB, 0x00, 0x08, 0xF6, 0x00, 0xDC,
    0x00, 0x0E, 0xB0, 0x00, 0x0F, 0xA0, 0x1F, 0x90, 0x00, 0xEB, 0x00, 0x02, 0xF8, 0x5C, 0xF3, 0x00,
    0x0E, 0xC5, 0x55, 0xDF, 0x2A, 0xE7, 0x00, 0x00, 0xEF, 0xFF, 0xFC, 0x30, 0xAF, 0x00, 0x00, 0xAF,
    0x00, 0x00, 0x00, 0xAF, 0x00, 0x00, 0xAF, 0x00, 0x00, 0x00, 0xAF, 0x00, 0x00, 0xAF, 0x00, 0x00,
    0x00, 0xAF, 0x55, 0x55, 0xDF, 0x54, 0x42, 0x00, 0xAF, 0xFF, 0xFF, 0xFF, 0xFF, 0xFF, 0xC1, 0xAF,
    0x00, 0x00, 0xAF, 0x00, 0x05, 0xFA, 0xAF, 0x00, 0x00, 0xAF, 0x00, 0x00, 0xBF, 0xAF, 0x00, 0x00,
    0xAF, 0x00, 0x00, 0xDD, 0xAF, 0x00, 0x00, 0xAF, 0x55, 0x5A, 0xF7, 0xAF, 0x00, 0x00, 0xAF, 0xFF,
    0xFD, 0x60, 0x00, 0xCD, 0x00, 0x00, 0x00, 0x05, 0xFF, 0x55, 0x30, 0x00, 0x0F, 0xFF, 0xFF, 0x90,
    0x00, 0x00, 0xCD, 0x00, 0x00, 0x00, 0x00, 0xCD, 0x4C, 0xFD, 0x60, 0x00, 0xCF, 0xE8, 0x7C, 0xF4,
    0x00, 0xCF, 0x30, 0x01, 0xF9, 0x00, 0xDF, 0x00, 0x00, 0xEB, 0x00, 0xDF, 0x00, 0x00, 0xEB, 0x00,
    0xCD, 0x00, 0x00, 0xEB, 0x00, 0xCD, 0x00, 0x00, 0xEB, 0x00, 0xCD, 0x00, 0x00, 0xEB, 0x00, 0xCD,
    0x00, 0x00, 0xEB, 0x00, 0xCD, 0x00, 0x00, 0xEB, 0x00, 0x00, 0x14, 0x20, 0x00, 0x00, 0x0A, 0xF3,
    0x00, 0x00, 0x03, 0xF5, 0x00, 0x00, 0x00, 0x88, 0x00, 0x00, 0x00, 0x00, 0x00, 0x00, 0x0A, 0xF0,
    0x00, 0x2F, 0xD0, 0xAF, 0x00, 0x0C, 0xF2, 0x0A, 0xF0, 0x07, 0xF5, 0x00, 0xAF, 0x03, 0xF9, 0x00,
    0x0A, 0xF6, 0xEE, 0x00, 0x00, 0xAF, 0xFF, 0xF0, 0x00, 0x0A, 0xF0, 0x6F, 0xA0, 0x00, 0xAF, 0x00,
    0x8F, 0x70, 0x0A, 0xF0, 0x00, 0xBF, 0x50, 0xAF, 0x00, 0x01, 0xDF, 0x30, 0x01, 0x42, 0x00, 0x00,
    0x00, 0x1D, 0xD0, 0x00, 0x00, 0x00, 0x3F, 0x70, 0x00, 0x00, 0x00, 0x6B, 0x00, 0x00, 0x00, 0x00,
    0x00, 0x00, 0x0A, 0xF0, 0x00, 0x0D, 0xF0, 0xAF, 0x00, 0x08, 0xFF, 0x0A, 0xF0, 0x02, 0xFF, 0xF0,
    0xAF, 0x00, 0xBD, 0xAF, 0x0A, 0xF0, 0x5F, 0x49, 0xF0, 0xAF, 0x0E, 0xB0, 0x9F, 0x0A, 0xF8, 0xF2,
    0x09, 0xF0, 0xAF, 0xF8, 0x00, 0x9F, 0x0A, 0xFD, 0x00, 0x09, 0xF0, 0xAF, 0x40, 0x00, 0x9F, 0x00,
    0x00, 0x31, 0x00, 0x31, 0x00, 0x0A, 0xD5, 0x7F, 0x30, 0x00, 0x08, 0xB9, 0x40, 0x00, 0x00, 0x00,
    0x00, 0x00, 0xAF, 0x20, 0x00, 0x9F, 0x24, 0xF7, 0x00, 0x0E, 0xC0, 0x0E, 0xC0, 0x02, 0xF7, 0x00,
    0x9F, 0x10, 0x7F, 0x20, 0x04, 0xF6, 0x0C, 0xC0, 0x00, 0x0E, 0xB1, 0xF7, 0x00, 0x00, 0x9F, 0x6F,
    0x20, 0x00, 0x03, 0xFF, 0xC0, 0x00, 0x00, 0x0E, 0xF7, 0x00, 0x00, 0x00, 0xDF, 0x20, 0x00, 0x00,
    0x0A, 0xD0, 0x00, 0x00, 0x01, 0xF7, 0x00, 0x00, 0x17, 0xDE, 0x10, 0x00, 0x03, 0xFC, 0x30, 0x00,
    0x00, 0xAF, 0x00, 0x00, 0x9F, 0x0A, 0xF0, 0x00, 0x09, 0xF0, 0xAF, 0x00, 0x00, 0x9F, 0x0A, 0xF0,
    0x00, 0x09, 0xF0, 0xAF, 0x00, 0x00, 0x9F, 0x0A, 0xF0, 0x00, 0x09, 0xF0, 0xAF, 0x00, 0x00, 0x9F,
    0x0A, 0xF0, 0x00, 0x09, 0xF0, 0xAF, 0x58, 0xB5, 0xBF, 0x0A, 0xFF, 0xFF, 0xFF, 0xF0, 0x00, 0x09,
    0xF0, 0x00, 0x00, 0x00, 0x9F, 0x00, 0x00, 0x00, 0x09, 0xF0, 0x00, 0x00, 0xAF, 0x10, 0x00, 0xFF,
    0x00, 0x02, 0xF8, 0xAF, 0x10, 0x00, 0xFF, 0x00, 0x02, 0xF8, 0xAF, 0x10, 0x00, 0xFF, 0x00, 0x02,
    0xF8, 0xAF, 0x10, 0x00, 0xFF, 0x00, 0x02, 0xF8, 0xAF, 0x10, 0x00, 0xFF, 0x00, 0x02, 0xF8, 0xAF,
    0x10, 0x00, 0xFF, 0x00, 0x02, 0xF8, 0xAF, 0x10, 0x00, 0xFF, 0x00, 0x02, 0xF8, 0xAF, 0x10, 0x00,
    0xFF, 0x00, 0x02, 0xF8, 0xAF, 0x10, 0x00, 0xFF, 0x00, 0x02, 0xF8, 0x9F, 0x10, 0x00, 0xFF, 0x00,
    0x02, 0xF8, 0x7F, 0x50, 0x03, 0xFF, 0x10, 0x06, 0xF5, 0x1E, 0xE7, 0x8E, 0xDE, 0xD7, 0x8F, 0xD0,
    0x02, 0xBE, 0xEA, 0x12, 0xBF, 0xEA, 0x10, 0xDC, 0x00, 0x0F, 0xF0, 0x00, 0xDC, 0xDC, 0x00, 0x0F,
    0xF0, 0x00, 0xDC, 0xDC, 0x00, 0x0F, 0xF0, 0x00, 0xDC, 0xDC, 0x00, 0x0F, 0xF0, 0x00, 0xDC, 0xDC,
    0x00, 0x0F, 0xF0, 0x00, 0xDC, 0xDC, 0x00, 0x0F, 0xF0, 0x00, 0xDC, 0xDC, 0x00, 0x0F, 0xF0, 0x00,
    0xDC, 0xBE, 0x00, 0x1F, 0xF0, 0x00, 0xFA, 0x5F, 0xA6, 0xCF, 0xFB, 0x6B, 0xF4, 0x07, 0xDF, 0xC3,
    0x4D, 0xFD, 0x60, 0x00, 0x9F, 0x20, 0x00, 0x00, 0x00, 0x25, 0xEF, 0x75, 0x10, 0x00, 0x00, 0x6F,
    0xFF, 0xFF, 0x30, 0x00, 0x00, 0x00, 0x9F, 0x20, 0x00, 0x00, 0x00, 0x00, 0x9F, 0x20, 0x00, 0x00,
    0x00, 0x00, 0x9F, 0xFF, 0xFF, 0xD7, 0x00, 0x00, 0x9F, 0x86, 0x66, 0xAF, 0xB0, 0x00, 0x9F, 0x20,
    0x00, 0x08, 0xF4, 0x00, 0x9F, 0x20, 0x00, 0x02, 0xF8, 0x00, 0x9F, 0x20, 0x00, 0x03, 0xF8, 0x00,
    0x9F, 0x20, 0x00, 0x09, 0xF4, 0x00, 0x9F, 0x76, 0x66, 0xAF, 0xB0, 0x00, 0x9F, 0xFF, 0xFF, 0xD8,
    0x00, 0x00, 0xAF, 0x00, 0x00, 0x00, 0x00, 0xAF, 0x00, 0x00, 0x00, 0x00, 0xAF, 0x00, 0x00, 0x00,
    0x5F, 0xFF, 0xFF, 0xD0, 0x00, 0x15, 0xFF, 0x55, 0x40, 0x00, 0x00, 0xAF, 0x00, 0x00, 0x00, 0x00,
    0xAF, 0x00, 0x00, 0x00, 0x00, 0xAF, 0x55, 0x43, 0x00, 0x00, 0xAF, 0xFF, 0xFF, 0xC1, 0x00, 0xAF,
    0x00, 0x05, 0xFA, 0x00, 0xAF, 0x00, 0x00, 0xCE, 0x00, 0xAF, 0x00, 0x00, 0xDD, 0x00, 0xAF, 0x55,
    0x5A, 0xF7, 0x00, 0xAF, 0xFF, 0xFD, 0x70, 0x6F, 0x50, 0x00, 0x4B, 0xEF, 0xD7, 0x00, 0x6F, 0x50,
    0x06, 0xFD, 0x76, 0xAF, 0xB0, 0x6F, 0x50, 0x2F, 0xC0, 0x00, 0x07, 0xF6, 0x6F, 0x50, 0x9F, 0x30,
    0x00, 0x00, 0xFC, 0x6F, 0x50, 0xCE, 0x00, 0x00, 0x00, 0x34, 0x6F, 0xA5, 0xFF, 0x55, 0x55, 0x20,
    0x00, 0x6F, 0xFF, 0xFF, 0xFF, 0xFF, 0x80, 0x00, 0x6F, 0x50, 0xEC, 0x00, 0x00, 0x00, 0x00, 0x6F,
    0x50, 0xDE, 0x00, 0x00, 0x00, 0x33, 0x6F, 0x50, 0x9F, 0x30, 0x00, 0x00, 0xFC, 0x6F, 0x50, 0x2F,
    0xB0, 0x00, 0x06, 0xF6, 0x6F, 0x50, 0x06, 0xFD, 0x76, 0xAF, 0xB0, 0x6F, 0x50, 0x00, 0x4B, 0xFF,
    0xD7, 0x00, 0xAF, 0x00, 0x04, 0xCF, 0xFB, 0x30, 0xAF, 0x00, 0x4F, 0xC6, 0x7E, 0xF2, 0xAF, 0x00,
    0xDD, 0x00, 0x01, 0xF9, 0xAF, 0x02, 0xF7, 0x00, 0x00, 0x00, 0xAF, 0x5A, 0xFA, 0x55, 0x50, 0x00,
    0xAF, 0xFF, 0xFF, 0xFF, 0xF2, 0x00, 0xAF, 0x02, 0xF7, 0x00, 0x00, 0x00, 0xAF, 0x00, 0xDD, 0x00,
    0x01, 0xF8, 0xAF, 0x00, 0x4F, 0xC6, 0x7E, 0xE1, 0xAF, 0x00, 0x04, 0xCF, 0xEA, 0x20, 0x00, 0x00,
    0x3F, 0xB0, 0x00, 0x00, 0x00, 0x09, 0xFF, 0x00, 0x00, 0x00, 0x00, 0xEE, 0xF5, 0x00, 0x00, 0x00,
    0x4F, 0x5E, 0xB0, 0x00, 0x00, 0x0A, 0xF0, 0x9F, 0x10, 0x00, 0x00, 0xFA, 0x03, 0xF6, 0x00, 0x00,
    0x5F, 0x40, 0x0E, 0xB0, 0x00, 0x0E, 0xF7, 0x77, 0xFF, 0x10, 0x01, 0xFF, 0xFF, 0xFF, 0xF7, 0x00,
    0x6F, 0x43, 0xF7, 0x0E, 0xC0, 0x0C, 0xE0, 0x3F, 0x70, 0x9F, 0x21, 0xF9, 0x03, 0xF7, 0x03, 0xF7,
    0x7F, 0x40, 0x3F, 0x70, 0x0E, 0xD0, 0x00, 0x02, 0xFB, 0x00, 0x00, 0x00, 0x08, 0xFF, 0x00, 0x00,
    0x00, 0x0E, 0xCF, 0x60, 0x00, 0x00, 0x5F, 0x4D, 0xC0, 0x00, 0x00, 0xBE, 0x07, 0xF2, 0x00, 0x02,
    0xFD, 0x57, 0xFB, 0x00, 0x08, 0xFF, 0xFF, 0xFF, 0x00, 0x0E, 0xB1, 0xF9, 0x4F, 0x50, 0x4F, 0x51,
    0xF9, 0x0E, 0xB0, 0xAF, 0x01, 0xF9, 0x08, 0xF2, 0x3F, 0x70, 0x00, 0x00, 0x9F, 0x40, 0x00, 0x03,
    0xF7, 0x00, 0x00, 0x0E, 0xFA, 0x00, 0x00, 0x3F, 0x70, 0x00, 0x04, 0xFE, 0xF0, 0x00, 0x03, 0xF7,
    0x00, 0x00, 0xAF, 0x4F, 0x50, 0x00, 0x3F, 0x70, 0x00, 0x0F, 0xA0, 0xEB, 0x00, 0x03, 0xF7, 0x00,
    0x05, 0xF4, 0x09, 0xF1, 0x00, 0x3F, 0x70, 0x00, 0xBE, 0x00, 0x4F, 0x60, 0x03, 0xFE, 0x66, 0x7F,
    0xF6, 0x66, 0xFE, 0x00, 0x3F, 0xFF, 0xFF, 0xFF, 0xFF, 0xFF, 0xF1, 0x03, 0xF7, 0x00, 0xCE, 0x09,
    0xF2, 0x4F, 0x60, 0x3F, 0x70, 0x1F, 0x90, 0x8F, 0x20, 0xEC, 0x03, 0xF7, 0x07, 0xF3, 0x08, 0xF2,
    0x09, 0xF2, 0x3F, 0x70, 0xDE, 0x00, 0x8F, 0x20, 0x3F, 0x70, 0x5F, 0x40, 0x00, 0x3F, 0x90, 0x00,
    0x05, 0xF4, 0x00, 0x0A, 0xFE, 0x00, 0x00, 0x5F, 0x40, 0x00, 0xFC, 0xF5, 0x00, 0x05, 0xF4, 0x00,
    0x6F, 0x3E, 0xB0, 0x00, 0x5F, 0x40, 0x0C, 0xD0, 0x8F, 0x10, 0x05, 0xFA, 0x58, 0xFC, 0x58, 0xF9,
    0x00, 0x5F, 0xFF, 0xFF, 0xFF, 0xFF, 0xF0, 0x05, 0xF4, 0x0E, 0xA2, 0xF7, 0x6F, 0x40, 0x5F, 0x45,
    0xF4, 0x2F, 0x70, 0xFA, 0x05, 0xF4, 0xBE, 0x02, 0xF7, 0x09, 0xF1, 0x03, 0xFF, 0xFF, 0xFF, 0xFF,
    0xFB, 0x00, 0x00, 0xAF, 0xA6, 0x66, 0x6F, 0xF2, 0x00, 0x00, 0x1E, 0xD0, 0x00, 0x5F, 0x70, 0x00,
    0x00, 0x06, 0xF6, 0x00, 0xED, 0x00, 0x00, 0x00, 0x00, 0xCE, 0x18, 0xF4, 0x00, 0x00, 0x00, 0x14,
    0x9F, 0xFF, 0xF5, 0x20, 0x00, 0x07, 0xFF, 0xFF, 0xFF, 0xFF, 0xFB, 0x10, 0x4F, 0xB2, 0x03, 0xFD,
    0x01, 0x7F, 0x90, 0x9F, 0x20, 0x02, 0xF8, 0x00, 0x0C, 0xF0, 0xAF, 0x00, 0x02, 0xF8, 0x00, 0x0A,
    0xF0, 0xBF, 0x00, 0x02, 0xF8, 0x00, 0x0A, 0xF1, 0xBF, 0x00, 0x02, 0xF8, 0x00, 0x0A, 0xF1, 0xBF,
    0x00, 0x02, 0xF8, 0x00, 0x0A, 0xF1, 0x04, 0xFF, 0xFF, 0xFF, 0xF9, 0x00, 0x0C, 0xF7, 0x55, 0xFF,
    0x10, 0x00, 0x2F, 0x90, 0x3F, 0x70, 0x00, 0x00, 0x9F, 0x2C, 0xE0, 0x00, 0x00, 0x15, 0xFF, 0xFA,
    0x10, 0x00, 0x7F, 0xFF, 0xFF, 0xFF, 0xA0, 0x4F, 0x92, 0x3F, 0x90, 0x6F, 0x79, 0xF1, 0x02, 0xF7,
    0x00, 0xDC, 0xAF, 0x00, 0x2F, 0x70, 0x0B, 0xEA, 0xF0, 0x02, 0xF7, 0x00, 0xBE, 0x6F, 0x50, 0x00,
    0x4F, 0xFF, 0xFF, 0xFF, 0xFF, 0xA0, 0x6F, 0x50, 0x00, 0x0A, 0xF9, 0x66, 0x66, 0xFF, 0x10, 0x6F,
    0x50, 0x00, 0x01, 0xFC, 0x00, 0x06, 0xF7, 0x00, 0x6F, 0x50, 0x00, 0x00, 0x7F, 0x50, 0x1E, 0xD0,
    0x00, 0x6F, 0x50, 0x00, 0x00, 0x0D, 0xE0, 0x9F, 0x30, 0x00, 0x6F, 0x95, 0x55, 0x55, 0x8E, 0xFF,
    0xFF, 0x41, 0x00, 0x6F, 0xFF, 0xFF, 0xFF, 0xFF, 0xFF, 0xFF, 0xFF, 0xA0, 0x6F, 0x50, 0x04, 0xFB,
    0x31, 0x6F, 0xE1, 0x28, 0xF8, 0x6F, 0x50, 0x0A, 0xF1, 0x00, 0x3F, 0x80, 0x00, 0xDD, 0x6F, 0x50,
    0x0B, 0xF0, 0x00, 0x3F, 0x80, 0x00, 0xBF, 0x6F, 0x50, 0x0C, 0xF0, 0x00, 0x3F, 0x80, 0x00, 0xBF,
    0x6F, 0x50, 0x0C, 0xF0, 0x00, 0x3F, 0x80, 0x00, 0xBF, 0x6F, 0x50, 0x0C, 0xF0, 0x00, 0x3F, 0x80,
    0x00, 0xBF, 0xAF, 0x00, 0x00, 0xDF, 0xFF, 0xFF, 0xFF, 0x00, 0xAF, 0x00, 0x00, 0x5F, 0xC5, 0x5B,
    0xF7, 0x00, 0xAF, 0x00, 0x00, 0x0C, 0xE0, 0x0D, 0xD0, 0x00, 0xAF, 0x00, 0x00, 0x03, 0xF7, 0x6F,
    0x40, 0x00, 0xAF, 0x55, 0x55, 0x58, 0xFF, 0xFF, 0x30, 0x00, 0xAF, 0xFF, 0xFF, 0xFF, 0xFF, 0xFF,
    0xFD, 0x30, 0xAF, 0x00, 0x0E, 0xD3, 0x0F, 0xF0, 0x3E, 0xD0, 0xAF, 0x00, 0x3F, 0x60, 0x0C, 0xD0,
    0x07, 0xF2, 0xAF, 0x00, 0x4F, 0x50, 0x0C, 0xD0, 0x05, 0xF4, 0xAF, 0x00, 0x5F, 0x50, 0x0C, 0xD0,
    0x05, 0xF4, 0x00, 0x9C, 0x04, 0xF3, 0x00, 0x00, 0xD9, 0xE6, 0x00, 0x00, 0x02, 0xFA, 0x00, 0x00,
    0x00, 0x00, 0x00, 0x00, 0x00, 0x00, 0x00, 0x00, 0x00, 0xDF, 0xFE, 0xB3, 0x00, 0x04, 0x55, 0x6C,
    0xF4, 0x00, 0x00, 0x00, 0x0D, 0xE0, 0x00, 0x00, 0x00, 0x9F, 0x00, 0x00, 0x00, 0x0D, 0xD0, 0x00,
    0x25, 0x6C, 0xE3, 0x00, 0x0F, 0xFF, 0xF7, 0x00, 0x00, 0x00, 0x17, 0xF9, 0x00, 0x00, 0x00, 0x09,
    0xF1, 0x00, 0x00, 0x00, 0x6F, 0x30, 0x00, 0x00, 0x0A, 0xF1, 0x00, 0x01, 0x39, 0xF9, 0x00, 0x8F,
    0xFF, 0xF8, 0x00, 0x3F, 0xA3, 0x20, 0x00, 0x03, 0xF5, 0x00, 0x00, 0x00, 0x0C, 0xD2, 0x00, 0x00,
    0x00, 0x1B, 0x50, 0x00, 0x00, 0x05, 0xF2, 0x1E, 0x70, 0x00, 0x9D, 0xBB, 0x00, 0x00, 0x0C, 0xE1,
    0x00, 0x00, 0x00, 0x00, 0x00, 0x00, 0x00, 0x00, 0x00, 0x0D, 0xFF, 0xEA, 0x20, 0x04, 0x55, 0x7D,
    0xE2, 0x00, 0x00, 0x02, 0xF8, 0x00, 0x00, 0x02, 0xF8, 0x00, 0x35, 0x6D, 0xD1, 0x00, 0xFF, 0xFF,
    0x70, 0x00, 0x00, 0x17, 0xF8, 0x00, 0x00, 0x00, 0xEC, 0x00, 0x00, 0x27, 0xF8, 0x07, 0xEF, 0xFF,
    0x90, 0x3F, 0xA4, 0x31, 0x00, 0x4F, 0x40, 0x00, 0x00, 0x0D, 0xD2, 0x00, 0x00, 0x01, 0xB4, 0x00,
    0x00, 0x3F, 0x70, 0x0C, 0xF0, 0x02, 0xF8, 0x3F, 0x70, 0x0C, 0xF0, 0x02, 0xF8, 0x3F, 0x70, 0x0C,
    0xF0, 0x02, 0xF8, 0x3F, 0x70, 0x0C, 0xF0, 0x02, 0xF8, 0x3F, 0x70, 0x0C, 0xF0, 0x02, 0xF8, 0x2F,
    0x90, 0x0C, 0xF0, 0x03, 0xF7, 0x0E, 0xD0, 0x0C, 0xF0, 0x08, 0xF3, 0x07, 0xF9, 0x0C, 0xF0, 0x4F,
    0xC0, 0x00, 0xAF, 0xEF, 0xFC, 0xFD, 0x10, 0x00, 0x04, 0x9F, 0xFA, 0x50, 0x00, 0x00, 0x00, 0x0C,
    0xF0, 0x00, 0x00, 0x00, 0x00, 0x0C, 0xF0, 0x00, 0x00, 0x00, 0x00, 0x0C, 0xF0, 0x00, 0x00, 0x2F,
    0x70, 0x0A, 0xF0, 0x0B, 0xF0, 0x2F, 0x70, 0x0A, 0xF0, 0x06, 0xF5, 0x2F, 0x70, 0x0A, 0xF0, 0x01,
    0xF9, 0x2F, 0x70, 0x0A, 0xF0, 0x00, 0xEB, 0x2F, 0x70, 0x0A, 0xF0, 0x00, 0xCD, 0x1F, 0x80, 0x0A,
    0xF0, 0x00, 0xEC, 0x0E, 0xC0, 0x0A, 0xF0, 0x02, 0xF9, 0x08, 0xF6, 0x0A, 0xF0, 0x0C, 0xF2, 0x00,
    0xCF, 0xAF, 0xF8, 0xEF, 0x70, 0x00, 0x06, 0xCF, 0xFE, 0xA3, 0x00, 0x00, 0x00, 0x0A, 0xF0, 0x00,
    0x00, 0x00, 0x00, 0x0A, 0xF0, 0x00, 0x00, 0x00, 0x00, 0x0A, 0xF0, 0x00, 0x00, 0x00, 0x00, 0x0A,
    0xF0, 0x00, 0x00, 0x00, 0x04, 0xBF, 0xFC, 0x60, 0x00, 0x00, 0x7F, 0xE9, 0x9D, 0xF9, 0x00, 0x03,
    0xFB, 0x00, 0x00, 0x9F, 0x50, 0x0A, 0xF1, 0x00, 0x00, 0x0E, 0xC0, 0x0E, 0xC0, 0x00, 0x00, 0x0A,
    0xF0, 0x0F, 0xB4, 0x44, 0x44, 0x49, 0xF2, 0x1F, 0xFF, 0xFF, 0xFF, 0xFF, 0xF3, 0x0F, 0xA0, 0x00,
    0x00, 0x08, 0xF2, 0x0E, 0xD0, 0x00, 0x00, 0x0B, 0xF0, 0x0A, 0xF2, 0x00, 0x00, 0x1F, 0xC0, 0x03,
    0xFC, 0x10, 0x00, 0xAF, 0x50, 0x00, 0x7F, 0xE9, 0x8D, 0xFA, 0x00, 0x00, 0x04, 0xBF, 0xFC, 0x60,
    0x00, 0x00, 0x2A, 0xEF, 0xC4, 0x00, 0x02, 0xEE, 0x65, 0xCF, 0x50, 0x0A, 0xF3, 0x00, 0x0E, 0xE0,
    0x0F, 0xB0, 0x00, 0x07, 0xF4, 0x2F, 0xA4, 0x44, 0x47, 0xF6, 0x2F, 0xFF, 0xFF, 0xFF, 0xF6, 0x0F,
    0x90, 0x00, 0x05, 0xF4, 0x0B, 0xE0, 0x00, 0x0B, 0xE0, 0x02, 0xED, 0x55, 0xAF, 0x50, 0x00, 0x2A,
    0xEF, 0xC4, 0x00, 0xAF, 0x30, 0x00, 0x00, 0x1B, 0xE4, 0xF8, 0x00, 0x00, 0x09, 0xF9, 0x0E, 0xD0,
    0x00, 0x00, 0xFA, 0x00, 0x9F, 0x20, 0x00, 0x5F, 0x40, 0x04, 0xF7, 0x00, 0x0A, 0xF0, 0x00, 0x0E,
    0xC0, 0x00, 0xFA, 0x00, 0x00, 0x9F, 0x10, 0x4F, 0x40, 0x00, 0x03, 0xF6, 0x09, 0xF0, 0x00, 0x00,
    0x0E, 0xB0, 0xEA, 0x00, 0x00, 0x00, 0x8F, 0x4F, 0x40, 0x00, 0x00, 0x03, 0xFD, 0xF0, 0x00, 0x00,
    0x00, 0x0D, 0xFA, 0x00, 0x00, 0x00, 0x00, 0x9F, 0x40, 0x00, 0x00, 0x6F, 0x30, 0x00, 0x2C, 0xF0,
    0x1F, 0x80, 0x00, 0xBF, 0x80, 0x0C, 0xD0, 0x01, 0xF8, 0x00, 0x06, 0xF1, 0x06, 0xF3, 0x00, 0x01,
    0xF6, 0x0A, 0xD0, 0x00, 0x00, 0xCB, 0x0E, 0x80, 0x00, 0x00, 0x6F, 0x4F, 0x20, 0x00, 0x00, 0x1F,
    0xCD, 0x00, 0x00, 0x00, 0x0C, 0xF8, 0x00, 0x00, 0x00, 0x06, 0xF2, 0x00, 0x00, 0x02, 0xDC, 0x4E,
    0x80, 0x00, 0x00, 0x00, 0x9D, 0x4E, 0x60, 0x00, 0x00, 0x00, 0x00, 0x00, 0x00, 0x0A, 0xF3, 0x00,
    0x00, 0x01, 0xBE, 0x4F, 0x80, 0x00, 0x00, 0x9F, 0x90, 0xED, 0x00, 0x00, 0x0F, 0xA0, 0x09, 0xF2,
    0x00, 0x05, 0xF4, 0x00, 0x4F, 0x70, 0x00, 0xAF, 0x00, 0x00, 0xEC, 0x00, 0x0F, 0xA0, 0x00, 0x09,
    0xF1, 0x04, 0xF4, 0x00, 0x00, 0x3F, 0x60, 0x9F, 0x00, 0x00, 0x00, 0xEB, 0x0E, 0xA0, 0x00, 0x00,
    0x08, 0xF4, 0xF4, 0x00, 0x00, 0x00, 0x3F, 0xDF, 0x00, 0x00, 0x00, 0x00, 0xDF, 0xA0, 0x00, 0x00,
    0x00, 0x09, 0xF4, 0x00, 0x00, 0x2D, 0xC4, 0xE8, 0x00, 0x00, 0x00, 0x9D, 0x4E, 0x60, 0x00, 0x00,
    0x00, 0x00, 0x00, 0x00, 0x6F, 0x30, 0x00, 0x2C, 0xF0, 0x1F, 0x80, 0x00, 0xBF, 0x80, 0x0C, 0xD0,
    0x01, 0xF8, 0x00, 0x06, 0xF1, 0x06, 0xF3, 0x00, 0x01, 0xF6, 0x0A, 0xD0, 0x00, 0x00, 0xCB, 0x0E,
    0x80, 0x00, 0x00, 0x6F, 0x4F, 0x20, 0x00, 0x00, 0x1F, 0xCD, 0x00, 0x00, 0x00, 0x0C, 0xF8, 0x00,
    0x00, 0x00, 0x06, 0xF2, 0x00, 0x00, 0x00, 0x3B, 0xEF, 0xD7, 0x00, 0x00, 0x00, 0x00, 0x00, 0x00,
    0x05, 0xFE, 0x87, 0xBF, 0xB0, 0x00, 0x00, 0x00, 0x00, 0x00, 0x2F, 0xC0, 0x00, 0x06, 0xF7, 0x00,
    0x00, 0x00, 0x00, 0x00, 0x8F, 0x30, 0x00, 0x00, 0xCE, 0x0A, 0xF2, 0x00, 0x09, 0xF2, 0xCE, 0x00,
    0x00, 0x00, 0x8F, 0x24, 0xF7, 0x00, 0x0E, 0xC0, 0xEC, 0x00, 0x00, 0x00, 0x6F, 0x40, 0xEC, 0x00,
    0x2F, 0x70, 0xFB, 0x00, 0x00, 0x00, 0x5F, 0x50, 0x9F, 0x10, 0x7F, 0x20, 0xEC, 0x00, 0x00, 0x00,
    0x6F, 0x40, 0x4F, 0x60, 0xCC, 0x00, 0xCE, 0x00, 0x00, 0x00, 0x8F, 0x30, 0x0E, 0xB1, 0xF7, 0x00,
    0x8F, 0x30, 0x00, 0x00, 0xCE, 0x00, 0x09, 0xF6, 0xF2, 0x00, 0x2F, 0xC0, 0x00, 0x06, 0xF8, 0x00,
    0x03, 0xFF, 0xC0, 0x00, 0x05, 0xFD, 0x87, 0xAF, 0xC0, 0x00, 0x00, 0xEF, 0x70, 0x00, 0x00, 0x3B,
    0xEF, 0xD7, 0x00, 0x00, 0x00, 0xDF, 0x20, 0x00, 0x00, 0x00, 0x00, 0x00, 0x00, 0x00, 0x00, 0xAD,
    0x00, 0x00, 0x00, 0x00, 0x00, 0x00, 0x00, 0x00, 0x01, 0xF7, 0x00, 0x00, 0x00, 0x00, 0x00, 0x00,
    0x00, 0x01, 0x7D, 0xE1, 0x00, 0x00, 0x00, 0x00, 0x00, 0x00, 0x00, 0x03, 0xFC, 0x30, 0x00, 0x00,
    0x00, 0x2A, 0xEF, 0xC4, 0x00, 0xAF, 0x20, 0x00, 0x9F, 0x20, 0x2E, 0xE7, 0x6C, 0xF5, 0x04, 0xF7,
    0x00, 0x0E, 0xC0, 0x0A, 0xF2, 0x00, 0x0D, 0xE0, 0x0E, 0xC0, 0x02, 0xF7, 0x00, 0xFA, 0x00, 0x00,
    0x6F, 0x40, 0x9F, 0x10, 0x7F, 0x20, 0x2F, 0x70, 0x00, 0x03, 0xF6, 0x04, 0xF6, 0x0C, 0xC0, 0x02,
    0xF7, 0x00, 0x00, 0x3F, 0x70, 0x0E, 0xB1, 0xF7, 0x00, 0x0F, 0xA0, 0x00, 0x06, 0xF4, 0x00, 0x9F,
    0x6F, 0x20, 0x00, 0xBF, 0x20, 0x00, 0xCE, 0x00, 0x03, 0xFF, 0xC0, 0x00, 0x02, 0xEE, 0x66, 0xCF,
    0x50, 0x00, 0x0E, 0xF7, 0x00, 0x00, 0x02, 0xAE, 0xFC, 0x40, 0x00, 0x00, 0xDF, 0x20, 0x00, 0x00,
    0x00, 0x00, 0x00, 0x00, 0x00, 0x0A, 0xD0, 0x00, 0x00, 0x00, 0x00, 0x00, 0x00, 0x00, 0x01, 0xF7,
    0x00, 0x00, 0x00, 0x00, 0x00, 0x00, 0x00, 0x17, 0xDE, 0x10, 0x00, 0x00, 0x00, 0x00, 0x00, 0x00,
    0x03, 0xFC, 0x30, 0x00, 0x00, 0x00, 0x00, 0x0B, 0xF0, 0x00, 0x00, 0x00, 0x04, 0xBF, 0xFC, 0x60,
    0x00, 0x00, 0x7F, 0xDF, 0xFC, 0xF9, 0x00, 0x03, 0xFA, 0x0B, 0xF0, 0x9F, 0x50, 0x0A, 0xF1, 0x00,
    0x00, 0x0F, 0xC0, 0x0E, 0xB0, 0x00, 0x00, 0x0A, 0xF0, 0x0F, 0x90, 0x00, 0x00, 0x08, 0xF2, 0x1F,
    0x90, 0x00, 0x00, 0x07, 0xF3, 0x0F, 0xA0, 0x00, 0x00, 0x08, 0xF2, 0x0E, 0xC0, 0x00, 0x00, 0x0A,
    0xF0, 0x0A, 0xF1, 0x00, 0x00, 0x0E, 0xC0, 0x03, 0xFA, 0x0B, 0xF0, 0x8F, 0x50, 0x00, 0x7F, 0xDF,
    0xFB, 0xFA, 0x00, 0x00, 0x04, 0xBF, 0xFC, 0x60, 0x00, 0x00, 0x00, 0x0B, 0xF0, 0x00, 0x00, 0x00,
    0x00, 0xBE, 0x00, 0x00, 0x00, 0x2A, 0xFF, 0xC4, 0x00, 0x02, 0xEE, 0xFF, 0xCF, 0x50, 0x0A, 0xF2,
    0xBE, 0x0D, 0xE0, 0x0F, 0xA0, 0x00, 0x06, 0xF4, 0x2F, 0x70, 0x00, 0x03, 0xF6, 0x2F, 0x70, 0x00,
    0x03, 0xF6, 0x0F, 0xA0, 0x00, 0x06, 0xF4, 0x0B, 0xF2, 0xBE, 0x0C, 0xE0, 0x02, 0xEE, 0xFF, 0xCF,
    0x50, 0x00, 0x2A, 0xFF, 0xC4, 0x00, 0x00, 0x00, 0xBE, 0x00, 0x00, 0x00, 0x00, 0x01, 0x20, 0x00,
    0x00, 0x00, 0x00, 0x00, 0x5F, 0xFE, 0x83, 0x10, 0x00, 0x00, 0x00, 0xB7, 0x04, 0xAE, 0xD0, 0x00,
    0x00, 0x00, 0x00, 0x7F, 0x00, 0x00, 0x00, 0x00, 0x00, 0x00, 0x9C, 0x00, 0x00, 0x00, 0x02, 0xBE,
    0x00, 0xB3, 0x01, 0xE9, 0x10, 0x1E, 0xF7, 0x00, 0x00, 0x00, 0x8F, 0xC0, 0x6F, 0x50, 0x00, 0x00,
    0x00, 0x08, 0xF4, 0x9F, 0x10, 0x00, 0x00, 0x00, 0x04, 0xF6, 0xAF, 0x10, 0x00, 0x00, 0x00, 0x03,
    0xF7, 0xAF, 0x10, 0x00, 0x00, 0x00, 0x03, 0xF7, 0xAF, 0x10, 0x00, 0xFF, 0x00, 0x03, 0xF7, 0xAF,
    0x10, 0x00, 0xFF, 0x00, 0x03, 0xF7, 0xAF, 0x10, 0x00, 0xFF, 0x00, 0x03, 0xF7, 0x9F, 0x20, 0x00,
    0xFF, 0x00, 0x04, 0xF6, 0x6F, 0x50, 0x02, 0xFF, 0x10, 0x08, 0xF4, 0x0E, 0xF7, 0x8E, 0xFF, 0xD7,
    0x8F, 0xC0, 0x02, 0xAE, 0xEA, 0x23, 0xBE, 0xE9, 0x10, 0x00, 0x00, 0x13, 0x10, 0x00, 0x00, 0x00,
    0x03, 0xFE, 0xFB, 0x53, 0x00, 0x00, 0x08, 0xA0, 0x17, 0xCE, 0x10, 0x00, 0x00, 0x03, 0xF2, 0x00,
    0x00, 0x00, 0x00, 0x05, 0xF0, 0x00, 0x00, 0x07, 0xE4, 0x09, 0x60, 0x6D, 0x40, 0x5F, 0xA1, 0x00,
    0x00, 0x2B, 0xF3, 0xBE, 0x00, 0x00, 0x00, 0x01, 0xF9, 0xDC, 0x00, 0x00, 0x00, 0x00, 0xEB, 0xEC,
    0x00, 0x00, 0x00, 0x00, 0xEC, 0xEC, 0x00, 0x0F, 0xF0, 0x00, 0xEC, 0xDC, 0x00, 0x0F, 0xF0, 0x00,
    0xEB, 0xBE, 0x00, 0x0F, 0xF0, 0x01, 0xF9, 0x5F, 0xA6, 0xCF, 0xFA, 0x6B, 0xF3, 0x06, 0xDF, 0xC3,
    0x4D, 0xFD, 0x50, 0x00, 0x08, 0xFF, 0xFF, 0xFF, 0x80, 0x00, 0x00, 0x00, 0x00, 0xDA, 0x00, 0x00,
    0x00, 0x00, 0x00, 0x00, 0x00, 0x00, 0x00, 0x00, 0xAF, 0x10, 0x00, 0xFF, 0x00, 0x02, 0xF8, 0xAF,
    0x10, 0x00, 0xFF, 0x00, 0x02, 0xF8, 0xAF, 0x10, 0x00, 0xFF, 0x00, 0x02, 0xF8, 0xAF, 0x10, 0x00,
    0xFF, 0x00, 0x02, 0xF8, 0xAF, 0x10, 0x00, 0xFF, 0x00, 0x02, 0xF8, 0xAF, 0x10, 0x00, 0xFF, 0x00,
    0x02, 0xF8, 0xAF, 0x10, 0x00, 0xFF, 0x00, 0x02, 0xF8, 0xAF, 0x10, 0x00, 0xFF, 0x00, 0x02, 0xF8,
    0xAF, 0x10, 0x00, 0xFF, 0x00, 0x02, 0xF8, 0x9F, 0x10, 0x00, 0xFF, 0x00, 0x02, 0xF8, 0x7F, 0x50,
    0x03, 0xFF, 0x10, 0x06, 0xF5, 0x1E, 0xE7, 0x8E, 0xDE, 0xD7, 0x8F, 0xD0, 0x02, 0xBE, 0xEA, 0x12,
    0xBF, 0xEA, 0x10, 0x00, 0x8F, 0xFF, 0xFF, 0xF8, 0x00, 0x00, 0x00, 0x0C, 0xA0, 0x00, 0x00, 0x00,
    0x00, 0x00, 0x00, 0x00, 0x00, 0x00, 0x00, 0x00, 0x00, 0x00, 0x00, 0xDC, 0x00, 0x0F, 0xF0, 0x00,
    0xDC, 0xDC, 0x00, 0x0F, 0xF0, 0x00, 0xDC, 0xDC, 0x00, 0x0F, 0xF0, 0x00, 0xDC, 0xDC, 0x00, 0x0F,
    0xF0, 0x00, 0xDC, 0xDC, 0x00, 0x0F, 0xF0, 0x00, 0xDC, 0xDC, 0x00, 0x0F, 0xF0, 0x00, 0xDC, 0xDC,
    0x00, 0x0F, 0xF0, 0x00, 0xDC, 0xBE, 0x00, 0x1F, 0xF0, 0x00, 0xFA, 0x5F, 0xA6, 0xCF, 0xFB, 0x6B,
    0xF4, 0x07, 0xDF, 0xC3, 0x4D, 0xFD, 0x60, 0x00, 0x5C, 0xFF, 0xC7, 0x00, 0x08, 0xFC, 0x77, 0xBF,
    0xB0, 0x4F, 0xB0, 0x00, 0x08, 0xF5, 0xAF, 0x20, 0x00, 0x01, 0xF9, 0xED, 0x00, 0x00, 0x00, 0x00,
    0xFB, 0x00, 0x00, 0x00, 0x00, 0xFB, 0x00, 0x00, 0x00, 0x00, 0xFB, 0x00, 0x00, 0x00, 0x00, 0xDD,
    0x00, 0x00, 0x00, 0x00, 0xAF, 0x10, 0x00, 0x00, 0x00, 0x3F, 0xA0, 0x00, 0x00, 0x00, 0x08, 0xFC,
    0xB5, 0x00, 0x00, 0x00, 0x5C, 0xFF, 0x00, 0x00, 0x00, 0x00, 0xCF, 0x00, 0x00, 0x00, 0x00, 0xCF,
    0x00, 0x00, 0x00, 0x00, 0xCF, 0x00, 0x00, 0x00, 0x2A, 0xFF, 0xB3, 0x00, 0x1E, 0xE6, 0x7D, 0xF3,
    0x09, 0xF2, 0x00, 0x0E, 0xA0, 0xFB, 0x00, 0x00, 0x00, 0x1F, 0x80, 0x00, 0x00, 0x01, 0xF8, 0x00,
    0x00, 0x00, 0x0F, 0xB0, 0x00, 0x00, 0x00, 0x9F, 0x20, 0x00, 0x00, 0x01, 0xEE, 0xA5, 0x00, 0x00,
    0x02, 0xBF, 0xF0, 0x00, 0x00, 0x00, 0xBF, 0x00, 0x00, 0x00, 0x0B, 0xF0, 0x00, 0x00, 0x00, 0xBF,
    0x00, 0x00, 0x00, 0x00, 0x00, 0x1E, 0x70, 0x00, 0x04, 0x00, 0x9D, 0x00, 0x00, 0x4F, 0xB4, 0xF5,
    0x00, 0x00, 0x03, 0xCF, 0xE0, 0x00, 0x00, 0x00, 0x3F, 0xED, 0x40, 0x00, 0x00, 0xCA, 0x19, 0xF1,
    0xBA, 0x15, 0xF2, 0x00, 0x10, 0x3C, 0xFE, 0x80, 0x00, 0x00, 0x00, 0xAF, 0xD4, 0x00, 0x00, 0x01,
    0xF8, 0xAF, 0x80, 0x00, 0x09, 0xD0, 0x03, 0x30, 0x00, 0x2F, 0x50, 0x00, 0x00, 0x00, 0x00, 0x00,
    0x05, 0xF1, 0x1F, 0xFF, 0xFF, 0xF1, 0x1F, 0x50, 0x00, 0x00, 0x02, 0x48, 0xDF, 0xD2, 0x0F, 0xEA,
    0x52, 0xB9, 0xDB, 0x09, 0xD0, 0x0B, 0x10, 0x0C, 0xC0, 0xE8, 0x2A, 0x00, 0x1F, 0x77, 0x77, 0xF1,
    0x2C, 0x10, 0x02, 0xC1, 0x26, 0x70, 0x07, 0x61, 0x25, 0x70, 0x07, 0x61, 0x25, 0x25, 0x62, 0x61,
    0x25, 0x08, 0x80, 0x61, 0x25, 0x09, 0x70, 0x61, 0x25, 0x08, 0x80, 0x61, 0x25, 0x16, 0x71, 0x61,
    0x25, 0x70, 0x16, 0x61, 0x26, 0x70, 0x08, 0x61, 0x2B, 0x20, 0x03, 0xA1, 0x2F, 0x77, 0x77, 0xF1,
    0x00, 0x00, 0x00, 0x01, 0xAB, 0x40, 0x00, 0x00, 0x00, 0x00, 0x00, 0x00, 0x08, 0x62, 0xC0, 0x00,
    0x00, 0x00, 0x00, 0x03, 0x40, 0x00, 0x00, 0x00, 0x02, 0x51, 0x00, 0x00, 0x7B, 0x9B, 0x00, 0x00,
    0x00, 0x3D, 0x7E, 0x00, 0x00, 0x31, 0x04, 0x00, 0x00, 0x00, 0x22, 0x03, 0x00, 0x00, 0x00, 0x00,
    0x00, 0x00, 0x00, 0x00, 0x00, 0x00, 0x00, 0x00, 0x00, 0x00, 0x00, 0x00, 0x00, 0x00, 0x00, 0x09,
    0xCB, 0x00, 0x00, 0x00, 0x00, 0x00, 0x4C, 0xC4, 0x29, 0x07, 0x40, 0x00, 0x00, 0x00, 0x00, 0x82,
    0x28, 0x00, 0x00, 0x00, 0x00, 0x00, 0x00, 0x00, 0x00, 0x00, 0x00, 0x00, 0x00, 0x00, 0x00, 0x00,
    0x00, 0x00, 0x00, 0x00, 0x04, 0x40, 0x00, 0x00, 0x00, 0x03, 0x51, 0x00, 0x00, 0x8A, 0x9A, 0x00,
    0x00, 0x00, 0x5C, 0x7D, 0x00, 0x00, 0x31, 0x03, 0x00, 0x00, 0x00, 0x22, 0x04, 0x00, 0x00, 0x00,
    0x00, 0x02, 0xBC, 0x60, 0x00, 0x00, 0x00, 0x00, 0x00, 0x00, 0x07, 0x60, 0xB0, 0x00, 0x00, 0x00,
    0x00, 0x00, 0x00, 0x00, 0x0D, 0x00, 0x00, 0x00, 0x00, 0x00, 0x00, 0x00, 0x00, 0x6B, 0x00, 0x00,
    0x00, 0x00, 0x00, 0x07, 0x40, 0x00, 0xB8, 0x00, 0x00, 0x10, 0x00, 0x00, 0x03, 0xE0, 0x00, 0x10,
    0x00, 0x2A, 0xE2, 0x00, 0x00, 0x00, 0xC7, 0x00, 0x00, 0x00, 0xAA, 0x10, 0x00, 0x00, 0x00, 0x20,
    0x00, 0x00, 0x00, 0x00, 0x00, 0x00, 0x00, 0x00, 0x00, 0x00, 0x00, 0x00, 0x00, 0x00, 0x00, 0x18,
    0x51, 0x00, 0x00, 0x00, 0x00, 0x00, 0x73, 0x00, 0x07, 0xDE, 0x00, 0x00, 0x00, 0x00, 0x00, 0xAF,
    0xD1, 0x00, 0x02, 0x00, 0x00, 0x00, 0x00, 0x00, 0x00, 0x20, 0x00, 0x00, 0x00, 0x00, 0x00, 0x00,
    0x00, 0x00, 0x00, 0x00, 0x00, 0x00, 0x00, 0x00, 0x00, 0x02, 0x00, 0x00, 0x00, 0x00, 0x9B, 0x00,
    0x00, 0x00, 0x6D, 0x00, 0x00, 0x00, 0x2D, 0xB3, 0x00, 0x27, 0x00, 0x0D, 0x40, 0x00, 0x00, 0x02,
    0x00, 0x00, 0x7B, 0x00, 0x04, 0x80, 0x00, 0x00, 0x00, 0x00, 0x00, 0xB5, 0x00, 0x00, 0x00, 0x00,
    0x00, 0x00, 0x00, 0x00, 0x80, 0x00, 0x00, 0x00, 0x00, 0x00, 0x0B, 0xB1, 0x3F, 0x40, 0x00, 0x00,
    0x02, 0xCF, 0xD8, 0x00, 0x00, 0x00, 0x00, 0x00, 0x00, 0x00, 0x00, 0x7F, 0x40, 0x00, 0x00, 0xCF,
    0x40, 0x7F, 0x40, 0x00, 0x06, 0xFF, 0x40, 0x7F, 0x40, 0x00, 0x1E, 0xFF, 0x40, 0x7F, 0x40, 0x00,
    0xAF, 0xAF, 0x40, 0x7F, 0x40, 0x04, 0xF9, 0x7F, 0x40, 0x7F, 0x40, 0x0D, 0xE0, 0x7F, 0x40, 0x7F,
    0x40, 0x8F, 0x50, 0x7F, 0x40, 0x7F, 0x42, 0xFB, 0x00, 0x7F, 0x40, 0x7F, 0x4C, 0xF1, 0x00, 0x7F,
    0x40, 0x7F, 0xAF, 0x70, 0x00, 0x7F, 0x40, 0x7F, 0xFC, 0x00, 0x00, 0x7F, 0x40, 0x7F, 0xF3, 0x00,
    0x00, 0x7F, 0x72, 0x7F, 0x90, 0x00, 0x00, 0x7F, 0xFB, 0x00, 0x00, 0x00, 0x00, 0x00, 0xF9, 0x00,
    0x00, 0x00, 0x00, 0x05, 0xF3, 0x00, 0x00, 0x00, 0x00, 0x04, 0x60, 0x0B, 0xB1, 0x3F, 0x40, 0x00,
    0x02, 0xCF, 0xD8, 0x00, 0x00, 0x00, 0x00, 0x00, 0x00, 0x00, 0xAF, 0x00, 0x00, 0xDF, 0x00, 0xAF,
    0x00, 0x08, 0xFF, 0x00, 0xAF, 0x00, 0x2F, 0xFF, 0x00, 0xAF, 0x00, 0xBD, 0xAF, 0x00, 0xAF, 0x05,
    0xF4, 0x9F, 0x00, 0xAF, 0x0E, 0xB0, 0x9F, 0x00, 0xAF, 0x8F, 0x20, 0x9F, 0x00, 0xAF, 0xF8, 0x00,
    0x9F, 0x00, 0xAF, 0xD0, 0x00, 0x9F, 0x32, 0xAF, 0x40, 0x00, 0x9F, 0xEB, 0x00, 0x00, 0x00, 0x00,
    0xF9, 0x00, 0x00, 0x00, 0x05, 0xF3, 0x00, 0x00, 0x00, 0x04, 0x60, 0x00, 0x9F, 0x20, 0x00, 0x00,
    0x00, 0x25, 0xEF, 0x75, 0x10, 0x00, 0x00, 0x6F, 0xFF, 0xFF, 0x30, 0x00, 0x00, 0x00, 0x9F, 0x20,
    0x00, 0x00, 0x00, 0x00, 0x9F, 0x20, 0x00, 0x00, 0x00, 0x00, 0x9F, 0xFF, 0xFF, 0xD7, 0x00, 0x00,
    0x9F, 0x86, 0x66, 0xAF, 0xB0, 0x00, 0x9F, 0x20, 0x00, 0x08, 0xF4, 0x00, 0x9F, 0x20, 0x00, 0x02,
    0xF8, 0x00, 0x9F, 0x20, 0x00, 0x03, 0xF8, 0x00, 0x9F, 0x20, 0x00, 0x09, 0xF4, 0x00, 0x9F, 0x76,
    0x66, 0xAF, 0xB0, 0x00, 0x9F, 0xFF, 0xFF, 0xD8, 0x00, 0x00, 0xAF, 0x00, 0x00, 0x00, 0x00, 0xAF,
    0x00, 0x00, 0x00, 0x5F, 0xFF, 0xFF, 0xD0, 0x00, 0x15, 0xFF, 0x55, 0x40, 0x00, 0x00, 0xAF, 0x00,
    0x00, 0x00, 0x00, 0xAF, 0x00, 0x00, 0x00, 0x00, 0xAF, 0x00, 0x00, 0x00, 0x00, 0xAF, 0x00, 0x00,
    0x00, 0x00, 0xAF, 0x55, 0x43, 0x00, 0x00, 0xAF, 0xFF, 0xFF, 0xC1, 0x00, 0xAF, 0x00, 0x05, 0xFA,
    0x00, 0xAF, 0x00, 0x00, 0xCE, 0x00, 0xAF, 0x00, 0x00, 0xDD, 0x00, 0xAF, 0x55, 0x5A, 0xF7, 0x00,
    0xAF, 0xFF, 0xFD, 0x70, 0x8F, 0xFF, 0xFF, 0xD8, 0x00, 0x8F, 0x76, 0x66, 0xAF, 0xC0, 0x8F, 0x20,
    0x00, 0x07, 0xF6, 0x8F, 0x20, 0x00, 0x01, 0xFA, 0x8F, 0x20, 0x00, 0x51, 0xFA, 0x8F, 0x20, 0x01,
    0xFF, 0xF6, 0x8F, 0x96, 0x66, 0xDF, 0xF0, 0x8F, 0xFF, 0xFF, 0xDE, 0xF7, 0x8F, 0x20, 0x00, 0x00,
    0x65, 0x8F, 0x20, 0x00, 0x00, 0x00, 0x8F, 0x20, 0x00, 0x00, 0x00, 0x8F, 0x20, 0x00, 0x00, 0x00,
    0x8F, 0x20, 0x00, 0x00, 0x00, 0xCC, 0x5D, 0xFD, 0x60, 0x0C, 0xFE, 0x76, 0xDF, 0x50, 0xCF, 0x10,
    0x01, 0xEE, 0x0E, 0xF0, 0x00, 0x09, 0xF1, 0xFF, 0x00, 0x00, 0x6F, 0x3F, 0xF0, 0x00, 0x06, 0xF3,
    0xEF, 0x00, 0x05, 0x8F, 0x1C, 0xF1, 0x04, 0xFF, 0xD0, 0xCF, 0xD6, 0x6F, 0xF9, 0x0C, 0xD6, 0xDF,
    0xDF, 0xF1, 0xCD, 0x00, 0x00, 0x05, 0x0C, 0xD0, 0x00, 0x00, 0x00, 0xCD, 0x00, 0x00, 0x00, 0x0C,
    0xD0, 0x00, 0x00, 0x00, 0x00, 0x00, 0x00, 0x5F, 0x50, 0x00, 0x00, 0x05, 0xF5, 0x00, 0x00, 0x00,
    0x5F, 0x59, 0xFF, 0xFF, 0xFF, 0xF9, 0x9F, 0x76, 0x66, 0x7B, 0x39, 0xF2, 0x00, 0x00, 0x00, 0x9F,
    0x20, 0x00, 0x00, 0x09, 0xF2, 0x00, 0x00, 0x00, 0x9F, 0x20, 0x00, 0x00, 0x09, 0xF2, 0x00, 0x00,
    0x00, 0x9F, 0x20, 0x00, 0x00, 0x09, 0xF2, 0x00, 0x00, 0x00, 0x9F, 0x20, 0x00, 0x00, 0x09, 0xF2,
    0x00, 0x00, 0x00, 0x9F, 0x20, 0x00, 0x00, 0x09, 0xF2, 0x00, 0x00, 0x00, 0x00, 0x00, 0x4F, 0x50,
    0x00, 0x04, 0xF5, 0x00, 0x00, 0x4F, 0x5B, 0xFF, 0xFF, 0xFA, 0xBF, 0x55, 0x7B, 0x3B, 0xE0, 0x00,
    0x00, 0xBE, 0x00, 0x00, 0x0B, 0xE0, 0x00, 0x00, 0xBE, 0x00, 0x00, 0x0B, 0xE0, 0x00, 0x00, 0xBE,
    0x00, 0x00, 0x0B, 0xE0, 0x00, 0x00, 0xBE, 0x00, 0x00, 0x00, 0x07, 0xFF, 0xFF, 0xFF, 0xF6, 0x07,
    0xF8, 0x66, 0x66, 0x62, 0x07, 0xF4, 0x00, 0x00, 0x00, 0x07, 0xF4, 0x00, 0x00, 0x00, 0x07, 0xF4,
    0x00, 0x00, 0x00, 0x5C, 0xF9, 0x53, 0x00, 0x00, 0xFF, 0xFF, 0xFA, 0x00, 0x00, 0x07, 0xF4, 0x00,
    0x00, 0x00, 0x07, 0xF4, 0x00, 0x00, 0x00, 0x07, 0xF4, 0x00, 0x00, 0x00, 0x07, 0xF4, 0x00, 0x00,
    0x00, 0x07, 0xF4, 0x00, 0x00, 0x00, 0x07, 0xF4, 0x00, 0x00, 0x00, 0x00, 0xAF, 0xFF, 0xFF, 0x60,
    0x0A, 0xF5, 0x55, 0x52, 0x00, 0xAF, 0x00, 0x00, 0x00, 0x0A, 0xF0, 0x00, 0x00, 0x05, 0xFF, 0x55,
    0x30, 0x00, 0xFF, 0xFF, 0xF9, 0x00, 0x00, 0xAF, 0x00, 0x00, 0x00, 0x0A, 0xF0, 0x00, 0x00, 0x00,
    0xAF, 0x00, 0x00, 0x00, 0x0A, 0xF0, 0x00, 0x00, 0x7F, 0xFF, 0xFF, 0xFF, 0x60, 0x7F, 0x86, 0x66,
    0x66, 0x20, 0x7F, 0x40, 0x00, 0x00, 0x00, 0x7F, 0x40, 0x00, 0x00, 0x00, 0x7F, 0x40, 0x00, 0x00,
    0x00, 0x7F, 0x40, 0x00, 0x00, 0x00, 0x7F, 0xFF, 0xFC, 0x70, 0x00, 0x7F, 0xA6, 0x8C, 0xFC, 0x00,
    0x7F, 0x40, 0x00, 0x7F, 0x80, 0x7F, 0x40, 0x00, 0x0D, 0xD0, 0x7F, 0x40, 0x00, 0x0A, 0xF0, 0x7F,
    0x40, 0x00, 0x09, 0xF1, 0x7F, 0x40, 0x00, 0x0A, 0xF0, 0x00, 0x00, 0x00, 0x1F, 0xB0, 0x00, 0x00,
    0x06, 0xDF, 0x30, 0x00, 0x00, 0x1F, 0xB3, 0x00, 0xBF, 0xFF, 0xFF, 0x40, 0xBF, 0x55, 0x55, 0x10,
    0xBE, 0x00, 0x00, 0x00, 0xBE, 0x00, 0x00, 0x00, 0xFF, 0xFE, 0xB4, 0x00, 0xEF, 0x68, 0xDF, 0x50,
    0xBE, 0x00, 0x0C, 0xF0, 0xBE, 0x00, 0x05, 0xF4, 0xBE, 0x00, 0x03, 0xF6, 0xBE, 0x00, 0x05, 0xF4,
    0x00, 0x00, 0x0B, 0xE0, 0x00, 0x02, 0xBF, 0x50, 0x00, 0x02, 0xD5, 0x00, 0x2F, 0xD0, 0x00, 0x09,
    0xF1, 0x00, 0x06, 0xF8, 0x00, 0x7F, 0x70, 0x00, 0x9F, 0x10, 0x01, 0xED, 0x00, 0x00, 0xCF, 0x10,
    0x09, 0xF1, 0x00, 0xAF, 0x40, 0x00, 0x02, 0xFB, 0x00, 0x9F, 0x10, 0x3F, 0x90, 0x00, 0x00, 0x07,
    0xF4, 0x09, 0xF1, 0x0D, 0xE0, 0x00, 0x00, 0x00, 0x0E, 0xF6, 0xFF, 0x89, 0xF4, 0x00, 0x00, 0x00,
    0x00, 0xEF, 0xFF, 0xFF, 0xFF, 0x20, 0x00, 0x00, 0x00, 0x5F, 0xB0, 0x9F, 0x13, 0xFC, 0x00, 0x00,
    0x00, 0x0E, 0xF1, 0x09, 0xF1, 0x09, 0xF6, 0x00, 0x00, 0x09, 0xF7, 0x00, 0x9F, 0x10, 0x1E, 0xF1,
    0x00, 0x03, 0xFD, 0x00, 0x09, 0xF1, 0x00, 0x6F, 0xA0, 0x00, 0xCF, 0x40, 0x00, 0x9F, 0x10, 0x00,
    0xCF, 0x82, 0x7F, 0xA0, 0x00, 0x09, 0xF1, 0x00, 0x03, 0xFF, 0x90, 0x00, 0x00, 0x00, 0x00, 0x00,
    0x00, 0x01, 0xF8, 0x00, 0x00, 0x00, 0x00, 0x00, 0x00, 0x00, 0x1F, 0x80, 0x00, 0x00, 0x00, 0x00,
    0x00, 0x00, 0x01, 0xF8, 0x00, 0x00, 0x00, 0x00, 0x00, 0x00, 0x00, 0x0C, 0x60, 0x3F, 0xC0, 0x00,
    0xFA, 0x00, 0x1F, 0xE0, 0x00, 0x9F, 0x40, 0x0F, 0xA0, 0x08, 0xF5, 0x00, 0x01, 0xED, 0x00, 0xFA,
    0x01, 0xFB, 0x00, 0x00, 0x06, 0xF5, 0x0F, 0xA0, 0xAF, 0x20, 0x00, 0x00, 0x0D, 0xE7, 0xFF, 0x7F,
    0x80, 0x00, 0x00, 0x00, 0xCF, 0xFF, 0xFF, 0xF6, 0x00, 0x00, 0x00, 0x5F, 0x90, 0xFA, 0x0D, 0xE1,
    0x00, 0x00, 0x1E, 0xD0, 0x0F, 0xA0, 0x3F, 0xC0, 0x00, 0x0B, 0xF4, 0x00, 0xFA, 0x00, 0x8F, 0x74,
    0x27, 0xF9, 0x00, 0x0F, 0xA0, 0x00, 0xDF, 0xF8, 0x00, 0x00, 0x00, 0x00, 0x00, 0x00, 0x1F, 0x80,
    0x00, 0x00, 0x00, 0x00, 0x00, 0x01, 0xF8, 0x00, 0x00, 0x00, 0x00, 0x00, 0x00, 0x1F, 0x80, 0x00,
    0x00, 0x00, 0x00, 0x00, 0x00, 0xC6, 0x00, 0x2A, 0xEF, 0xD9, 0x10, 0x02, 0xFE, 0x86, 0x9F, 0xE2,
    0x0C, 0xF1, 0x00, 0x04, 0xF9, 0x0F, 0xA0, 0x00, 0x00, 0xFB, 0x00, 0x00, 0x00, 0x03, 0xF8, 0x00,
    0x00, 0x77, 0x8E, 0xC0, 0x00, 0x02, 0xFF, 0xFF, 0x50, 0x00, 0x00, 0x00, 0x2A, 0xF6, 0x00, 0x00,
    0x00, 0x00, 0xED, 0x3F, 0x70, 0x00, 0x00, 0xCE, 0x0F, 0xD0, 0x00, 0x03, 0xFB, 0x06, 0xFD, 0x76,
    0x9F, 0xF2, 0x00, 0x3B, 0xFF, 0xF9, 0x10, 0x00, 0x00, 0x1F, 0x80, 0x00, 0x00, 0x00, 0x1F, 0x80,
    0x00, 0x00, 0x00, 0x1F, 0x80, 0x00, 0x00, 0x00, 0x1F, 0x80, 0x00, 0x00, 0x00, 0x04, 0x20, 0x00,
    0x00, 0x7D, 0xFD, 0x80, 0x00, 0x9F, 0xA5, 0x8F, 0xA0, 0x0F, 0xA0, 0x00, 0xAF, 0x00, 0x00, 0x00,
    0x0A, 0xF0, 0x00, 0x05, 0x68, 0xF7, 0x00, 0x00, 0xFF, 0xFF, 0x30, 0x00, 0x00, 0x01, 0xBF, 0x12,
    0xF8, 0x00, 0x07, 0xF3, 0x0B, 0xF9, 0x57, 0xFD, 0x00, 0x08, 0xEF, 0xFA, 0x10, 0x00, 0x01, 0xF8,
    0x00, 0x00, 0x00, 0x1F, 0x80, 0x00, 0x00, 0x01, 0xF8, 0x00, 0x00, 0x00, 0x1F, 0x80, 0x00, 0x00,
    0x00, 0x42, 0x00, 0x00, 0x7F, 0x40, 0x00, 0x05, 0xFB, 0x07, 0xF4, 0x00, 0x03, 0xFE, 0x10, 0x7F,
    0x40, 0x01, 0xDF, 0x30, 0x07, 0xF4, 0x00, 0xBF, 0x50, 0x00, 0x7F, 0x40, 0x8F, 0x90, 0x00, 0x07,
    0xFA, 0x8F, 0xC0, 0x00, 0x00, 0x7F, 0xFF, 0xF9, 0x00, 0x00, 0x07, 0xF4, 0x0C, 0xF4, 0x00, 0x00,
    0x7F, 0x40, 0x1E, 0xE1, 0x00, 0x07, 0xF4, 0x00, 0x4F, 0xC0, 0x00, 0x7F, 0x40, 0x00, 0x7F, 0x90,
    0x07, 0xF4, 0x00, 0x00, 0xBF, 0x50, 0x7F, 0x40, 0x00, 0x01, 0xFF, 0xB0, 0x00, 0x00, 0x00, 0x01,
    0xF8, 0x00, 0x00, 0x00, 0x00, 0x1F, 0x80, 0x00, 0x00, 0x00, 0x01, 0xF8, 0x00, 0x00, 0x00, 0x00,
    0x1F, 0x80, 0xAF, 0x00, 0x02, 0xFD, 0x00, 0xAF, 0x00, 0x0C, 0xF2, 0x00, 0xAF, 0x00, 0x7F, 0x50,
    0x00, 0xAF, 0x03, 0xF9, 0x00, 0x00, 0xAF, 0x6E, 0xE0, 0x00, 0x00, 0xAF, 0xFF, 0xF0, 0x00, 0x00,
    0xAF, 0x06, 0xFA, 0x00, 0x00, 0xAF, 0x00, 0x8F, 0x70, 0x00, 0xAF, 0x00, 0x0B, 0xF5, 0x42, 0xAF,
    0x00, 0x01, 0xDF, 0xF8, 0x00, 0x00, 0x00, 0x01, 0xF8, 0x00, 0x00, 0x00, 0x01, 0xF8, 0x00, 0x00,
    0x00, 0x01, 0xF8, 0x00, 0x00, 0x00, 0x00, 0xC6, 0x9F, 0x20, 0x00, 0x06, 0xF9, 0x09, 0xF2, 0x00,
    0x00, 0xEE, 0x10, 0x9F, 0x20, 0x00, 0x6F, 0x60, 0x09, 0xF2, 0xF5, 0x0E, 0xC0, 0x00, 0x9F, 0x2F,
    0x56, 0xF3, 0x00, 0x09, 0xF8, 0xFC, 0xFB, 0x00, 0x00, 0x9F, 0xFF, 0xFF, 0xB0, 0x00, 0x09, 0xF2,
    0xF5, 0xBF, 0x20, 0x00, 0x9F, 0x2F, 0x53, 0xFB, 0x00, 0x09, 0xF2, 0x00, 0x0A, 0xF4, 0x00, 0x9F,
    0x20, 0x00, 0x2F, 0xD0, 0x09, 0xF2, 0x00, 0x00, 0xAF, 0x60, 0x9F, 0x20, 0x00, 0x02, 0xFE, 0x00,
    0xAF, 0x00, 0x00, 0x6F, 0x70, 0xAF, 0x00, 0x00, 0xED, 0x00, 0xAF, 0x00, 0x06, 0xF4, 0x00, 0xAF,
    0x2F, 0x3E, 0xB0, 0x00, 0xAF, 0x8F, 0xCF, 0x20, 0x00, 0xAF, 0xFF, 0xFF, 0x20, 0x00, 0xAF, 0x2F,
    0x4F, 0xC0, 0x00, 0xAF, 0x2F, 0x37, 0xF7, 0x00, 0xAF, 0x00, 0x00, 0xDF, 0x20, 0xAF, 0x00, 0x00,
    0x3F, 0xC0, 0x04, 0xF7, 0x00, 0x00, 0x3F, 0xD1, 0x04, 0xF7, 0x00, 0x01, 0xEF, 0x20, 0xEF, 0xFF,
    0xFB, 0x0C, 0xF5, 0x00, 0x49, 0xFC, 0x53, 0x9F, 0x80, 0x00, 0x04, 0xF7, 0x06, 0xFB, 0x00, 0x00,
    0x04, 0xFD, 0x7F, 0xE1, 0x00, 0x00, 0x04, 0xFF, 0xFF, 0xD0, 0x00, 0x00, 0x04, 0xF7, 0x0A, 0xF7,
    0x00, 0x00, 0x04, 0xF7, 0x00, 0xDF, 0x30, 0x00, 0x04, 0xF7, 0x00, 0x2F, 0xE1, 0x00, 0x04, 0xF7,
    0x00, 0x05, 0xFB, 0x00, 0x04, 0xF7, 0x00, 0x00, 0x8F, 0x80, 0x04, 0xF7, 0x00, 0x00, 0x0C, 0xF4,
    0x00, 0x8F, 0x10, 0x00, 0x00, 0x00, 0x08, 0xF1, 0x00, 0x00, 0x00, 0x6F, 0xFF, 0xFF, 0x30, 0x00,
    0x02, 0x5E, 0xF7, 0x51, 0x00, 0x00, 0x00, 0x8F, 0x10, 0x06, 0xF8, 0x00, 0x08, 0xF1, 0x03, 0xFB,
    0x00, 0x00, 0x8F, 0x10, 0xDE, 0x10, 0x00, 0x08, 0xF7, 0xCF, 0x30, 0x00, 0x00, 0x8F, 0xFF, 0xF0,
    0x00, 0x00, 0x08, 0xF1, 0x7F, 0x60, 0x00, 0x00, 0x8F, 0x10, 0xCE, 0x10, 0x00, 0x08, 0xF1, 0x03,
    0xFB, 0x00, 0x00, 0x8F, 0x10, 0x08, 0xF5, 0x00, 0x08, 0xF1, 0x00, 0x0D, 0xE1, 0x6F, 0xFF, 0xFF,
    0x70, 0x00, 0x03, 0xFE, 0x12, 0x55, 0x58, 0xF7, 0x00, 0x01, 0xDF, 0x30, 0x00, 0x00, 0x3F, 0x70,
    0x00, 0xBF, 0x50, 0x00, 0x00, 0x03, 0xF7, 0x00, 0x8F, 0x90, 0x00, 0x00, 0x00, 0x3F, 0x70, 0x5F,
    0xC0, 0x00, 0x00, 0x00, 0x03, 0xFE, 0x6F, 0xF1, 0x00, 0x00, 0x00, 0x00, 0x3F, 0xFF, 0xFF, 0x00,
    0x00, 0x00, 0x00, 0x03, 0xF7, 0x09, 0xF7, 0x00, 0x00, 0x00, 0x00, 0x3F, 0x70, 0x0C, 0xF4, 0x00,
    0x00, 0x00, 0x03, 0xF7, 0x00, 0x1E, 0xE1, 0x00, 0x00, 0x00, 0x3F, 0x70, 0x00, 0x4F, 0xC0, 0x00,
    0x00, 0x03, 0xF7, 0x00, 0x00, 0x8F, 0x90, 0x00, 0x00, 0x3F, 0x70, 0x00, 0x00, 0xBF, 0x50, 0x7F,
    0xFF, 0xFD, 0x00, 0x04, 0xFA, 0x02, 0x55, 0x5F, 0xC0, 0x01, 0xED, 0x00, 0x00, 0x00, 0xDC, 0x00,
    0xAF, 0x20, 0x00, 0x00, 0x0D, 0xC0, 0x6F, 0x60, 0x00, 0x00, 0x00, 0xDF, 0x6F, 0xA0, 0x00, 0x00,
    0x00, 0x0D, 0xFF, 0xFA, 0x00, 0x00, 0x00, 0x00, 0xDC, 0x09, 0xF6, 0x00, 0x00, 0x00, 0x0D, 0xC0,
    0x0B, 0xF4, 0x00, 0x00, 0x00, 0xDC, 0x00, 0x1D, 0xE2, 0x00, 0x00, 0x0D, 0xC0, 0x00, 0x2F, 0xD1,
    0x8F, 0x30, 0x00, 0x00, 0x5F, 0x50, 0x8F, 0x30, 0x00, 0x00, 0x5F, 0x50, 0x8F, 0x30, 0x00, 0x00,
    0x5F, 0x50, 0x8F, 0x30, 0x00, 0x00, 0x5F, 0x50, 0x8F, 0x30, 0x00, 0x00, 0x5F, 0x50, 0x8F, 0x96,
    0x66, 0x66, 0xAF, 0x50, 0x8F, 0xFF, 0xFF, 0xFF, 0xFF, 0x50, 0x8F, 0x30, 0x00, 0x00, 0x5F, 0x50,
    0x8F, 0x30, 0x00, 0x00, 0x5F, 0x50, 0x8F, 0x30, 0x00, 0x00, 0x5F, 0x50, 0x8F, 0x30, 0x00, 0x00,
    0x5F, 0x50, 0x8F, 0x30, 0x00, 0x00, 0x5F, 0x92, 0x8F, 0x30, 0x00, 0x00, 0x5F, 0xF8, 0x00, 0x00,
    0x00, 0x00, 0x01, 0xF8, 0x00, 0x00, 0x00, 0x00, 0x01, 0xF8, 0x00, 0x00, 0x00, 0x00, 0x01, 0xF8,
    0x00, 0x00, 0x00, 0x00, 0x00, 0xC6, 0xAF, 0x00, 0x00, 0xAF, 0x00, 0xAF, 0x00, 0x00, 0xAF, 0x00,
    0xAF, 0x00, 0x00, 0xAF, 0x00, 0xAF, 0x00, 0x00, 0xAF, 0x00, 0xAF, 0x55, 0x55, 0xDF, 0x00, 0xAF,
    0xFF, 0xFF, 0xFF, 0x00, 0xAF, 0x00, 0x00, 0xAF, 0x00, 0xAF, 0x00, 0x00, 0xAF, 0x00, 0xAF, 0x00,
    0x00, 0xAF, 0x42, 0xAF, 0x00, 0x00, 0xAF, 0xF8, 0x00, 0x00, 0x00, 0x01, 0xF8, 0x00, 0x00, 0x00,
    0x01, 0xF8, 0x00, 0x00, 0x00, 0x01, 0xF8, 0x00, 0x00, 0x00, 0x00, 0xC6, 0x8F, 0x30, 0x00, 0x00,
    0x6F, 0xFF, 0xFF, 0xFE, 0x8F, 0x30, 0x00, 0x00, 0x6F, 0xA5, 0x55, 0x54, 0x8F, 0x30, 0x00, 0x00,
    0x6F, 0x50, 0x00, 0x00, 0x8F, 0x30, 0x00, 0x00, 0x6F, 0x50, 0x00, 0x00, 0x8F, 0x30, 0x00, 0x00,
    0x6F, 0x50, 0x00, 0x00, 0x8F, 0x96, 0x66, 0x66, 0xAF, 0x50, 0x00, 0x00, 0x8F, 0xFF, 0xFF, 0xFF,
    0xFF, 0x50, 0x00, 0x00, 0x8F, 0x30, 0x00, 0x00, 0x6F, 0x50, 0x00, 0x00, 0x8F, 0x30, 0x00, 0x00,
    0x6F, 0x50, 0x00, 0x00, 0x8F, 0x30, 0x00, 0x00, 0x6F, 0x50, 0x00, 0x00, 0x8F, 0x30, 0x00, 0x00,
    0x6F, 0x50, 0x00, 0x00, 0x8F, 0x30, 0x00, 0x00, 0x6F, 0x50, 0x00, 0x00, 0x8F, 0x30, 0x00, 0x00,
    0x6F, 0x50, 0x00, 0x00, 0xBE, 0x00, 0x00, 0xBF, 0xFF, 0xF3, 0xBE, 0x00, 0x00, 0xBF, 0x55, 0x51,
    0xBE, 0x00, 0x00, 0xBE, 0x00, 0x00, 0xBE, 0x00, 0x00, 0xBE, 0x00, 0x00, 0xBF, 0x55, 0x55, 0xEE,
    0x00, 0x00, 0xBF, 0xFF, 0xFF, 0xFE, 0x00, 0x00, 0xBE, 0x00, 0x00, 0xBE, 0x00, 0x00, 0xBE, 0x00,
    0x00, 0xBE, 0x00, 0x00, 0xBE, 0x00, 0x00, 0xBE, 0x00, 0x00, 0xBE, 0x00, 0x00, 0xBE, 0x00, 0x00,
    0x7F, 0xFF, 0xFF, 0xFF, 0xFF, 0x30, 0x00, 0x00, 0x07, 0xF8, 0x66, 0x66, 0x6A, 0xF3, 0x00, 0x00,
    0x00, 0x7F, 0x40, 0x00, 0x00, 0x7F, 0x30, 0x00, 0x00, 0x07, 0xF4, 0x00, 0x00, 0x07, 0xF3, 0x00,
    0x00, 0x00, 0x7F, 0x40, 0x00, 0x00, 0x7F, 0x30, 0x00, 0x00, 0x07, 0xF4, 0x00, 0x00, 0x07, 0xF3,
    0x00, 0x00, 0x00, 0x7F, 0x40, 0x00, 0x00, 0x7F, 0xFF, 0xEA, 0x20, 0x07, 0xF4, 0x00, 0x00, 0x07,
    0xFA, 0x79, 0xFF, 0x40, 0x7F, 0x40, 0x00, 0x00, 0x7F, 0x30, 0x01, 0xEE, 0x07, 0xF4, 0x00, 0x00,
    0x07, 0xF3, 0x00, 0x06, 0xF5, 0x7F, 0x40, 0x00, 0x00, 0x7F, 0x30, 0x00, 0x2F, 0x77, 0xF4, 0x00,
    0x00, 0x07, 0xF3, 0x00, 0x01, 0xF8, 0x7F, 0x40, 0x00, 0x00, 0x7F, 0x30, 0x00, 0x3F, 0x60, 0x00,
    0x00, 0x00, 0x00, 0x00, 0x00, 0x09, 0xF2, 0x00, 0x00, 0x00, 0x00, 0x00, 0x00, 0x39, 0xFA, 0x00,
    0x00, 0x00, 0x00, 0x00, 0x00, 0x09, 0xD8, 0x00, 0xBF, 0xFF, 0xFF, 0xFE, 0x00, 0x00, 0x00, 0x0B,
    0xF5, 0x55, 0x5E, 0xE0, 0x00, 0x00, 0x00, 0xBE, 0x00, 0x00, 0xBE, 0x00, 0x00, 0x00, 0x0B, 0xE0,
    0x00, 0x0B, 0xE0, 0x00, 0x00, 0x00, 0xBE, 0x00, 0x00, 0xBF, 0xFF, 0xD8, 0x10, 0x0B, 0xE0, 0x00,
    0x0B, 0xF6, 0x7A, 0xFD, 0x10, 0xBE, 0x00, 0x00, 0xBE, 0x00, 0x04, 0xF9, 0x0B, 0xE0, 0x00, 0x0B,
    0xE0, 0x00, 0x0B, 0xE0, 0xBE, 0x00, 0x00, 0xBE, 0x00, 0x00, 0x9F, 0x0B, 0xE0, 0x00, 0x0B, 0xE0,
    0x00, 0x0B, 0xE0, 0x00, 0x00, 0x00, 0x00, 0x00, 0x02, 0xF9, 0x00, 0x00, 0x00, 0x00, 0x00, 0x05,
    0xEE, 0x10, 0x00, 0x00, 0x00, 0x00, 0x00, 0x7B, 0x20, 0x00, 0x01, 0x9E, 0x00, 0x9E, 0xE8, 0x00,
    0x0C, 0xF9, 0x0A, 0xF9, 0xAF, 0x90, 0x6F, 0x70, 0x3F, 0x80, 0x0A, 0xF2, 0xCF, 0x00, 0x7F, 0x20,
    0x04, 0xF7, 0xEC, 0x00, 0x9F, 0x00, 0x02, 0xF8, 0xFB, 0x00, 0xAF, 0x00, 0x02, 0xF9, 0xFB, 0x00,
    0xAF, 0x00, 0x02, 0xF9, 0xFC, 0x00, 0x9F, 0x10, 0x02, 0xF8, 0xDE, 0x00, 0x6F, 0x50, 0x05, 0xF5,
    0x8F, 0x50, 0x1E, 0xC0, 0x0C, 0xF1, 0x1F, 0xD1, 0x05, 0xFB, 0xAF, 0x70, 0x04, 0xFF, 0x97, 0xEF,
    0xFF, 0x74, 0x00, 0x2A, 0xEF, 0xEC, 0xCC, 0xFB, 0x00, 0x00, 0x00, 0x00, 0x00, 0x00, 0x00, 0x6E,
    0x04, 0xEF, 0x80, 0x00, 0x4F, 0xA2, 0xFB, 0x9F, 0x50, 0x0C, 0xE0, 0x7F, 0x20, 0xEB, 0x00, 0xEA,
    0x09, 0xF0, 0x0B, 0xE0, 0x0F, 0x90, 0x9F, 0x00, 0xAF, 0x00, 0xFA, 0x08, 0xF1, 0x0C, 0xE0, 0x0C,
    0xE0, 0x4F, 0x60, 0xEB, 0x00, 0x5F, 0x60, 0xCF, 0xCF, 0x50, 0x00, 0xCF, 0x88, 0xFF, 0xF7, 0x20,
    0x00, 0x8E, 0xFD, 0xDC, 0xE5, 0x00, 0x4B, 0xEF, 0xD8, 0x00, 0x06, 0xFD, 0x76, 0x9F, 0xC0, 0x2F,
    0xB0, 0x00, 0x05, 0xF7, 0x9F, 0x30, 0x00, 0x00, 0xEC, 0xDE, 0x00, 0x00, 0x00, 0x00, 0xEC, 0x00,
    0x00, 0x00, 0x00, 0xFC, 0x00, 0x00, 0x00, 0x00, 0xEC, 0x00, 0x00, 0x00, 0x00, 0xDE, 0x00, 0x00,
    0x00, 0x00, 0x9F, 0x30, 0x00, 0x00, 0xEC, 0x2F, 0xB0, 0x00, 0x05, 0xF7, 0x07, 0xFC, 0x76, 0x9F,
    0xC0, 0x00, 0x4C, 0xFF, 0xD7, 0x00, 0x00, 0x01, 0xF8, 0x00, 0x00, 0x00, 0x01, 0xF8, 0x00, 0x00,
    0x00, 0x01, 0xF8, 0x00, 0x00, 0x00, 0x01, 0xF8, 0x00, 0x00, 0x00, 0x00, 0x42, 0x00, 0x00, 0x00,
    0x3B, 0xFF, 0xC4, 0x00, 0x2F, 0xD6, 0x7C, 0xF4, 0x0A, 0xE1, 0x00, 0x0D, 0xB0, 0xF9, 0x00, 0x00,
    0x00, 0x2F, 0x70, 0x00, 0x00, 0x02, 0xF7, 0x00, 0x00, 0x00, 0x0F, 0x90, 0x00, 0x00, 0x00, 0xAE,
    0x10, 0x00, 0xDB, 0x02, 0xFD, 0x66, 0xCF, 0x30, 0x03, 0xCF, 0xFB, 0x30, 0x00, 0x01, 0xF8, 0x00,
    0x00, 0x00, 0x1F, 0x80, 0x00, 0x00, 0x01, 0xF8, 0x00, 0x00, 0x00, 0x1F, 0x80, 0x00, 0x00, 0x00,
    0x42, 0x00, 0x00, 0x9F, 0xFF, 0xFF, 0xFF, 0xFF, 0x53, 0x66, 0x6D, 0xF9, 0x66, 0x62, 0x00, 0x00,
    0x7F, 0x30, 0x00, 0x00, 0x00, 0x07, 0xF3, 0x00, 0x00, 0x00, 0x00, 0x7F, 0x30, 0x00, 0x00, 0x00,
    0x07, 0xF3, 0x00, 0x00, 0x00, 0x00, 0x7F, 0x30, 0x00, 0x00, 0x00, 0x07, 0xF3, 0x00, 0x00, 0x00,
    0x00, 0x7F, 0x30, 0x00, 0x00, 0x00, 0x07, 0xF3, 0x00, 0x00, 0x00, 0x00, 0x7F, 0x30, 0x00, 0x00,
    0x00, 0x07, 0xF7, 0x20, 0x00, 0x00, 0x00, 0x7F, 0xF8, 0x00, 0x00, 0x00, 0x00, 0x1F, 0x80, 0x00,
    0x00, 0x00, 0x01, 0xF8, 0x00, 0x00, 0x00, 0x00, 0x1F, 0x80, 0x00, 0x00, 0x00, 0x00, 0xC6, 0x00,
    0x00, 0xAF, 0xFF, 0xFF, 0xFF, 0x53, 0x55, 0xDF, 0x75, 0x51, 0x00, 0x08, 0xF1, 0x00, 0x00, 0x00,
    0x8F, 0x10, 0x00, 0x00, 0x08, 0xF1, 0x00, 0x00, 0x00, 0x8F, 0x10, 0x00, 0x00, 0x08, 0xF1, 0x00,
    0x00, 0x00, 0x8F, 0x10, 0x00, 0x00, 0x08, 0xF5, 0x20, 0x00, 0x00, 0x8F, 0xF8, 0x00, 0x00, 0x00,
    0x1F, 0x80, 0x00, 0x00, 0x01, 0xF8, 0x00, 0x00, 0x00, 0x1F, 0x80, 0x00, 0x00, 0x00, 0xC6, 0x00,
    0x9F, 0x50, 0x00, 0x00, 0x8F, 0x61, 0xFD, 0x00, 0x00, 0x1F, 0xD0, 0x08, 0xF5, 0x00, 0x08, 0xF4,
    0x00, 0x0E, 0xD0, 0x01, 0xFC, 0x00, 0x00, 0x6F, 0x50, 0x9F, 0x30, 0x00, 0x00, 0xDD, 0x2F, 0xA0,
    0x00, 0x00, 0x05, 0xFD, 0xF2, 0x00, 0x00, 0x00, 0x0C, 0xF9, 0x00, 0x00, 0x00, 0x00, 0x7F, 0x30,
    0x00, 0x00, 0x00, 0x07, 0xF3, 0x00, 0x00, 0x00, 0x00, 0x7F, 0x30, 0x00, 0x00, 0x00, 0x07, 0xF3,
    0x00, 0x00, 0x00, 0x00, 0x7F, 0x30, 0x00, 0x00, 0x6F, 0x30, 0x00, 0x1F, 0x81, 0xF9, 0x00, 0x07,
    0xF3, 0x0B, 0xE0, 0x00, 0xCD, 0x00, 0x5F, 0x30, 0x1F, 0x70, 0x00, 0xF9, 0x06, 0xF2, 0x00, 0x0A,
    0xE0, 0xBC, 0x00, 0x00, 0x5F, 0x5F, 0x70, 0x00, 0x00, 0xEF, 0xF1, 0x00, 0x00, 0x0A, 0xFC, 0x00,
    0x00, 0x00, 0x8F, 0xC0, 0x00, 0x00, 0x04, 0xF6, 0x00, 0x00, 0x00, 0x4F, 0x60, 0x00, 0x00, 0x04,
    0xF6, 0x00, 0x00, 0x00, 0x4F, 0x60, 0x00, 0x9F, 0x50, 0x00, 0x00, 0x8F, 0x51, 0xFD, 0x00, 0x00,
    0x1F, 0xC0, 0x07, 0xF6, 0x00, 0x09, 0xF3, 0x00, 0x0D, 0xE0, 0x02, 0xFA, 0x00, 0x00, 0x5F, 0x70,
    0xAF, 0x20, 0x00, 0x00, 0xCE, 0x4F, 0x80, 0x00, 0x00, 0x18, 0xFF, 0xF6, 0x10, 0x00, 0x06, 0xFF,
    0xFF, 0xF3, 0x00, 0x00, 0x00, 0x7F, 0x30, 0x00, 0x00, 0x00, 0x07, 0xF3, 0x00, 0x00, 0x00, 0x00,
    0x7F, 0x30, 0x00, 0x00, 0x00, 0x07, 0xF3, 0x00, 0x00, 0x00, 0x00, 0x7F, 0x30, 0x00, 0x00, 0x6F,
    0x40, 0x00, 0x2F, 0x81, 0xF9, 0x00, 0x07, 0xF2, 0x0A, 0xE0, 0x00, 0xDC, 0x00, 0x4F, 0x50, 0x2F,
    0x60, 0x00, 0xEA, 0x08, 0xF1, 0x00, 0x08, 0xF0, 0xDA, 0x00, 0x00, 0x2F, 0x9F, 0x40, 0x00, 0x00,
    0xCF, 0xE0, 0x00, 0x01, 0x5C, 0xFE, 0x52, 0x00, 0x3F, 0xFF, 0xFF, 0x60, 0x00, 0x04, 0xF6, 0x00,
    0x00, 0x00, 0x4F, 0x60, 0x00, 0x00, 0x04, 0xF6, 0x00, 0x00, 0x00, 0x4F, 0x60, 0x00, 0x1F, 0xD0,
    0x00, 0x00, 0x9F, 0x60, 0x07, 0xF8, 0x00, 0x03, 0xFC, 0x00, 0x00, 0xCF, 0x20, 0x0C, 0xF2, 0x00,
    0x00, 0x3F, 0xB0, 0x6F, 0x80, 0x00, 0x00, 0x09, 0xF7, 0xFD, 0x00, 0x00, 0x00, 0x00, 0xEF, 0xF4,
    0x00, 0x00, 0x00, 0x00, 0x8F, 0xD0, 0x00, 0x00, 0x00, 0x01, 0xEF, 0xF5, 0x00, 0x00, 0x00, 0x0A,
    0xF5, 0xEE, 0x10, 0x00, 0x00, 0x4F, 0xA0, 0x5F, 0x90, 0x00, 0x00, 0xDF, 0x10, 0x0B, 0xF3, 0x00,
    0x08, 0xF6, 0x00, 0x02, 0xFD, 0x42, 0x2F, 0xC0, 0x00, 0x00, 0x8F, 0xF8, 0x00, 0x00, 0x00, 0x00,
    0x01, 0xF8, 0x00, 0x00, 0x00, 0x00, 0x01, 0xF8, 0x00, 0x00, 0x00, 0x00, 0x01, 0xF8, 0x00, 0x00,
    0x00, 0x00, 0x00, 0xC6, 0x3F, 0xA0, 0x00, 0xCF, 0x20, 0x09, 0xF3, 0x05, 0xF7, 0x00, 0x01, 0xEC,
    0x0E, 0xD0, 0x00, 0x00, 0x5F, 0xCF, 0x30, 0x00, 0x00, 0x0B, 0xF9, 0x00, 0x00, 0x00, 0x0C, 0xFA,
    0x00, 0x00, 0x00, 0x6F, 0xAF, 0x50, 0x00, 0x01, 0xFB, 0x0C, 0xE0, 0x00, 0x0A, 0xF2, 0x03, 0xF9,
    0x42, 0x4F, 0x80, 0x00, 0xAF, 0xF8, 0x00, 0x00, 0x00, 0x01, 0xF8, 0x00, 0x00, 0x00, 0x01, 0xF8,
    0x00, 0x00, 0x00, 0x01, 0xF8, 0x00, 0x00, 0x00, 0x00, 0xC6, 0x8F, 0xFF, 0xFF, 0xFF, 0xD0, 0x03,
    0xF7, 0x02, 0x55, 0x9F, 0xC5, 0x54, 0x00, 0x3F, 0x70, 0x00, 0x04, 0xF7, 0x00, 0x00, 0x03, 0xF7,
    0x00, 0x00, 0x4F, 0x70, 0x00, 0x00, 0x3F, 0x70, 0x00, 0x04, 0xF7, 0x00, 0x00, 0x03, 0xF7, 0x00,
    0x00, 0x4F, 0x70, 0x00, 0x00, 0x3F, 0x70, 0x00, 0x04, 0xF7, 0x00, 0x00, 0x03, 0xF7, 0x00, 0x00,
    0x4F, 0x70, 0x00, 0x00, 0x3F, 0x70, 0x00, 0x04, 0xF7, 0x00, 0x00, 0x03, 0xF7, 0x00, 0x00, 0x4F,
    0x70, 0x00, 0x00, 0x3F, 0x70, 0x00, 0x04, 0xF7, 0x00, 0x00, 0x03, 0xF7, 0x00, 0x00, 0x4F, 0xA6,
    0x66, 0x66, 0x9F, 0xE5, 0x00, 0x04, 0xFF, 0xFF, 0xFF, 0xFF, 0xFF, 0xC0, 0x00, 0x00, 0x00, 0x00,
    0x00, 0x00, 0xEB, 0x00, 0x00, 0x00, 0x00, 0x00, 0x00, 0x0E, 0xB0, 0x00, 0x00, 0x00, 0x00, 0x00,
    0x00, 0xEA, 0xBF, 0xFF, 0xFF, 0x80, 0x5F, 0x50, 0x35, 0xAF, 0xA5, 0x20, 0x5F, 0x50, 0x00, 0x5F,
    0x50, 0x00, 0x5F, 0x50, 0x00, 0x5F, 0x50, 0x00, 0x5F, 0x50, 0x00, 0x5F, 0x50, 0x00, 0x5F, 0x50,
    0x00, 0x5F, 0x50, 0x00, 0x5F, 0x50, 0x00, 0x5F, 0x50, 0x00, 0x5F, 0x50, 0x00, 0x5F, 0x50, 0x00,
    0x5F, 0x50, 0x00, 0x5F, 0x85, 0x55, 0xBF, 0xA2, 0x00, 0x5F, 0xFF, 0xFF, 0xFF, 0xF6, 0x00, 0x00,
    0x00, 0x00, 0x02, 0xF6, 0x00, 0x00, 0x00, 0x00, 0x02, 0xF5, 0x00, 0x00, 0x00, 0x00, 0x02, 0xF5,
    0xAF, 0x00, 0x00, 0x00, 0xEC, 0x00, 0xAF, 0x00, 0x00, 0x00, 0xEC, 0x00, 0xAF, 0x00, 0x00, 0x00,
    0xEC, 0x00, 0xAF, 0x00, 0x00, 0x00, 0xEC, 0x00, 0xAF, 0x10, 0x00, 0x00, 0xEC, 0x00, 0x7F, 0x50,
    0x00, 0x00, 0xEC, 0x00, 0x1E, 0xF8, 0x66, 0x8B, 0xFC, 0x00, 0x02, 0xAE, 0xFF, 0xDA, 0xFC, 0x00,
    0x00, 0x00, 0x00, 0x00, 0xEC, 0x00, 0x00, 0x00, 0x00, 0x00, 0xEC, 0x00, 0x00, 0x00, 0x00, 0x00,
    0xEC, 0x00, 0x00, 0x00, 0x00, 0x00, 0xEC, 0x42, 0x00, 0x00, 0x00, 0x00, 0xED, 0xF8, 0x00, 0x00,
    0x00, 0x00, 0x01, 0xF8, 0x00, 0x00, 0x00, 0x00, 0x01, 0xF8, 0x00, 0x00, 0x00, 0x00, 0x01, 0xF8,
    0x00, 0x00, 0x00, 0x00, 0x00, 0xC6, 0x00, 0x00, 0x00, 0x00, 0x00, 0x1F, 0x80, 0x00, 0x3F, 0x60,
    0x1F, 0x80, 0x00, 0x3F, 0x60, 0x1F, 0x80, 0x00, 0x3F, 0x60, 0x0F, 0x90, 0x00, 0x3F, 0x60, 0x0E,
    0xC0, 0x00, 0x3F, 0x60, 0x07, 0xFA, 0x56, 0xCF, 0x60, 0x00, 0x7D, 0xFF, 0xFF, 0x60, 0x00, 0x00,
    0x00, 0x3F, 0x60, 0x00, 0x00, 0x00, 0x3F, 0xA2, 0x00, 0x00, 0x00, 0x3F, 0xF8, 0x00, 0x00, 0x00,
    0x01, 0xF8, 0x00, 0x00, 0x00, 0x01, 0xF8, 0x00, 0x00, 0x00, 0x01, 0xF8, 0x00, 0x00, 0x00, 0x00,
    0xC6, 0xAF, 0x00, 0x00, 0x00, 0xEC, 0xAF, 0x00, 0x00, 0x00, 0xEC, 0xAF, 0x00, 0x00, 0x00, 0xEC,
    0xAF, 0x00, 0x00, 0x00, 0xEC, 0xAF, 0x10, 0x5F, 0x00, 0xEC, 0x7F, 0x50, 0x5F, 0x00, 0xEC, 0x1E,
    0xF8, 0xCF, 0x8B, 0xFC, 0x02, 0xAE, 0xFF, 0xDA, 0xFC, 0x00, 0x00, 0x5F, 0x00, 0xEC, 0x00, 0x00,
    0x5F, 0x00, 0xEC, 0x00, 0x00, 0x00, 0x00, 0xEC, 0x00, 0x00, 0x00, 0x00, 0xEC, 0x00, 0x00, 0x00,
    0x00, 0xEC, 0x00, 0x00, 0x00, 0x00, 0xDC, 0x00, 0x00, 0xFA, 0xDC, 0x00, 0x00, 0xFA, 0xDC, 0x00,
    0x00, 0xFA, 0xCC, 0x0A, 0xA0, 0xFA, 0xAF, 0x1A, 0xA0, 0xFA, 0x3F, 0xCF, 0xF8, 0xFC, 0x04, 0xCF,
    0xFD, 0xFB, 0x00, 0x0A, 0xA0, 0xFA, 0x00, 0x0A, 0xA0, 0xFA, 0x00, 0x00, 0x00, 0xFA, 0xCE, 0x00,
    0x00, 0x00, 0x00, 0xCE, 0x00, 0x00, 0x00, 0x00, 0xCE, 0x00, 0x00, 0x00, 0x00, 0xCE, 0x00, 0x00,
    0x00, 0x00, 0xCE, 0x00, 0x00, 0x00, 0x00, 0xCF, 0xAD, 0xFF, 0xEA, 0x10, 0xCF, 0xB8, 0x66, 0x8F,
    0xE1, 0xCE, 0x00, 0x00, 0x05, 0xF6, 0xCE, 0x00, 0x00, 0x01, 0xF9, 0xCE, 0x00, 0x00, 0x00, 0xFA,
    0xCE, 0x00, 0x00, 0x00, 0xFA, 0xCE, 0x00, 0x00, 0x00, 0xFA, 0xCE, 0x00, 0x00, 0x00, 0xFA, 0xCD,
    0x00, 0x00, 0x00, 0xCD, 0x00, 0x00, 0x00, 0xCD, 0x00, 0x00, 0x00, 0xCD, 0x00, 0x00, 0x00, 0xCD,
    0x4C, 0xFD, 0x60, 0xCF, 0xE8, 0x7C, 0xF4, 0xCF, 0x30, 0x01, 0xF9, 0xDF, 0x00, 0x00, 0xEB, 0xDF,
    0x00, 0x00, 0xEB, 0xCD, 0x00, 0x00, 0xEB, 0xCD, 0x00, 0x00, 0xEB, 0xCD, 0x00, 0x00, 0xEB, 0xCD,
    0x00, 0x00, 0xEB, 0xCD, 0x00, 0x00, 0xEB, 0x00, 0x00, 0x02, 0xAE, 0xFC, 0x60, 0x00, 0x00, 0x03,
    0xFE, 0x87, 0xBF, 0x80, 0x00, 0x00, 0xEE, 0x10, 0x00, 0x9F, 0x30, 0x00, 0x5F, 0x60, 0x00, 0x01,
    0xF9, 0x6F, 0x08, 0xF2, 0x00, 0x00, 0x0E, 0xC1, 0xFB, 0xEF, 0x43, 0x33, 0x33, 0xDE, 0x03, 0xBF,
    0xFF, 0xFF, 0xFF, 0xFF, 0xE0, 0x00, 0xAF, 0x00, 0x00, 0x00, 0x00, 0x00, 0x08, 0xF2, 0x00, 0x00,
    0x00, 0x00, 0x00, 0x5F, 0x70, 0x00, 0x00, 0x00, 0x00, 0x00, 0xEE, 0x20, 0x00, 0x00, 0x00, 0x00,
    0x03, 0xEF, 0x96, 0x7A, 0xE1, 0x00, 0x00, 0x01, 0x9D, 0xFF, 0xD7, 0x00, 0x00, 0x00, 0x2A, 0xFF,
    0xB3, 0x00, 0x00, 0x2E, 0xD7, 0x7D, 0xF2, 0x4F, 0x1A, 0xF1, 0x00, 0x1F, 0x90, 0xED, 0xFF, 0x55,
    0x55, 0xDC, 0x02, 0xCF, 0xFF, 0xFF, 0xFF, 0xD0, 0x02, 0xF7, 0x00, 0x00, 0x00, 0x00, 0x1F, 0xA0,
    0x00, 0x00, 0x00, 0x00, 0xBF, 0x20, 0x00, 0x51, 0x00, 0x02, 0xFE, 0x75, 0x9F, 0x60, 0x00, 0x02,
    0xAE, 0xFC, 0x50, 0x00, 0x00, 0x02, 0xAE, 0xFC, 0x60, 0x00, 0x00, 0x03, 0xFE, 0x87, 0xBF, 0x80,
    0x00, 0x00, 0xEE, 0x10, 0x00, 0x9F, 0x30, 0x00, 0x5F, 0x60, 0x00, 0x01, 0xF9, 0x6F, 0x08, 0xF2,
    0x00, 0x00, 0x0E, 0xC1, 0xFB, 0xEF, 0x43, 0x33, 0x33, 0xDE, 0x03, 0xBF, 0xFF, 0xFF, 0xFF, 0xFF,
    0xE0, 0x00, 0xAF, 0x00, 0x00, 0x00, 0x00, 0x00, 0x08, 0xF2, 0x00, 0x00, 0x00, 0x00, 0x00, 0x5F,
    0x70, 0x00, 0x00, 0x00, 0x00, 0x00, 0xEE, 0x20, 0x00, 0x00, 0x00, 0x00, 0x03, 0xEF, 0x96, 0x7A,
    0xE1, 0x00, 0x00, 0x01, 0x9E, 0xFF, 0xD7, 0x00, 0x00, 0x00, 0x00, 0x1F, 0x80, 0x00, 0x00, 0x00,
    0x00, 0x01, 0xF8, 0x00, 0x00, 0x00, 0x00, 0x00, 0x1F, 0x80, 0x00, 0x00, 0x00, 0x00, 0x01, 0xF8,
    0x00, 0x00, 0x00, 0x00, 0x00, 0x04, 0x20, 0x00, 0x00, 0x00, 0x2A, 0xFF, 0xB3, 0x00, 0x00, 0x2E,
    0xD7, 0x7D, 0xF2, 0x4F, 0x1A, 0xF1, 0x00, 0x1F, 0x90, 0xED, 0xFF, 0x55, 0x55, 0xDC, 0x02, 0xCF,
    0xFF, 0xFF, 0xFF, 0xD0, 0x02, 0xF7, 0x00, 0x00, 0x00, 0x00, 0x1F, 0xA0, 0x00, 0x00, 0x00, 0x00,
    0xBF, 0x20, 0x00, 0x51, 0x00, 0x02, 0xFE, 0x75, 0x9F, 0x60, 0x00, 0x02, 0xAF, 0xFF, 0x50, 0x00,
    0x00, 0x00, 0x1F, 0x80, 0x00, 0x00, 0x00, 0x01, 0xF8, 0x00, 0x00, 0x00, 0x00, 0x1F, 0x80, 0x00,
    0x00, 0x00, 0x01, 0xF8, 0x00, 0x00, 0x00, 0x00, 0x04, 0x20, 0x00, 0x6F, 0x56, 0xF5, 0x6F, 0x56,
    0xF5, 0x6F, 0x56, 0xF5, 0x6F, 0x56, 0xF5, 0x6F, 0x56, 0xF5, 0x6F, 0x56, 0xF5, 0x6F, 0x50, 0x00,
    0x00, 0x0B, 0xB1, 0x3F, 0x40, 0x00, 0x00, 0x00, 0x00, 0x00, 0x2C, 0xFD, 0x80, 0x00, 0x00, 0x00,
    0x00, 0x00, 0x00, 0x00, 0x00, 0x00, 0x00, 0x00, 0x02, 0xFD, 0x00, 0x00, 0x9F, 0x10, 0x00, 0x6F,
    0x80, 0x07, 0xF7, 0x00, 0x09, 0xF1, 0x00, 0x1E, 0xD0, 0x00, 0x0C, 0xF1, 0x00, 0x9F, 0x10, 0x0A,
    0xF4, 0x00, 0x00, 0x2F, 0xB0, 0x09, 0xF1, 0x03, 0xF9, 0x00, 0x00, 0x00, 0x7F, 0x40, 0x9F, 0x10,
    0xDE, 0x00, 0x00, 0x00, 0x00, 0xEF, 0x6F, 0xF8, 0x9F, 0x40, 0x00, 0x00, 0x00, 0x0E, 0xFF, 0xFF,
    0xFF, 0xF2, 0x00, 0x00, 0x00, 0x05, 0xFB, 0x09, 0xF1, 0x3F, 0xC0, 0x00, 0x00, 0x00, 0xEF, 0x10,
    0x9F, 0x10, 0x9F, 0x60, 0x00, 0x00, 0x9F, 0x70, 0x09, 0xF1, 0x01, 0xEF, 0x10, 0x00, 0x3F, 0xD0,
    0x00, 0x9F, 0x10, 0x06, 0xFA, 0x00, 0x0C, 0xF4, 0x00, 0x09, 0xF1, 0x00, 0x0C, 0xF4, 0x07, 0xFA,
    0x00, 0x00, 0x9F, 0x10, 0x00, 0x3F, 0xD0, 0x00, 0x00, 0xBB, 0x13, 0xF4, 0x00, 0x00, 0x00, 0x00,
    0x2C, 0xFD, 0x80, 0x00, 0x00, 0x00, 0x00, 0x00, 0x00, 0x00, 0x00, 0x00, 0x3F, 0xC0, 0x00, 0xFA,
    0x00, 0x1F, 0xE0, 0x09, 0xF4, 0x00, 0xFA, 0x00, 0x8F, 0x50, 0x01, 0xED, 0x00, 0xFA, 0x01, 0xFB,
    0x00, 0x00, 0x6F, 0x50, 0xFA, 0x0A, 0xF2, 0x00, 0x00, 0x0D, 0xE7, 0xFF, 0x7F, 0x80, 0x00, 0x00,
    0x0C, 0xFF, 0xFF, 0xFF, 0x60, 0x00, 0x00, 0x5F, 0x90, 0xFA, 0x0D, 0xE1, 0x00, 0x01, 0xED, 0x00,
    0xFA, 0x03, 0xFC, 0x00, 0x0B, 0xF4, 0x00, 0xFA, 0x00, 0x8F, 0x70, 0x7F, 0x90, 0x00, 0xFA, 0x00,
    0x0D, 0xF3, 0x9F, 0x20, 0x00, 0x09, 0xF6, 0x9F, 0x20, 0x00, 0x5F, 0xA0, 0x9F, 0x20, 0x02, 0xED,
    0x00, 0x9F, 0x20, 0x0C, 0xF2, 0x00, 0x9F, 0x20, 0x9F, 0x50, 0x00, 0x9F, 0x25, 0xF8, 0x00, 0x00,
    0x9F, 0xFF, 0xFE, 0xA4, 0x00, 0x9F, 0xCF, 0x9A, 0xEF, 0x70, 0x9F, 0x20, 0x00, 0x1C, 0xF2, 0x9F,
    0x20, 0x00, 0x03, 0xF8, 0x9F, 0x20, 0x00, 0x00, 0xFB, 0x9F, 0x20, 0x00, 0x00, 0xFB, 0x9F, 0x20,
    0x00, 0x01, 0xFA, 0x00, 0x00, 0x00, 0x07, 0xF5, 0x00, 0x00, 0x02, 0x9F, 0xC0, 0x00, 0x00, 0x06,
    0xE9, 0x10, 0xAF, 0x00, 0x03, 0xFC, 0x0A, 0xF0, 0x02, 0xED, 0x10, 0xAF, 0x01, 0xDE, 0x20, 0x0A,
    0xF0, 0xCF, 0x30, 0x00, 0xAF, 0xFF, 0xFA, 0x30, 0x0A, 0xFD, 0xA8, 0xEF, 0x40, 0xAF, 0x00, 0x01,
    0xED, 0x0A, 0xF0, 0x00, 0x08, 0xF1, 0xAF, 0x00, 0x00, 0x8F, 0x1A, 0xF0, 0x00, 0x0D, 0xC0, 0x00,
    0x00, 0x3C, 0xF4, 0x00, 0x00, 0x06, 0xC4, 0x00, 0x00, 0x0E, 0xFF, 0xFF, 0xFF, 0xF2, 0x00, 0x00,
    0xDF, 0x66, 0x66, 0xCF, 0x20, 0x00, 0x0D, 0xD0, 0x00, 0x08, 0xF2, 0x00, 0x00, 0xDC, 0x00, 0x00,
    0x8F, 0x20, 0x00, 0x0E, 0xC0, 0x00, 0x08, 0xF2, 0x00, 0x00, 0xFB, 0x00, 0x00, 0x8F, 0x20, 0x00,
    0x0F, 0xA0, 0x00, 0x08, 0xF2, 0x00, 0x00, 0xF9, 0x00, 0x00, 0x8F, 0x20, 0x00, 0x2F, 0x70, 0x00,
    0x08, 0xF2, 0x00, 0x04, 0xF5, 0x00, 0x00, 0x8F, 0x20, 0x00, 0xAF, 0x10, 0x00, 0x08, 0xF2, 0x03,
    0xAF, 0xA0, 0x00, 0x00, 0x8F, 0x62, 0x9E, 0xA0, 0x00, 0x00, 0x08, 0xFF, 0xB0, 0x00, 0x00, 0x00,
    0x00, 0x00, 0xF9, 0x00, 0x00, 0x00, 0x00, 0x00, 0x5F, 0x30, 0x00, 0x00, 0x00, 0x00, 0x04, 0x60,
    0x00, 0x6F, 0xFF, 0xFF, 0xF0, 0x00, 0x07, 0xF7, 0x55, 0xCF, 0x00, 0x00, 0x8F, 0x10, 0x09, 0xF0,
    0x00, 0x08, 0xF0, 0x00, 0x9F, 0x00, 0x00, 0x9F, 0x00, 0x09, 0xF0, 0x00, 0x0A, 0xE0, 0x00, 0x9F,
    0x00, 0x00, 0xCC, 0x00, 0x09, 0xF0, 0x00, 0x1F, 0x90, 0x00, 0x9F, 0x00, 0x4C, 0xF4, 0x00, 0x09,
    0xF4, 0x29, 0xE7, 0x00, 0x00, 0x9F, 0xEB, 0x00, 0x00, 0x00, 0x00, 0x0F, 0x90, 0x00, 0x00, 0x00,
    0x05, 0xF3, 0x00, 0x00, 0x00, 0x00, 0x46, 0x00, 0x7F, 0x40, 0x00, 0x00, 0x7F, 0x37, 0xF4, 0x00,
    0x00, 0x07, 0xF3, 0x7F, 0x40, 0x00, 0x00, 0x7F, 0x37, 0xF4, 0x00, 0x00, 0x07, 0xF3, 0x7F, 0x40,
    0x00, 0x00, 0x7F, 0x37, 0xF4, 0x00, 0x00, 0x07, 0xF3, 0x7F, 0xFF, 0xFF, 0xFF, 0xFF, 0x37, 0xF8,
    0x66, 0x66, 0x6A, 0xF3, 0x7F, 0x40, 0x00, 0x00, 0x7F, 0x37, 0xF4, 0x00, 0x00, 0x07, 0xF3, 0x7F,
    0x40, 0x00, 0x00, 0x7F, 0x37, 0xF4, 0x00, 0x00, 0x07, 0xF3, 0x7F, 0x40, 0x00, 0x00, 0x7F, 0x30,
    0x00, 0x00, 0x00, 0x07, 0xF3, 0x00, 0x00, 0x00, 0x00, 0x8F, 0x20, 0x00, 0x00, 0x03, 0x7F, 0xD0,
    0x00, 0x00, 0x00, 0x8F, 0xC3, 0x00, 0xBE, 0x00, 0x00, 0xBE, 0xBE, 0x00, 0x00, 0xBE, 0xBE, 0x00,
    0x00, 0xBE, 0xBE, 0x00, 0x00, 0xBE, 0xBF, 0xFF, 0xFF, 0xFE, 0xBE, 0x55, 0x55, 0xCE, 0xBE, 0x00,
    0x00, 0xBE, 0xBE, 0x00, 0x00, 0xBE, 0xBE, 0x00, 0x00, 0xBE, 0xBE, 0x00, 0x00, 0xBE, 0x00, 0x00,
    0x00, 0xBE, 0x00, 0x00, 0x00, 0xDD, 0x00, 0x00, 0x58, 0xF8, 0x00, 0x00, 0xDF, 0xA0, 0x8F, 0x30,
    0x00, 0x00, 0x5F, 0x50, 0x8F, 0x30, 0x00, 0x00, 0x5F, 0x50, 0x8F, 0x30, 0x00, 0x00, 0x5F, 0x50,
    0x8F, 0x30, 0x00, 0x00, 0x5F, 0x50, 0x8F, 0x30, 0x00, 0x00, 0x5F, 0x50, 0x8F, 0x96, 0x66, 0x66,
    0xAF, 0x50, 0x8F, 0xFF, 0xFF, 0xFF, 0xFF, 0x50, 0x8F, 0x30, 0x00, 0x00, 0x5F, 0x50, 0x8F, 0x30,
    0x00, 0x00, 0x5F, 0x50, 0x8F, 0x30, 0x00, 0x00, 0x5F, 0x50, 0x8F, 0x30, 0x00, 0x00, 0x5F, 0x50,
    0x8F, 0x30, 0x00, 0x00, 0x5F, 0x82, 0x8F, 0x30, 0x00, 0x00, 0x5F, 0xFB, 0x00, 0x00, 0x00, 0x00,
    0x00, 0xF9, 0x00, 0x00, 0x00, 0x00, 0x05, 0xF3, 0x00, 0x00, 0x00, 0x00, 0x04, 0x60, 0xAF, 0x00,
    0x00, 0xAF, 0x00, 0xAF, 0x00, 0x00, 0xAF, 0x00, 0xAF, 0x00, 0x00, 0xAF, 0x00, 0xAF, 0x00, 0x00,
    0xAF, 0x00, 0xAF, 0x55, 0x55, 0xDF, 0x00, 0xAF, 0xFF, 0xFF, 0xFF, 0x00, 0xAF, 0x00, 0x00, 0xAF,
    0x00, 0xAF, 0x00, 0x00, 0xAF, 0x00, 0xAF, 0x00, 0x00, 0xAF, 0x32, 0xAF, 0x00, 0x00, 0xAF, 0xEB,
    0x00, 0x00, 0x00, 0x00, 0xF9, 0x00, 0x00, 0x00, 0x05, 0xF3, 0x00, 0x00, 0x00, 0x04, 0x60, 0xAF,
    0x00, 0x00, 0x00, 0xEC, 0xAF, 0x00, 0x00, 0x00, 0xEC, 0xAF, 0x00, 0x00, 0x00, 0xEC, 0xAF, 0x00,
    0x00, 0x00, 0xEC, 0xAF, 0x10, 0x00, 0x00, 0xEC, 0x7F, 0x50, 0x00, 0x00, 0xEC, 0x1E, 0xF8, 0x66,
    0x8B, 0xFC, 0x02, 0xAE, 0xFF, 0xDA, 0xFC, 0x00, 0x00, 0x00, 0x00, 0xEC, 0x00, 0x00, 0x00, 0x00,
    0xEC, 0x00, 0x00, 0x00, 0x00, 0xEC, 0x00, 0x00, 0x00, 0x04, 0xFC, 0x00, 0x00, 0x00, 0x1F, 0xFC,
    0x00, 0x00, 0x00, 0x1F, 0x80, 0x00, 0x00, 0x00, 0x1F, 0x80, 0x00, 0x00, 0x00, 0x1F, 0x80, 0x00,
    0x00, 0x00, 0x0C, 0x60, 0x00, 0x00, 0x00, 0x00, 0x01, 0xF8, 0x00, 0x03, 0xF6, 0x1F, 0x80, 0x00,
    0x3F, 0x61, 0xF8, 0x00, 0x03, 0xF6, 0x0F, 0x90, 0x00, 0x3F, 0x60, 0xEC, 0x00, 0x03, 0xF6, 0x07,
    0xFA, 0x56, 0xCF, 0x60, 0x07, 0xDF, 0xFF, 0xF6, 0x00, 0x00, 0x00, 0x3F, 0x60, 0x00, 0x00, 0x45,
    0xF6, 0x00, 0x00, 0x1F, 0xCF, 0x60, 0x00, 0x01, 0xF8, 0x00, 0x00, 0x00, 0x1F, 0x80, 0x00, 0x00,
    0x01, 0xF8, 0x00, 0x00, 0x00, 0x0C, 0x60, 0x00, 0x8F, 0xD0, 0x00, 0x00, 0x00, 0x2F, 0xF3, 0x08,
    0xFF, 0x40, 0x00, 0x00, 0x08, 0xFF, 0x30, 0x8F, 0xFA, 0x00, 0x00, 0x00, 0xEF, 0xF3, 0x08, 0xFA,
    0xF1, 0x00, 0x00, 0x5F, 0xAF, 0x30, 0x8F, 0x4F, 0x70, 0x00, 0x0B, 0xE6, 0xF3, 0x08, 0xF1, 0xCD,
    0x00, 0x02, 0xF7, 0x6F, 0x30, 0x8F, 0x26, 0xF3, 0x00, 0x8F, 0x16, 0xF3, 0x08, 0xF2, 0x0F, 0xA0,
    0x0E, 0xA0, 0x7F, 0x30, 0x8F, 0x20, 0x9F, 0x15, 0xF4, 0x07, 0xF3, 0x08, 0xF2, 0x03, 0xF6, 0xBE,
    0x00, 0x7F, 0x30, 0x8F, 0x20, 0x0C, 0xDF, 0x70, 0x07, 0xF3, 0x08, 0xF2, 0x00, 0x6F, 0xF1, 0x00,
    0x7F, 0x72, 0x8F, 0x20, 0x00, 0xFA, 0x00, 0x07, 0xFF, 0xB0, 0x00, 0x00, 0x00, 0x00, 0x00, 0x00,
    0xF9, 0x00, 0x00, 0x00, 0x00, 0x00, 0x00, 0x5F, 0x30, 0x00, 0x00, 0x00, 0x00, 0x00, 0x04, 0x60,
    0x9F, 0xB0, 0x00, 0x00, 0x4F, 0xF0, 0x09, 0xFF, 0x10, 0x00, 0x0B, 0xFF, 0x00, 0x9F, 0xF8, 0x00,
    0x01, 0xFF, 0xF0, 0x09, 0xF9, 0xE0, 0x00, 0x8F, 0xBF, 0x00, 0x9F, 0x3F, 0x50, 0x0E, 0x9A, 0xF0,
    0x09, 0xF0, 0xCC, 0x05, 0xF2, 0xAF, 0x00, 0x9F, 0x05, 0xF3, 0xCB, 0x0A, 0xF0, 0x09, 0xF0, 0x0E,
    0xCF, 0x50, 0xAF, 0x00, 0x9F, 0x00, 0x7F, 0xE0, 0x0A, 0xF3, 0x29, 0xF0, 0x01, 0xF7, 0x00, 0xAF,
    0xEB, 0x00, 0x00, 0x00, 0x00, 0x00, 0x0F, 0x90, 0x00, 0x00, 0x00, 0x00, 0x05, 0xF3, 0x00, 0x00,
    0x00, 0x00, 0x00, 0x46, 0x00, 0x6F, 0x56, 0xF5, 0x6F, 0x56, 0xF5, 0x6F, 0x56, 0xF5, 0x6F, 0x56,
    0xF5, 0x6F, 0x56, 0xF5, 0x6F, 0x56, 0xF5, 0x6F, 0x50, 0x00, 0x0B, 0xB1, 0x3F, 0x40, 0x00, 0x00,
    0x02, 0xCF, 0xD8, 0x00, 0x00, 0x00, 0x00, 0x00, 0x00, 0x00, 0x00, 0x00, 0x00, 0x1F, 0xF0, 0x00,
    0x00, 0x00, 0x00, 0x6F, 0xF3, 0x00, 0x00, 0x00, 0x00, 0xCC, 0xF9, 0x00, 0x00, 0x00, 0x02, 0xF6,
    0xAE, 0x00, 0x00, 0x00, 0x08, 0xF1, 0x4F, 0x50, 0x00, 0x00, 0x0E, 0xA0, 0x0E, 0xB0, 0x00, 0x00,
    0x4F, 0x50, 0x09, 0xF1, 0x00, 0x00, 0xAE, 0x00, 0x03, 0xF7, 0x00, 0x01, 0xFF, 0x66, 0x66, 0xFF,
    0x00, 0x06, 0xFF, 0xFF, 0xFF, 0xFF, 0x30, 0x0D, 0xE0, 0x00, 0x00, 0x2F, 0x90, 0x2F, 0x80, 0x00,
    0x00, 0x0C, 0xE0, 0x9F, 0x20, 0x00, 0x00, 0x06, 0xF5, 0x00, 0xBB, 0x13, 0xF4, 0x00, 0x02, 0xCF,
    0xD8, 0x00, 0x00, 0x00, 0x00, 0x00, 0x00, 0x04, 0xBE, 0xFB, 0x20, 0x05, 0xFB, 0x67, 0xEE, 0x10,
    0xAB, 0x00, 0x05, 0xF5, 0x00, 0x00, 0x00, 0x2F, 0x70, 0x05, 0xCE, 0xFF, 0xF7, 0x07, 0xF9, 0x32,
    0x4F, 0x70, 0xFB, 0x00, 0x02, 0xF7, 0x0F, 0xC0, 0x00, 0x9F, 0x70, 0xAF, 0xA7, 0xAF, 0xF8, 0x00,
    0x9E, 0xFB, 0x3F, 0xB0, 0x00, 0x0B, 0x70, 0x1C, 0x40, 0x00, 0x00, 0x0E, 0x90, 0x2F, 0x60, 0x00,
    0x00, 0x00, 0x00, 0x00, 0x00, 0x00, 0x00, 0x00, 0x1F, 0xF0, 0x00, 0x00, 0x00, 0x00, 0x6F, 0xF3,
    0x00, 0x00, 0x00, 0x00, 0xCC, 0xF9, 0x00, 0x00, 0x00, 0x02, 0xF6, 0xAE, 0x00, 0x00, 0x00, 0x08,
    0xF1, 0x4F, 0x50, 0x00, 0x00, 0x0E, 0xA0, 0x0E, 0xB0, 0x00, 0x00, 0x4F, 0x50, 0x09, 0xF1, 0x00,
    0x00, 0xAE, 0x00, 0x03, 0xF7, 0x00, 0x01, 0xFF, 0x66, 0x66, 0xFF, 0x00, 0x06, 0xFF, 0xFF, 0xFF,
    0xFF, 0x30, 0x0D, 0xE0, 0x00, 0x00, 0x2F, 0x90, 0x2F, 0x80, 0x00, 0x00, 0x0C, 0xE0, 0x9F, 0x20,
    0x00, 0x00, 0x06, 0xF5, 0x00, 0x32, 0x00, 0x41, 0x00, 0x0F, 0xB0, 0x3F, 0x70, 0x00, 0x63, 0x00,
    0x72, 0x00, 0x00, 0x00, 0x00, 0x00, 0x00, 0x4B, 0xEF, 0xB2, 0x00, 0x5F, 0xB6, 0x7E, 0xE1, 0x0A,
    0xB0, 0x00, 0x5F, 0x50, 0x00, 0x00, 0x02, 0xF7, 0x00, 0x5C, 0xEF, 0xFF, 0x70, 0x7F, 0x93, 0x24,
    0xF7, 0x0F, 0xB0, 0x00, 0x2F, 0x70, 0xFC, 0x00, 0x09, 0xF7, 0x0A, 0xFA, 0x7A, 0xFF, 0x80, 0x09,
    0xEF, 0xB3, 0xFB, 0x00, 0x00, 0x00, 0x00, 0xBF, 0xFF, 0xFF, 0xFF, 0xF0, 0x00, 0x00, 0x00, 0x04,
    0xFF, 0xF5, 0x55, 0x55, 0x50, 0x00, 0x00, 0x00, 0x0D, 0xDB, 0xF0, 0x00, 0x00, 0x00, 0x00, 0x00,
    0x00, 0x7F, 0x4A, 0xF0, 0x00, 0x00, 0x00, 0x00, 0x00, 0x01, 0xFB, 0x09, 0xF0, 0x00, 0x00, 0x00,
    0x00, 0x00, 0x0A, 0xF2, 0x08, 0xF6, 0x55, 0x55, 0x10, 0x00, 0x00, 0x4F, 0x90, 0x08, 0xFF, 0xFF,
    0xFF, 0x40, 0x00, 0x00, 0xDE, 0x10, 0x07, 0xF2, 0x00, 0x00, 0x00, 0x00, 0x07, 0xFF, 0x88, 0x8F,
    0xF3, 0x00, 0x00, 0x00, 0x00, 0x1F, 0xFF, 0xFF, 0xFF, 0xF3, 0x00, 0x00, 0x00, 0x00, 0xAF, 0x40,
    0x00, 0x05, 0xF4, 0x00, 0x00, 0x00, 0x03, 0xFB, 0x00, 0x00, 0x05, 0xFA, 0x55, 0x55, 0x52, 0x0D,
    0xF2, 0x00, 0x00, 0x04, 0xFF, 0xFF, 0xFF, 0xF8, 0x00, 0x7D, 0xFE, 0x90, 0x4C, 0xFE, 0xA1, 0x00,
    0x9F, 0xA6, 0x9F, 0xFF, 0xC6, 0x7E, 0xD0, 0x0E, 0xB0, 0x00, 0xAF, 0xD0, 0x00, 0x4F, 0x50, 0x00,
    0x13, 0x3D, 0xFC, 0x44, 0x44, 0xF8, 0x03, 0xCF, 0xFF, 0xFF, 0xFF, 0xFF, 0xFF, 0x90, 0xEE, 0x40,
    0x0B, 0xF6, 0x00, 0x00, 0x00, 0x3F, 0x70, 0x00, 0xAF, 0x80, 0x00, 0x00, 0x03, 0xF7, 0x00, 0x0F,
    0xFE, 0x00, 0x00, 0x10, 0x0E, 0xF7, 0x6C, 0xFA, 0xFC, 0x66, 0x9F, 0x30, 0x2C, 0xFF, 0xB4, 0x03,
    0xBF, 0xFD, 0x70, 0x00, 0xBB, 0x13, 0xF4, 0x00, 0x02, 0xCF, 0xD8, 0x00, 0x00, 0x00, 0x00, 0x00,
    0x08, 0xFF, 0xFF, 0xFF, 0xF8, 0x8F, 0x96, 0x66, 0x66, 0x38, 0xF3, 0x00, 0x00, 0x00, 0x8F, 0x30,
    0x00, 0x00, 0x08, 0xF3, 0x00, 0x00, 0x00, 0x8F, 0x96, 0x66, 0x64, 0x08, 0xFF, 0xFF, 0xFF, 0xB0,
    0x8F, 0x30, 0x00, 0x00, 0x08, 0xF3, 0x00, 0x00, 0x00, 0x8F, 0x30, 0x00, 0x00, 0x08, 0xF3, 0x00,
    0x00, 0x00, 0x8F, 0x96, 0x66, 0x66, 0x38, 0xFF, 0xFF, 0xFF, 0xF9, 0x00, 0xBB, 0x13, 0xF4, 0x00,
    0x02, 0xCF, 0xD8, 0x00, 0x00, 0x00, 0x00, 0x00, 0x00, 0x02, 0xAF, 0xFB, 0x30, 0x01, 0xEE, 0x76,
    0xDF, 0x10, 0xAF, 0x10, 0x01, 0xF9, 0x0F, 0xF5, 0x55, 0x5D, 0xC2, 0xFF, 0xFF, 0xFF, 0xFE, 0x2F,
    0x70, 0x00, 0x00, 0x00, 0xFA, 0x00, 0x00, 0x00, 0x0B, 0xF2, 0x00, 0x05, 0x10, 0x2F, 0xE7, 0x59,
    0xF6, 0x00, 0x2A, 0xEF, 0xC5, 0x00, 0x00, 0x5B, 0xEF, 0xEB, 0x50, 0x00, 0x00, 0xCB, 0x76, 0x8D,
    0xFA, 0x00, 0x00, 0x00, 0x00, 0x00, 0x8F, 0x70, 0x00, 0x00, 0x00, 0x00, 0x0D, 0xE0, 0x00, 0x00,
    0x00, 0x00, 0x07, 0xF3, 0x04, 0x44, 0x44, 0x44, 0x4A, 0xF5, 0x2F, 0xFF, 0xFF, 0xFF, 0xFF, 0xF6,
    0x2F, 0x80, 0x00, 0x00, 0x05, 0xF5, 0x0F, 0xA0, 0x00, 0x00, 0x07, 0xF3, 0x0C, 0xE0, 0x00, 0x00,
    0x0D, 0xE0, 0x05, 0xF7, 0x00, 0x00, 0x7F, 0x60, 0x00, 0xAF, 0xB7, 0x6B, 0xFA, 0x00, 0x00, 0x06,
    0xCF, 0xFC, 0x60, 0x00, 0x02, 0xAE, 0xFD, 0x80, 0x00, 0xAD, 0x75, 0x9F, 0xB0, 0x01, 0x00, 0x00,
    0x7F, 0x50, 0x00, 0x00, 0x00, 0xFA, 0x05, 0x55, 0x55, 0x5F, 0xC1, 0xFF, 0xFF, 0xFF, 0xFC, 0x0F,
    0x80, 0x00, 0x0F, 0xA0, 0xDC, 0x00, 0x07, 0xF4, 0x05, 0xFB, 0x58, 0xFA, 0x00, 0x04, 0xDF, 0xE8,
    0x00, 0x00, 0x0B, 0x70, 0x1C, 0x40, 0x00, 0x00, 0x0E, 0x90, 0x2F, 0x60, 0x00, 0x00, 0x00, 0x00,
    0x00, 0x00, 0x00, 0x00, 0x5B, 0xEF, 0xEB, 0x50, 0x00, 0x00, 0xCB, 0x76, 0x8D, 0xFA, 0x00, 0x00,
    0x00, 0x00, 0x00, 0x8F, 0x70, 0x00, 0x00, 0x00, 0x00, 0x0D, 0xE0, 0x00, 0x00, 0x00, 0x00, 0x07,
    0xF3, 0x04, 0x44, 0x44, 0x44, 0x4A, 0xF5, 0x2F, 0xFF, 0xFF, 0xFF, 0xFF, 0xF6, 0x2F, 0x80, 0x00,
    0x00, 0x05, 0xF5, 0x0F, 0xA0, 0x00, 0x00, 0x07, 0xF3, 0x0C, 0xE0, 0x00, 0x00, 0x0D, 0xE0, 0x05,
    0xF7, 0x00, 0x00, 0x7F, 0x60, 0x00, 0xAF, 0xB7, 0x6B, 0xFA, 0x00, 0x00, 0x06, 0xCF, 0xFC, 0x60,
    0x00, 0x00, 0x32, 0x00, 0x41, 0x00, 0x0F, 0xB0, 0x3F, 0x70, 0x00, 0x63, 0x00, 0x72, 0x00, 0x00,
    0x00, 0x00, 0x00, 0x02, 0xAE, 0xFD, 0x80, 0x00, 0xAD, 0x75, 0x9F, 0xB0, 0x01, 0x00, 0x00, 0x7F,
    0x50, 0x00, 0x00, 0x00, 0xFA, 0x05, 0x55, 0x55, 0x5F, 0xC1, 0xFF, 0xFF, 0xFF, 0xFC, 0x0F, 0x80,
    0x00, 0x0F, 0xA0, 0xDC, 0x00, 0x07, 0xF4, 0x05, 0xFB, 0x58, 0xFA, 0x00, 0x04, 0xDF, 0xE8, 0x00,
    0x00, 0x00, 0x00, 0x00, 0x00, 0x00, 0x00, 0x00, 0x00, 0x00, 0x00, 0xEA, 0x03, 0xF6, 0x00, 0x00,
    0x00, 0x00, 0x00, 0x0A, 0x60, 0x1B, 0x40, 0x00, 0x00, 0x00, 0x00, 0x00, 0x00, 0x00, 0x00, 0x00,
    0x00, 0x00, 0x2F, 0xD0, 0x00, 0x09, 0xF1, 0x00, 0x06, 0xF8, 0x00, 0x7F, 0x70, 0x00, 0x9F, 0x10,
    0x01, 0xED, 0x00, 0x00, 0xCF, 0x10, 0x09, 0xF1, 0x00, 0xAF, 0x40, 0x00, 0x02, 0xFB, 0x00, 0x9F,
    0x10, 0x3F, 0x90, 0x00, 0x00, 0x07, 0xF4, 0x09, 0xF1, 0x0D, 0xE0, 0x00, 0x00, 0x00, 0x0E, 0xF6,
    0xFF, 0x89, 0xF4, 0x00, 0x00, 0x00, 0x00, 0xEF, 0xFF, 0xFF, 0xFF, 0x20, 0x00, 0x00, 0x00, 0x5F,
    0xB0, 0x9F, 0x13, 0xFC, 0x00, 0x00, 0x00, 0x0E, 0xF1, 0x09, 0xF1, 0x09, 0xF6, 0x00, 0x00, 0x09,
    0xF7, 0x00, 0x9F, 0x10, 0x1E, 0xF1, 0x00, 0x03, 0xFD, 0x00, 0x09, 0xF1, 0x00, 0x6F, 0xA0, 0x00,
    0xCF, 0x40, 0x00, 0x9F, 0x10, 0x00, 0xCF, 0x40, 0x7F, 0xA0, 0x00, 0x09, 0xF1, 0x00, 0x03, 0xFD,
    0x00, 0x00, 0x00, 0x32, 0x00, 0x41, 0x00, 0x00, 0x00, 0x00, 0xFB, 0x03, 0xF7, 0x00, 0x00, 0x00,
    0x00, 0x63, 0x00, 0x72, 0x00, 0x00, 0x00, 0x00, 0x00, 0x00, 0x00, 0x00, 0x00, 0x3F, 0xC0, 0x00,
    0xFA, 0x00, 0x1F, 0xE0, 0x09, 0xF4, 0x00, 0xFA, 0x00, 0x8F, 0x50, 0x01, 0xED, 0x00, 0xFA, 0x01,
    0xFB, 0x00, 0x00, 0x6F, 0x50, 0xFA, 0x0A, 0xF2, 0x00, 0x00, 0x0D, 0xE7, 0xFF, 0x7F, 0x80, 0x00,
    0x00, 0x0C, 0xFF, 0xFF, 0xFF, 0x60, 0x00, 0x00, 0x5F, 0x90, 0xFA, 0x0D, 0xE1, 0x00, 0x01, 0xED,
    0x00, 0xFA, 0x03, 0xFC, 0x00, 0x0B, 0xF4, 0x00, 0xFA, 0x00, 0x8F, 0x70, 0x7F, 0x90, 0x00, 0xFA,
    0x00, 0x0D, 0xF3, 0x00, 0x00, 0x00, 0x00, 0x00, 0x00, 0x0E, 0xA0, 0x3F, 0x60, 0x00, 0x0A, 0x60,
    0x1B, 0x40, 0x00, 0x00, 0x00, 0x00, 0x00, 0x00, 0x2A, 0xEF, 0xD9, 0x10, 0x02, 0xFE, 0x86, 0x9F,
    0xE2, 0x0C, 0xF1, 0x00, 0x04, 0xF9, 0x0F, 0xA0, 0x00, 0x00, 0xFB, 0x00, 0x00, 0x00, 0x03, 0xF8,
    0x00, 0x00, 0x77, 0x8E, 0xC0, 0x00, 0x02, 0xFF, 0xFF, 0x50, 0x00, 0x00, 0x00, 0x2A, 0xF6, 0x00,
    0x00, 0x00, 0x00, 0xED, 0x3F, 0x70, 0x00, 0x00, 0xCE, 0x0F, 0xD0, 0x00, 0x03, 0xFB, 0x06, 0xFD,
    0x76, 0x9F, 0xF2, 0x00, 0x3B, 0xEF, 0xD9, 0x10, 0x00, 0x32, 0x00, 0x41, 0x00, 0x0F, 0xB0, 0x3F,
    0x70, 0x00, 0x63, 0x00, 0x72, 0x00, 0x00, 0x00, 0x00, 0x00, 0x00, 0x7D, 0xFD, 0x80, 0x00, 0x9F,
    0xA5, 0x8F, 0xA0, 0x0F, 0xA0, 0x00, 0xAF, 0x00, 0x00, 0x00, 0x0A, 0xF0, 0x00, 0x05, 0x68, 0xF7,
    0x00, 0x00, 0xFF, 0xFF, 0x30, 0x00, 0x00, 0x01, 0xBF, 0x12, 0xF8, 0x00, 0x07, 0xF3, 0x0B, 0xF9,
    0x57, 0xFD, 0x00, 0x08, 0xDF, 0xEA, 0x10, 0x0B, 0xFF, 0xFF, 0xFF, 0xF0, 0x04, 0x66, 0x66, 0x8F,
    0xA0, 0x00, 0x00, 0x01, 0xDC, 0x00, 0x00, 0x00, 0x0C, 0xE1, 0x00, 0x00, 0x00, 0xAF, 0x30, 0x00,
    0x00, 0x09, 0xFE, 0x72, 0x00, 0x00, 0x06, 0xEB, 0xFF, 0x50, 0x00, 0x00, 0x00, 0x1D, 0xF0, 0x00,
    0x00, 0x00, 0x06, 0xF4, 0x0B, 0x70, 0x00, 0x05, 0xF5, 0x0E, 0xE1, 0x00, 0x0A, 0xF2, 0x04, 0xFD,
    0x76, 0xBF, 0x90, 0x00, 0x3B, 0xEF, 0xC6, 0x00, 0x0B, 0xFF, 0xFF, 0xFF, 0xF0, 0x03, 0x55, 0x55,
    0x9F, 0xA0, 0x00, 0x00, 0x01, 0xED, 0x00, 0x00, 0x00, 0x0C, 0xF2, 0x00, 0x00, 0x00, 0x8F, 0x50,
    0x00, 0x00, 0x05, 0xFD, 0x10, 0x00, 0x00, 0x0A, 0xFF, 0xFB, 0x10, 0x00, 0x00, 0x00, 0x5E, 0xD0,
    0x00, 0x00, 0x00, 0x07, 0xF3, 0x0F, 0xA0, 0x00, 0x05, 0xF5, 0x0C, 0xE1, 0x00, 0x09, 0xF2, 0x04,
    0xFD, 0x65, 0xAF, 0xA0, 0x00, 0x3B, 0xEF, 0xC6, 0x00, 0x00, 0x9C, 0xCC, 0xCC, 0x10, 0x00, 0x06,
    0x88, 0x88, 0x81, 0x00, 0x00, 0x00, 0x00, 0x00, 0x00, 0x07, 0xF4, 0x00, 0x00, 0x0C, 0xF4, 0x7F,
    0x40, 0x00, 0x06, 0xFF, 0x47, 0xF4, 0x00, 0x01, 0xEF, 0xF4, 0x7F, 0x40, 0x00, 0xAF, 0xAF, 0x47,
    0xF4, 0x00, 0x4F, 0x97, 0xF4, 0x7F, 0x40, 0x0D, 0xE0, 0x7F, 0x47, 0xF4, 0x08, 0xF5, 0x07, 0xF4,
    0x7F, 0x42, 0xFB, 0x00, 0x7F, 0x47, 0xF4, 0xCF, 0x10, 0x07, 0xF4, 0x7F, 0xAF, 0x70, 0x00, 0x7F,
    0x47, 0xFF, 0xC0, 0x00, 0x07, 0xF4, 0x7F, 0xF3, 0x00, 0x00, 0x7F, 0x47, 0xF9, 0x00, 0x00, 0x07,
    0xF4, 0x0C, 0xFF, 0xFF, 0xF2, 0x00, 0x34, 0x44, 0x44, 0x00, 0x00, 0x00, 0x00, 0x00, 0x0A, 0xF0,
    0x00, 0x0D, 0xF0, 0xAF, 0x00, 0x08, 0xFF, 0x0A, 0xF0, 0x02, 0xFF, 0xF0, 0xAF, 0x00, 0xBD, 0xAF,
    0x0A, 0xF0, 0x5F, 0x49, 0xF0, 0xAF, 0x0E, 0xB0, 0x9F, 0x0A, 0xF8, 0xF2, 0x09, 0xF0, 0xAF, 0xF8,
    0x00, 0x9F, 0x0A, 0xFD, 0x00, 0x09, 0xF0, 0xAF, 0x40, 0x00, 0x9F, 0x00, 0x00, 0x00, 0x00, 0x00,
    0x00, 0x00, 0x00, 0xEA, 0x03, 0xF6, 0x00, 0x00, 0x0A, 0x60, 0x1B, 0x40, 0x00, 0x00, 0x00, 0x00,
    0x00, 0x00, 0x7F, 0x40, 0x00, 0x00, 0xCF, 0x47, 0xF4, 0x00, 0x00, 0x6F, 0xF4, 0x7F, 0x40, 0x00,
    0x1E, 0xFF, 0x47, 0xF4, 0x00, 0x0A, 0xFA, 0xF4, 0x7F, 0x40, 0x04, 0xF9, 0x7F, 0x47, 0xF4, 0x00,
    0xDE, 0x07, 0xF4, 0x7F, 0x40, 0x8F, 0x50, 0x7F, 0x47, 0xF4, 0x2F, 0xB0, 0x07, 0xF4, 0x7F, 0x4C,
    0xF1, 0x00, 0x7F, 0x47, 0xFA, 0xF7, 0x00, 0x07, 0xF4, 0x7F, 0xFC, 0x00, 0x00, 0x7F, 0x47, 0xFF,
    0x30, 0x00, 0x07, 0xF4, 0x7F, 0x90, 0x00, 0x00, 0x7F, 0x40, 0x03, 0x20, 0x04, 0x10, 0x00, 0xFB,
    0x03, 0xF7, 0x00, 0x06, 0x30, 0x07, 0x20, 0x00, 0x00, 0x00, 0x00, 0x00, 0xAF, 0x00, 0x00, 0xDF,
    0x0A, 0xF0, 0x00, 0x8F, 0xF0, 0xAF, 0x00, 0x2F, 0xFF, 0x0A, 0xF0, 0x0B, 0xDA, 0xF0, 0xAF, 0x05,
    0xF4, 0x9F, 0x0A, 0xF0, 0xEB, 0x09, 0xF0, 0xAF, 0x8F, 0x20, 0x9F, 0x0A, 0xFF, 0x80, 0x09, 0xF0,
    0xAF, 0xD0, 0x00, 0x9F, 0x0A, 0xF4, 0x00, 0x09, 0xF0, 0x00, 0x0B, 0x70, 0x1C, 0x40, 0x00, 0x00,
    0xE9, 0x02, 0xF6, 0x00, 0x00, 0x00, 0x00, 0x00, 0x00, 0x00, 0x03, 0xBE, 0xFD, 0x70, 0x00, 0x05,
    0xFE, 0x87, 0xBF, 0xB0, 0x02, 0xFC, 0x00, 0x00, 0x6F, 0x70, 0x8F, 0x30, 0x00, 0x00, 0xCE, 0x0C,
    0xE0, 0x00, 0x00, 0x08, 0xF2, 0xEC, 0x00, 0x00, 0x00, 0x6F, 0x4F, 0xB0, 0x00, 0x00, 0x05, 0xF5,
    0xEC, 0x00, 0x00, 0x00, 0x6F, 0x4C, 0xE0, 0x00, 0x00, 0x08, 0xF3, 0x8F, 0x30, 0x00, 0x00, 0xCE,
    0x02, 0xFC, 0x00, 0x00, 0x6F, 0x80, 0x05, 0xFD, 0x87, 0xAF, 0xC0, 0x00, 0x03, 0xBE, 0xFD, 0x70,
    0x00, 0x00, 0x32, 0x00, 0x41, 0x00, 0x00, 0xFB, 0x03, 0xF7, 0x00, 0x00, 0x63, 0x00, 0x72, 0x00,
    0x00, 0x00, 0x00, 0x00, 0x00, 0x00, 0x2A, 0xEF, 0xC4, 0x00, 0x02, 0xEE, 0x76, 0xCF, 0x50, 0x0A,
    0xF2, 0x00, 0x0D, 0xE0, 0x0F, 0xA0, 0x00, 0x06, 0xF4, 0x2F, 0x70, 0x00, 0x03, 0xF6, 0x2F, 0x70,
    0x00, 0x03, 0xF7, 0x0F, 0xA0, 0x00, 0x06, 0xF4, 0x0B, 0xF2, 0x00, 0x0C, 0xE0, 0x02, 0xEE, 0x66,
    0xCF, 0x50, 0x00, 0x2A, 0xEF, 0xC4, 0x00, 0x00, 0x04, 0xBF, 0xFC, 0x60, 0x00, 0x00, 0x7F, 0xE9,
    0x9D, 0xF9, 0x00, 0x03, 0xFB, 0x00, 0x00, 0x9F, 0x50, 0x0A, 0xF1, 0x00, 0x00, 0x0E, 0xC0, 0x0E,
    0xC0, 0x00, 0x00, 0x0A, 0xF0, 0x0F, 0xB4, 0x44, 0x44, 0x49, 0xF2, 0x1F, 0xFF, 0xFF, 0xFF, 0xFF,
    0xF3, 0x0F, 0xA0, 0x00, 0x00, 0x08, 0xF2, 0x0E, 0xD0, 0x00, 0x00, 0x0B, 0xF0, 0x0A, 0xF2, 0x00,
    0x00, 0x1F, 0xC0, 0x03, 0xFC, 0x10, 0x00, 0xAF, 0x50, 0x00, 0x7F, 0xE9, 0x8D, 0xFA, 0x00, 0x00,
    0x04, 0xBF, 0xFC, 0x60, 0x00, 0x00, 0x2A, 0xEF, 0xC4, 0x00, 0x02, 0xEE, 0x65, 0xCF, 0x50, 0x0A,
    0xF3, 0x00, 0x0E, 0xE0, 0x0F, 0xB0, 0x00, 0x07, 0xF4, 0x2F, 0xA4, 0x44, 0x47, 0xF6, 0x2F, 0xFF,
    0xFF, 0xFF, 0xF6, 0x0F, 0x90, 0x00, 0x05, 0xF4, 0x0B, 0xE0, 0x00, 0x0B, 0xE0, 0x02, 0xED, 0x55,
    0xAF, 0x50, 0x00, 0x2A, 0xEF, 0xC4, 0x00, 0x00, 0x00, 0xB7, 0x01, 0xC4, 0x00, 0x00, 0x00, 0xE9,
    0x02, 0xF6, 0x00, 0x00, 0x00, 0x00, 0x00, 0x00, 0x00, 0x00, 0x04, 0xBF, 0xFC, 0x60, 0x00, 0x00,
    0x7F, 0xE9, 0x9D, 0xF9, 0x00, 0x03, 0xFB, 0x00, 0x00, 0x9F, 0x50, 0x0A, 0xF1, 0x00, 0x00, 0x0E,
    0xC0, 0x0E, 0xC0, 0x00, 0x00, 0x0A, 0xF0, 0x0F, 0xB4, 0x44, 0x44, 0x49, 0xF2, 0x1F, 0xFF, 0xFF,
    0xFF, 0xFF, 0xF3, 0x0F, 0xA0, 0x00, 0x00, 0x08, 0xF2, 0x0E, 0xD0, 0x00, 0x00, 0x0B, 0xF0, 0x0A,
    0xF2, 0x00, 0x00, 0x1F, 0xC0, 0x03, 0xFC, 0x10, 0x00, 0xAF, 0x50, 0x00, 0x7F, 0xE9, 0x8D, 0xFA,
    0x00, 0x00, 0x04, 0xBF, 0xFC, 0x60, 0x00, 0x00, 0x32, 0x00, 0x41, 0x00, 0x00, 0xFB, 0x03, 0xF7,
    0x00, 0x00, 0x63, 0x00, 0x72, 0x00, 0x00, 0x00, 0x00, 0x00, 0x00, 0x00, 0x2A, 0xEF, 0xC4, 0x00,
    0x02, 0xEE, 0x65, 0xCF, 0x50, 0x0A, 0xF3, 0x00, 0x0E, 0xE0, 0x0F, 0xB0, 0x00, 0x07, 0xF4, 0x2F,
    0xA4, 0x44, 0x47, 0xF6, 0x2F, 0xFF, 0xFF, 0xFF, 0xF6, 0x0F, 0x90, 0x00, 0x05, 0xF4, 0x0B, 0xE0,
    0x00, 0x0B, 0xE0, 0x02, 0xED, 0x55, 0xAF, 0x50, 0x00, 0x2A, 0xEF, 0xC4, 0x00, 0x00, 0x00, 0x00,
    0x00, 0x00, 0x00, 0x0E, 0xA0, 0x3F, 0x60, 0x00, 0x00, 0xA6, 0x01, 0xB4, 0x00, 0x00, 0x00, 0x00,
    0x00, 0x00, 0x00, 0x00, 0x6C, 0xFF, 0xC5, 0x00, 0x00, 0xAF, 0xB7, 0x7C, 0xF9, 0x00, 0x4F, 0x90,
    0x00, 0x09, 0xF5, 0x09, 0xF2, 0x00, 0x00, 0x0F, 0xC0, 0x00, 0x00, 0x00, 0x00, 0xBF, 0x00, 0x00,
    0x36, 0x66, 0x6D, 0xF1, 0x00, 0x09, 0xFF, 0xFF, 0xFF, 0x20, 0x00, 0x00, 0x00, 0x09, 0xF1, 0x00,
    0x00, 0x00, 0x00, 0xBF, 0x09, 0xF2, 0x00, 0x00, 0x0F, 0xC0, 0x4F, 0x80, 0x00, 0x09, 0xF5, 0x00,
    0x9F, 0xB6, 0x6B, 0xFA, 0x00, 0x00, 0x6C, 0xFF, 0xC6, 0x00, 0x00, 0x00, 0x32, 0x00, 0x41, 0x00,
    0x0F, 0xB0, 0x3F, 0x70, 0x00, 0x63, 0x00, 0x72, 0x00, 0x00, 0x00, 0x00, 0x00, 0x00, 0x6D, 0xFD,
    0x70, 0x00, 0x8F, 0xA6, 0x9F, 0xA0, 0x0F, 0x90, 0x00, 0x8F, 0x40, 0x00, 0x00, 0x01, 0xF9, 0x00,
    0x02, 0x55, 0x5F, 0xB0, 0x00, 0x8F, 0xFF, 0xFB, 0x00, 0x00, 0x00, 0x1F, 0x90, 0xF9, 0x00, 0x08,
    0xF3, 0x09, 0xFA, 0x69, 0xFA, 0x00, 0x07, 0xDF, 0xE8, 0x00, 0x00, 0x09, 0xCC, 0xCC, 0xC1, 0x00,
    0x00, 0x68, 0x88, 0x88, 0x10, 0x00, 0x00, 0x00, 0x00, 0x00, 0x01, 0xFC, 0x00, 0x00, 0x05, 0xF9,
    0x0A, 0xF3, 0x00, 0x00, 0xCF, 0x20, 0x2F, 0xB0, 0x00, 0x2F, 0xB0, 0x00, 0xBF, 0x20, 0x08, 0xF4,
    0x00, 0x04, 0xF9, 0x00, 0xED, 0x00, 0x00, 0x0C, 0xF1, 0x5F, 0x70, 0x00, 0x00, 0x5F, 0x7B, 0xF1,
    0x00, 0x00, 0x00, 0xDF, 0xF9, 0x00, 0x00, 0x00, 0x06, 0xFF, 0x20, 0x00, 0x00, 0x00, 0x1F, 0xF0,
    0x00, 0x00, 0x00, 0x06, 0xF5, 0x00, 0x00, 0x00, 0x47, 0xFD, 0x00, 0x00, 0x00, 0x0B, 0xFB, 0x20,
    0x00, 0x00, 0x03, 0x44, 0x44, 0x40, 0x00, 0xCF, 0xFF, 0xFF, 0x20, 0x00, 0x00, 0x00, 0x00, 0x00,
    0x00, 0x00, 0x00, 0x00, 0xAF, 0x20, 0x00, 0x9F, 0x24, 0xF7, 0x00, 0x0E, 0xC0, 0x0E, 0xC0, 0x02,
    0xF7, 0x00, 0x9F, 0x10, 0x7F, 0x20, 0x04, 0xF6, 0x0C, 0xC0, 0x00, 0x0E, 0xB1, 0xF7, 0x00, 0x00,
    0x9F, 0x6F, 0x20, 0x00, 0x03, 0xFF, 0xC0, 0x00, 0x00, 0x0E, 0xF7, 0x00, 0x00, 0x00, 0xDF, 0x20,
    0x00, 0x00, 0x0A, 0xD0, 0x00, 0x00, 0x01, 0xF7, 0x00, 0x00, 0x17, 0xDE, 0x10, 0x00, 0x03, 0xFC,
    0x30, 0x00, 0x00, 0x00, 0x00, 0x00, 0x00, 0x00, 0x00, 0x00, 0xEA, 0x03, 0xF6, 0x00, 0x00, 0x0A,
    0x60, 0x1B, 0x40, 0x00, 0x00, 0x00, 0x00, 0x00, 0x00, 0x1F, 0xC0, 0x00, 0x00, 0x5F, 0x90, 0xAF,
    0x30, 0x00, 0x0C, 0xF2, 0x02, 0xFB, 0x00, 0x02, 0xFB, 0x00, 0x0B, 0xF2, 0x00, 0x8F, 0x40, 0x00,
    0x4F, 0x90, 0x0E, 0xD0, 0x00, 0x00, 0xCF, 0x15, 0xF7, 0x00, 0x00, 0x05, 0xF7, 0xBF, 0x10, 0x00,
    0x00, 0x0D, 0xFF, 0x90, 0x00, 0x00, 0x00, 0x6F, 0xF2, 0x00, 0x00, 0x00, 0x01, 0xFF, 0x00, 0x00,
    0x00, 0x00, 0x6F, 0x50, 0x00, 0x00, 0x04, 0x7F, 0xD0, 0x00, 0x00, 0x00, 0xBF, 0xB2, 0x00, 0x00,
    0x00, 0x00, 0x32, 0x00, 0x41, 0x00, 0x0F, 0xB0, 0x3F, 0x70, 0x00, 0x63, 0x00, 0x72, 0x00, 0x00,
    0x00, 0x00, 0x00, 0xAF, 0x20, 0x00, 0x9F, 0x24, 0xF7, 0x00, 0x0E, 0xC0, 0x0E, 0xC0, 0x02, 0xF7,
    0x00, 0x9F, 0x10, 0x7F, 0x20, 0x04, 0xF6, 0x0C, 0xC0, 0x00, 0x0E, 0xB1, 0xF7, 0x00, 0x00, 0x9F,
    0x6F, 0x20, 0x00, 0x03, 0xFF, 0xC0, 0x00, 0x00, 0x0E, 0xF7, 0x00, 0x00, 0x00, 0xDF, 0x20, 0x00,
    0x00, 0x0A, 0xD0, 0x00, 0x00, 0x01, 0xF7, 0x00, 0x00, 0x17, 0xDE, 0x10, 0x00, 0x03, 0xFC, 0x30,
    0x00, 0x00, 0x00, 0x00, 0x0E, 0xB1, 0xEB, 0x00, 0x00, 0x06, 0xF2, 0xBE, 0x10, 0x00, 0x00, 0xE7,
    0x5F, 0x30, 0x00, 0x00, 0x00, 0x00, 0x00, 0x00, 0x1F, 0xC0, 0x00, 0x00, 0x5F, 0x90, 0xAF, 0x30,
    0x00, 0x0C, 0xF2, 0x02, 0xFB, 0x00, 0x02, 0xFB, 0x00, 0x0B, 0xF2, 0x00, 0x8F, 0x40, 0x00, 0x4F,
    0x90, 0x0E, 0xD0, 0x00, 0x00, 0xCF, 0x15, 0xF7, 0x00, 0x00, 0x05, 0xF7, 0xBF, 0x10, 0x00, 0x00,
    0x0D, 0xFF, 0x90, 0x00, 0x00, 0x00, 0x6F, 0xF2, 0x00, 0x00, 0x00, 0x01, 0xFF, 0x00, 0x00, 0x00,
    0x00, 0x6F, 0x50, 0x00, 0x00, 0x04, 0x7F, 0xD0, 0x00, 0x00, 0x00, 0xBF, 0xB2, 0x00, 0x00, 0x00,
    0x00, 0x02, 0x30, 0x33, 0x00, 0x01, 0xF9, 0x3F, 0x80, 0x00, 0x8E, 0x1D, 0xB0, 0x00, 0x0B, 0x45,
    0xB1, 0x00, 0x00, 0x00, 0x00, 0x00, 0x0A, 0xF2, 0x00, 0x09, 0xF2, 0x4F, 0x70, 0x00, 0xEC, 0x00,
    0xEC, 0x00, 0x2F, 0x70, 0x09, 0xF1, 0x07, 0xF2, 0x00, 0x4F, 0x60, 0xCC, 0x00, 0x00, 0xEB, 0x1F,
    0x70, 0x00, 0x09, 0xF6, 0xF2, 0x00, 0x00, 0x3F, 0xFC, 0x00, 0x00, 0x00, 0xEF, 0x70, 0x00, 0x00,
    0x0D, 0xF2, 0x00, 0x00, 0x00, 0xAD, 0x00, 0x00, 0x00, 0x1F, 0x70, 0x00, 0x01, 0x7D, 0xE1, 0x00,
    0x00, 0x3F, 0xC3, 0x00, 0x00, 0x00, 0x00, 0x00, 0x00, 0x00, 0x00, 0x00, 0xEA, 0x03, 0xF6, 0x00,
    0x00, 0xA6, 0x01, 0xB4, 0x00, 0x00, 0x00, 0x00, 0x00, 0x00, 0xAF, 0x00, 0x00, 0x00, 0xEC, 0xAF,
    0x00, 0x00, 0x00, 0xEC, 0xAF, 0x00, 0x00, 0x00, 0xEC, 0xAF, 0x00, 0x00, 0x00, 0xEC, 0xAF, 0x10,
    0x00, 0x00, 0xEC, 0x7F, 0x50, 0x00, 0x00, 0xEC, 0x1E, 0xF8, 0x66, 0x8B, 0xFC, 0x02, 0xAE, 0xFF,
    0xDA, 0xFC, 0x00, 0x00, 0x00, 0x00, 0xEC, 0x00, 0x00, 0x00, 0x00, 0xEC, 0x00, 0x00, 0x00, 0x00,
    0xEC, 0x00, 0x00, 0x00, 0x00, 0xEC, 0x00, 0x00, 0x00, 0x00, 0xEC, 0x00, 0x32, 0x00, 0x41, 0x00,
    0x0F, 0xB0, 0x3F, 0x70, 0x00, 0x63, 0x00, 0x72, 0x00, 0x00, 0x00, 0x00, 0x00, 0x1F, 0x80, 0x00,
    0x3F, 0x61, 0xF8, 0x00, 0x03, 0xF6, 0x1F, 0x80, 0x00, 0x3F, 0x60, 0xF9, 0x00, 0x03, 0xF6, 0x0E,
    0xC0, 0x00, 0x3F, 0x60, 0x7F, 0xA5, 0x6C, 0xF6, 0x00, 0x7D, 0xFF, 0xFF, 0x60, 0x00, 0x00, 0x03,
    0xF6, 0x00, 0x00, 0x00, 0x3F, 0x60, 0x00, 0x00, 0x03, 0xF6, 0x7F, 0xFF, 0xFF, 0xFF, 0x67, 0xF8,
    0x66, 0x66, 0x62, 0x7F, 0x40, 0x00, 0x00, 0x07, 0xF4, 0x00, 0x00, 0x00, 0x7F, 0x40, 0x00, 0x00,
    0x07, 0xF4, 0x00, 0x00, 0x00, 0x7F, 0x40, 0x00, 0x00, 0x07, 0xF4, 0x00, 0x00, 0x00, 0x7F, 0x40,
    0x00, 0x00, 0x07, 0xF4, 0x00, 0x00, 0x00, 0x7F, 0x40, 0x00, 0x00, 0x07, 0xF8, 0x20, 0x00, 0x00,
    0x7F, 0xF8, 0x00, 0x00, 0x00, 0x1F, 0x80, 0x00, 0x00, 0x01, 0xF8, 0x00, 0x00, 0x00, 0x1F, 0x80,
    0x00, 0x00, 0x00, 0xC6, 0x00, 0x00, 0x00, 0xAF, 0xFF, 0xFF, 0x6A, 0xF5, 0x55, 0x52, 0xAF, 0x00,
    0x00, 0x0A, 0xF0, 0x00, 0x00, 0xAF, 0x00, 0x00, 0x0A, 0xF0, 0x00, 0x00, 0xAF, 0x00, 0x00, 0x0A,
    0xF0, 0x00, 0x00, 0xAF, 0x42, 0x00, 0x0A, 0xFF, 0x80, 0x00, 0x01, 0xF8, 0x00, 0x00, 0x1F, 0x80,
    0x00, 0x01, 0xF8, 0x00, 0x00, 0x0C, 0x60, 0x00, 0x00, 0x00, 0x00, 0x00, 0x00, 0x00, 0x00, 0x00,
    0x0E, 0xA0, 0x3F, 0x60, 0x00, 0x00, 0x00, 0xA6, 0x01, 0xB4, 0x00, 0x00, 0x00, 0x00, 0x00, 0x00,
    0x00, 0x00, 0x7F, 0x40, 0x00, 0x00, 0x00, 0x0C, 0xF7, 0xF4, 0x00, 0x00, 0x00, 0x00, 0xCF, 0x7F,
    0x40, 0x00, 0x00, 0x00, 0x0C, 0xF7, 0xF4, 0x00, 0x00, 0x00, 0x00, 0xCF, 0x7F, 0x40, 0x00, 0x00,
    0x00, 0x0C, 0xF7, 0xFA, 0x66, 0x54, 0x00, 0x00, 0xCF, 0x7F, 0xFF, 0xFF, 0xFE, 0x50, 0x0C, 0xF7,
    0xF4, 0x00, 0x03, 0xCF, 0x30, 0xCF, 0x7F, 0x40, 0x00, 0x02, 0xF9, 0x0C, 0xF7, 0xF4, 0x00, 0x00,
    0x0F, 0xA0, 0xCF, 0x7F, 0x40, 0x00, 0x05, 0xF7, 0x0C, 0xF7, 0xF8, 0x66, 0x69, 0xFE, 0x10, 0xCF,
    0x7F, 0xFF, 0xFF, 0xE9, 0x10, 0x0C, 0xF0, 0x00, 0x03, 0x20, 0x04, 0x10, 0x00, 0x00, 0x0F, 0xB0,
    0x3F, 0x70, 0x00, 0x00, 0x06, 0x30, 0x07, 0x20, 0x00, 0x00, 0x00, 0x00, 0x00, 0x00, 0x00, 0x9F,
    0x00, 0x00, 0x00, 0x04, 0xF5, 0x9F, 0x00, 0x00, 0x00, 0x04, 0xF5, 0x9F, 0x00, 0x00, 0x00, 0x04,
    0xF5, 0x9F, 0xFF, 0xFD, 0x60, 0x04, 0xF5, 0x9F, 0x55, 0x5B, 0xF6, 0x04, 0xF5, 0x9F, 0x00, 0x00,
    0xED, 0x04, 0xF5, 0x9F, 0x00, 0x00, 0xBF, 0x04, 0xF5, 0x9F, 0x00, 0x00, 0xDC, 0x04, 0xF5, 0x9F,
    0x55, 0x5B, 0xF5, 0x04, 0xF5, 0x9F, 0xFF, 0xFD, 0x50, 0x04, 0xF5, 0x00, 0x7F, 0xFF, 0xFF, 0xFF,
    0x60, 0x07, 0xF8, 0x66, 0x66, 0x62, 0x00, 0x7F, 0x40, 0x00, 0x00, 0x00, 0x07, 0xF4, 0x00, 0x00,
    0x00, 0x45, 0xCF, 0x94, 0x00, 0x00, 0x0C, 0xFF, 0xFF, 0xD0, 0x00, 0x00, 0x00, 0x7F, 0x40, 0x00,
    0x00, 0x00, 0x07, 0xF4, 0x00, 0x00, 0x00, 0x00, 0x7F, 0x40, 0x00, 0x00, 0x00, 0x07, 0xF4, 0x00,
    0x00, 0x00, 0x00, 0x7F, 0x40, 0x00, 0x00, 0x00, 0x07, 0xF4, 0x00, 0x00, 0x00, 0x00, 0x7F, 0xF2,
    0x00, 0x00, 0x00, 0x00, 0x7F, 0x20, 0x00, 0x00, 0x00, 0x08, 0xF2, 0x00, 0x00, 0x00, 0x47, 0xFD,
    0x00, 0x00, 0x00, 0x09, 0xFC, 0x30, 0x00, 0x00, 0x00, 0x00, 0xAF, 0xFF, 0xFF, 0x60, 0x0A, 0xF5,
    0x55, 0x52, 0x00, 0xAF, 0x00, 0x00, 0x04, 0x5F, 0xF5, 0x40, 0x00, 0xCF, 0xFF, 0xFD, 0x00, 0x00,
    0x0A, 0xF0, 0x00, 0x00, 0x00, 0xAF, 0x00, 0x00, 0x00, 0x0A, 0xF0, 0x00, 0x00, 0x00, 0xAF, 0x00,
    0x00, 0x00, 0x0A, 0xFF, 0x20, 0x00, 0x00, 0x07, 0xF2, 0x00, 0x00, 0x00, 0x8F, 0x20, 0x00, 0x04,
    0x7F, 0xD0, 0x00, 0x00, 0x9F, 0xC3, 0x00, 0x00, 0x1F, 0xD0, 0x00, 0x00, 0x9F, 0x60, 0x07, 0xF8,
    0x00, 0x03, 0xFC, 0x00, 0x00, 0xCF, 0x20, 0x0C, 0xF2, 0x00, 0x00, 0x3F, 0xB0, 0x6F, 0x80, 0x00,
    0x00, 0x09, 0xF7, 0xFD, 0x00, 0x00, 0x00, 0x00, 0xEF, 0xF4, 0x00, 0x00, 0x00, 0x00, 0x8F, 0xD0,
    0x00, 0x00, 0x00, 0x01, 0xEF, 0xF5, 0x00, 0x00, 0x00, 0x0A, 0xF5, 0xEE, 0x10, 0x00, 0x00, 0x4F,
    0xA0, 0x5F, 0x90, 0x00, 0x00, 0xDF, 0x10, 0x0B, 0xF3, 0x00, 0x08, 0xF6, 0x00, 0x02, 0xFD, 0x00,
    0x2F, 0xC0, 0x00, 0x00, 0x8F, 0xF2, 0x00, 0x00, 0x00, 0x00, 0x07, 0xF2, 0x00, 0x00, 0x00, 0x00,
    0x08, 0xF2, 0x00, 0x00, 0x00, 0x04, 0x7F, 0xD0, 0x00, 0x00, 0x00, 0x09, 0xFC, 0x30, 0x3F, 0xA0,
    0x00, 0xCF, 0x20, 0x09, 0xF3, 0x05, 0xF7, 0x00, 0x01, 0xEC, 0x0E, 0xD0, 0x00, 0x00, 0x5F, 0xCF,
    0x30, 0x00, 0x00, 0x0B, 0xF9, 0x00, 0x00, 0x00, 0x0C, 0xFA, 0x00, 0x00, 0x00, 0x6F, 0xAF, 0x50,
    0x00, 0x01, 0xFB, 0x0C, 0xE0, 0x00, 0x0A, 0xF2, 0x03, 0xF9, 0x00, 0x4F, 0x80, 0x00, 0xAF, 0xF2,
    0x00, 0x00, 0x00, 0x07, 0xF2, 0x00, 0x00, 0x00, 0x08, 0xF2, 0x00, 0x00, 0x04, 0x7F, 0xD0, 0x00,
    0x00, 0x09, 0xFC, 0x30, 0x1F, 0xD0, 0x00, 0x00, 0x9F, 0x60, 0x7F, 0x80, 0x00, 0x3F, 0xC0, 0x00,
    0xCF, 0x20, 0x0C, 0xF2, 0x00, 0x03, 0xFB, 0x06, 0xF8, 0x00, 0x00, 0x08, 0xF7, 0xFD, 0x00, 0x00,
    0x00, 0x6F, 0xFF, 0x92, 0x00, 0x00, 0x1F, 0xFF, 0xFF, 0x70, 0x00, 0x00, 0x1E, 0xFF, 0x50, 0x00,
    0x00, 0x0A, 0xF5, 0xEE, 0x10, 0x00, 0x04, 0xFA, 0x05, 0xF9, 0x00, 0x00, 0xDF, 0x10, 0x0B, 0xF3,
    0x00, 0x8F, 0x60, 0x00, 0x2F, 0xD0, 0x2F, 0xC0, 0x00, 0x00, 0x7F, 0x70, 0x3F, 0x90, 0x00, 0xBF,
    0x20, 0xAF, 0x20, 0x4F, 0x80, 0x01, 0xFA, 0x0C, 0xE1, 0x00, 0x08, 0xF8, 0xF6, 0x00, 0x01, 0x6F,
    0xFF, 0x51, 0x00, 0x5F, 0xFF, 0xFF, 0x40, 0x00, 0x3F, 0xEF, 0x20, 0x00, 0x0D, 0xD1, 0xEC, 0x00,
    0x09, 0xF3, 0x05, 0xF8, 0x04, 0xF9, 0x00, 0x0A, 0xF3,
};

static const font_glyph_t roboto_title_glyphs[] = {
    { 0x0020, 0, 0, 0, 0, 0, 4 },
    { 0x0021, 0, 3, 13, 1, 4, 5 },
    { 0x0022, 20, 4, 4, 1, 3, 6 },
    { 0x0023, 28, 10, 13, 1, 4, 11 },
    { 0x0024, 93, 10, 17, 0, 2, 10 },
    { 0x0025, 178, 13, 13, 0, 4, 13 },
    { 0x0026, 263, 12, 13, 0, 4, 11 },
    { 0x0027, 341, 3, 4, 0, 3, 3 },
    { 0x0028, 347, 5, 18, 1, 3, 6 },
    { 0x0029, 392, 5, 18, 0, 3, 6 },
    { 0x002A, 437, 8, 7, 0, 4, 8 },
    { 0x002B, 465, 10, 10, 0, 6, 10 },
    { 0x002C, 515, 3, 4, 0, 15, 4 },
    { 0x002D, 521, 5, 2, 0, 10, 5 },
    { 0x002E, 526, 3, 2, 1, 15, 5 },
    { 0x002F, 529, 7, 14, 0, 4, 7 },
    { 0x0030, 578, 9, 13, 1, 4, 10 },
    { 0x0031, 637, 6, 13, 1, 4, 10 },
    { 0x0032, 676, 10, 13, 0, 4, 10 },
    { 0x0033, 741, 9, 13, 0, 4, 10 },
    { 0x0034, 800, 10, 13, 0, 4, 10 },
    { 0x0035, 865, 9, 13, 1, 4, 10 },
    { 0x0036, 924, 9, 13, 1, 4, 10 },
    { 0x0037, 983, 10, 13, 0, 4, 10 },
    { 0x0038, 1048, 9, 13, 1, 4, 10 },
    { 0x0039, 1107, 9, 13, 0, 4, 10 },
    { 0x003A, 1166, 3, 10, 1, 7, 4 },
    { 0x003B, 1181, 4, 12, 0, 7, 4 },
    { 0x003C, 1205, 8, 8, 0, 7, 9 },
    { 0x003D, 1237, 8, 6, 1, 8, 10 },
    { 0x003E, 1261, 8, 8, 1, 7, 9 },
    { 0x003F, 1293, 8, 13, 0, 4, 9 },
    { 0x0040, 1345, 15, 17, 1, 4, 16 },
    { 0x0041, 1473, 12, 13, 0, 4, 12 },
    { 0x0042, 1551, 10, 13, 1, 4, 11 },
    { 0x0043, 1616, 10, 13, 1, 4, 12 },
    { 0x0044, 1681, 10, 13, 1, 4, 12 },
    { 0x0045, 1746, 9, 13, 1, 4, 10 },
    { 0x0046, 1805, 9, 13, 1, 4, 10 },
    { 0x0047, 1864, 10, 13, 1, 4, 12 },
    { 0x0048, 1929, 11, 13, 1, 4, 13 },
    { 0x0049, 2001, 3, 13, 1, 4, 5 },
    { 0x004A, 2021, 9, 13, 0, 4, 10 },
    { 0x004B, 2080, 11, 13, 1, 4, 11 },
    { 0x004C, 2152, 9, 13, 1, 4, 10 },
    { 0x004D, 2211, 14, 13, 1, 4, 16 },
    { 0x004E, 2302, 11, 13, 1, 4, 13 },
    { 0x004F, 2374, 11, 13, 1, 4, 12 },
    { 0x0050, 2446, 10, 13, 1, 4, 11 },
    { 0x0051, 2511, 12, 15, 0, 4, 12 },
    { 0x0052, 2601, 10, 13, 1, 4, 11 },
    { 0x0053, 2666, 10, 13, 0, 4, 11 },
    { 0x0054, 2731, 11, 13, 0, 4, 11 },
    { 0x0055, 2803, 10, 13, 1, 4, 12 },
    { 0x0056, 2868, 12, 13, 0, 4, 11 },
    { 0x0057, 2946, 16, 13, 0, 4, 16 },
    { 0x0058, 3050, 11, 13, 0, 4, 11 },
    { 0x0059, 3122, 11, 13, 0, 4, 11 },
    { 0x005A, 3194, 11, 13, 0, 4, 11 },
    { 0x005B, 3266, 4, 18, 1, 2, 5 },
    { 0x005C, 3302, 8, 14, 0, 4, 7 },
    { 0x005D, 3358, 4, 18, 0, 2, 5 },
    { 0x005E, 3394, 7, 6, 0, 4, 8 },
    { 0x005F, 3415, 9, 2, 0, 17, 8 },
    { 0x0060, 3424, 5, 3, 0, 3, 6 },
    { 0x0061, 3432, 9, 10, 0, 7, 10 },
    { 0x0062, 3477, 9, 14, 1, 3, 10 },
    { 0x0063, 3540, 9, 10, 0, 7, 9 },
    { 0x0064, 3585, 9, 14, 0, 3, 10 },
    { 0x0065, 3648, 9, 10, 0, 7, 10 },
    { 0x0066, 3693, 7, 14, 0, 3, 6 },
    { 0x0067, 3742, 9, 14, 0, 7, 10 },
    { 0x0068, 3805, 8, 14, 1, 3, 10 },
    { 0x0069, 3861, 3, 14, 1, 3, 4 },
    { 0x006A, 3882, 5, 18, -1, 3, 4 },
    { 0x006B, 3927, 9, 14, 1, 3, 9 },
    { 0x006C, 3990, 2, 14, 1, 3, 4 },
    { 0x006D, 4004, 14, 10, 1, 7, 16 },
    { 0x006E, 4074, 8, 10, 1, 7, 10 },
    { 0x006F, 4114, 10, 10, 0, 7, 10 },
    { 0x0070, 4164, 9, 14, 1, 7, 10 },
    { 0x0071, 4227, 9, 14, 0, 7, 10 },
    { 0x0072, 4290, 5, 10, 1, 7, 6 },
    { 0x0073, 4315, 9, 10, 0, 7, 9 },
    { 0x0074, 4360, 6, 12, 0, 5, 6 },
    { 0x0075, 4396, 8, 10, 1, 7, 10 },
    { 0x0076, 4436, 9, 10, 0, 7, 9 },
    { 0x0077, 4481, 14, 10, 0, 7, 14 },
    { 0x0078, 4551, 9, 10, 0, 7, 9 },
    { 0x0079, 4596, 9, 14, 0, 7, 9 },
    { 0x007A, 4659, 9, 10, 0, 7, 9 },
    { 0x007B, 4704, 6, 17, 0, 3, 6 },
    { 0x007C, 4755, 2, 15, 1, 4, 4 },
    { 0x007D, 4770, 6, 17, 0, 3, 6 },
    { 0x007E, 4821, 11, 6, 1, 8, 12 },
    { 0x0080, 4854, 8, 13, 0, 4, 8 },
    { 0x0081, 4906, 8, 13, 0, 4, 8 },
    { 0x0082, 4958, 8, 13, 0, 4, 8 },
    { 0x0083, 5010, 8, 13, 0, 4, 8 },
    { 0x0084, 5062, 8, 13, 0, 4, 8 },
    { 0x0085, 5114, 8, 13, 0, 4, 8 },
    { 0x0086, 5166, 8, 13, 0, 4, 8 },
    { 0x0087, 5218, 8, 13, 0, 4, 8 },
    { 0x0088, 5270, 8, 13, 0, 4, 8 },
    { 0x0089, 5322, 8, 13, 0, 4, 8 },
    { 0x008A, 5374, 8, 13, 0, 4, 8 },
    { 0x008B, 5426, 8, 13, 0, 4, 8 },
    { 0x008C, 5478, 8, 13, 0, 4, 8 },
    { 0x008D, 5530, 8, 13, 0, 4, 8 },
    { 0x008E, 5582, 8, 13, 0, 4, 8 },
    { 0x008F, 5634, 8, 13, 0, 4, 8 },
    { 0x0090, 5686, 8, 13, 0, 4, 8 },
    { 0x0091, 5738, 8, 13, 0, 4, 8 },
    { 0x0092, 5790, 8, 13, 0, 4, 8 },
    { 0x0093, 5842, 8, 13, 0, 4, 8 },
    { 0x0094, 5894, 8, 13, 0, 4, 8 },
    { 0x0095, 5946, 8, 13, 0, 4, 8 },
    { 0x0096, 5998, 8, 13, 0, 4, 8 },
    { 0x0097, 6050, 8, 13, 0, 4, 8 },
    { 0x0098, 6102, 8, 13, 0, 4, 8 },
    { 0x0099, 6154, 8, 13, 0, 4, 8 },
    { 0x009A, 6206, 8, 13, 0, 4, 8 },
    { 0x009B, 6258, 8, 13, 0, 4, 8 },
    { 0x009C, 6310, 8, 13, 0, 4, 8 },
    { 0x009D, 6362, 8, 13, 0, 4, 8 },
    { 0x009E, 6414, 8, 13, 0, 4, 8 },
    { 0x009F, 6466, 8, 13, 0, 4, 8 },
    { 0x00A0, 0, 0, 0, 0, 0, 4 },
    { 0x00A1, 6518, 3, 13, 1, 7, 4 },
    { 0x00A2, 6538, 9, 14, 0, 5, 10 },
    { 0x00A3, 6601, 10, 13, 0, 4, 10 },
    { 0x00A4, 6666, 12, 13, 0, 5, 13 },
    { 0x00A5, 6744, 10, 13, 0, 4, 9 },
    { 0x00A6, 6809, 2, 16, 1, 4, 4 },
    { 0x00A7, 6825, 11, 17, 0, 4, 11 },
    { 0x00A8, 6919, 7, 2, 0, 4, 8 },
    { 0x00A9, 6926, 14, 13, 0, 4, 14 },
    { 0x00AA, 7017, 6, 7, 1, 4, 8 },
    { 0x00AB, 7038, 8, 7, 0, 9, 8 },
    { 0x00AC, 7066, 8, 4, 1, 10, 10 },
    { 0x00AD, 0, 0, 0, 0, 0, 0 },
    { 0x00AE, 7082, 14, 13, 0, 4, 14 },
    { 0x00AF, 7173, 7, 2, 1, 4, 8 },
    { 0x00B0, 7180, 5, 5, 1, 4, 7 },
    { 0x00B1, 7193, 9, 11, 0, 6, 10 },
    { 0x00B2, 7243, 6, 7, 0, 4, 7 },
    { 0x00B3, 7264, 6, 7, 0, 4, 7 },
    { 0x00B4, 7285, 4, 3, 1, 3, 6 },
    { 0x00B5, 7291, 8, 14, 1, 7, 10 },
    { 0x00B6, 7347, 8, 13, 0, 4, 9 },
    { 0x00B7, 7399, 3, 2, 1, 10, 5 },
    { 0x00B8, 7402, 3, 4, 1, 17, 4 },
    { 0x00B9, 7408, 4, 7, 1, 4, 7 },
    { 0x00BA, 7422, 7, 7, 1, 4, 8 },
    { 0x00BB, 7447, 8, 7, 0, 9, 8 },
    { 0x00BC, 7475, 12, 13, 1, 4, 13 },
    { 0x00BD, 7553, 12, 13, 1, 4, 14 },
    { 0x00BE, 7631, 14, 13, 0, 4, 14 },
    { 0x00BF, 7722, 8, 13, 0, 7, 9 },
    { 0x00C0, 7774, 12, 17, 0, 0, 12 },
    { 0x00C1, 7876, 12, 17, 0, 0, 12 },
    { 0x00C2, 7978, 12, 16, 0, 1, 12 },
    { 0x00C3, 8074, 12, 17, 0, 0, 12 },
    { 0x00C4, 8176, 12, 16, 0, 1, 12 },
    { 0x00C5, 8272, 12, 18, 0, -1, 12 },
    { 0x00C6, 8380, 18, 13, -1, 4, 17 },
    { 0x00C7, 8497, 10, 17, 1, 4, 12 },
    { 0x00C8, 8582, 9, 17, 1, 0, 10 },
    { 0x00C9, 8659, 9, 17, 1, 0, 10 },
    { 0x00CA, 8736, 9, 16, 1, 1, 10 },
    { 0x00CB, 8808, 9, 17, 1, 0, 10 },
    { 0x00CC, 8885, 5, 17, -1, 0, 5 },
    { 0x00CD, 8928, 4, 17, 1, 0, 5 },
    { 0x00CE, 8962, 6, 16, -1, 1, 5 },
    { 0x00CF, 9010, 7, 17, -1, 0, 5 },
    { 0x00D0, 9070, 12, 13, 0, 4, 12 },
    { 0x00D1, 9148, 11, 17, 1, 0, 13 },
    { 0x00D2, 9242, 11, 17, 1, 0, 12 },
    { 0x00D3, 9336, 11, 17, 1, 0, 12 },
    { 0x00D4, 9430, 11, 16, 1, 1, 12 },
    { 0x00D5, 9518, 11, 17, 1, 0, 12 },
    { 0x00D6, 9612, 11, 16, 1, 1, 12 },
    { 0x00D7, 9700, 9, 8, 0, 7, 10 },
    { 0x00D8, 9736, 11, 15, 1, 3, 12 },
    { 0x00D9, 9819, 10, 17, 1, 0, 12 },
    { 0x00DA, 9904, 10, 17, 1, 0, 12 },
    { 0x00DB, 9989, 10, 16, 1, 1, 12 },
    { 0x00DC, 10069, 10, 16, 1, 1, 12 },
    { 0x00DD, 10149, 11, 17, 0, 0, 11 },
    { 0x00DE, 10243, 9, 13, 1, 4, 11 },
    { 0x00DF, 10302, 9, 14, 1, 3, 11 },
    { 0x00E0, 10365, 9, 15, 0, 2, 10 },
    { 0x00E1, 10433, 9, 15, 0, 2, 10 },
    { 0x00E2, 10501, 9, 14, 0, 3, 10 },
    { 0x00E3, 10564, 9, 15, 0, 2, 10 },
    { 0x00E4, 10632, 9, 14, 0, 3, 10 },
    { 0x00E5, 10695, 9, 15, 0, 2, 10 },
    { 0x00E6, 10763, 15, 10, 0, 7, 15 },
    { 0x00E7, 10838, 9, 14, 0, 7, 9 },
    { 0x00E8, 10901, 9, 15, 0, 2, 10 },
    { 0x00E9, 10969, 9, 15, 0, 2, 10 },
    { 0x00EA, 11037, 9, 14, 0, 3, 10 },
    { 0x00EB, 11100, 9, 14, 0, 3, 10 },
    { 0x00EC, 11163, 5, 15, -1, 2, 4 },
    { 0x00ED, 11201, 4, 15, 1, 2, 4 },
    { 0x00EE, 11231, 6, 14, -1, 3, 4 },
    { 0x00EF, 11273, 7, 14, -1, 3, 4 },
    { 0x00F0, 11322, 9, 14, 1, 3, 11 },
    { 0x00F1, 11385, 8, 15, 1, 2, 10 },
    { 0x00F2, 11445, 10, 15, 0, 2, 10 },
    { 0x00F3, 11520, 10, 15, 0, 2, 10 },
    { 0x00F4, 11595, 10, 14, 0, 3, 10 },
    { 0x00F5, 11665, 10, 15, 0, 2, 10 },
    { 0x00F6, 11740, 10, 14, 0, 3, 10 },
    { 0x00F7, 11810, 10, 10, 0, 6, 10 },
    { 0x00F8, 11860, 10, 12, 0, 6, 10 },
    { 0x00F9, 11920, 8, 15, 1, 2, 10 },
    { 0x00FA, 11980, 8, 15, 1, 2, 10 },
    { 0x00FB, 12040, 8, 14, 1, 3, 10 },
    { 0x00FC, 12096, 8, 14, 1, 3, 10 },
    { 0x00FD, 12152, 9, 19, 0, 2, 9 },
    { 0x00FE, 12238, 9, 18, 1, 3, 10 },
    { 0x00FF, 12319, 9, 18, 0, 3, 9 },
    { 0x0370, 12400, 8, 13, 0, 4, 8 },
    { 0x0371, 12452, 8, 13, 0, 4, 8 },
    { 0x0372, 12504, 8, 13, 0, 4, 8 },
    { 0x0373, 12556, 8, 13, 0, 4, 8 },
    { 0x0374, 12608, 8, 13, 0, 4, 8 },
    { 0x0375, 12660, 8, 13, 0, 4, 8 },
    { 0x0376, 12712, 8, 13, 0, 4, 8 },
    { 0x0377, 12764, 8, 13, 0, 4, 8 },
    { 0x0378, 12816, 8, 13, 0, 4, 8 },
    { 0x0379, 12868, 8, 13, 0, 4, 8 },
    { 0x037A, 12920, 8, 13, 0, 4, 8 },
    { 0x037B, 12972, 8, 13, 0, 4, 8 },
    { 0x037C, 13024, 8, 13, 0, 4, 8 },
    { 0x037D, 13076, 8, 13, 0, 4, 8 },
    { 0x037E, 13128, 4, 12, 0, 7, 4 },
    { 0x037F, 13152, 8, 13, 0, 4, 8 },
    { 0x0380, 13204, 8, 13, 0, 4, 8 },
    { 0x0381, 13256, 8, 13, 0, 4, 8 },
    { 0x0382, 13308, 8, 13, 0, 4, 8 },
    { 0x0383, 13360, 8, 13, 0, 4, 8 },
    { 0x0384, 13412, 3, 3, 1, 3, 5 },
    { 0x0385, 13417, 7, 3, 1, 3, 9 },
    { 0x0386, 13428, 12, 15, 0, 2, 12 },
    { 0x0387, 13518, 3, 2, 1, 10, 5 },
    { 0x0388, 13521, 13, 15, -2, 2, 11 },
    { 0x0389, 13619, 15, 14, -2, 3, 14 },
    { 0x038A, 13724, 6, 15, -1, 2, 6 },
    { 0x038B, 13769, 8, 13, 0, 4, 8 },
    { 0x038C, 13821, 13, 15, -1, 2, 13 },
    { 0x038D, 13919, 8, 13, 0, 4, 8 },
    { 0x038E, 13971, 14, 15, -2, 2, 12 },
    { 0x038F, 14076, 12, 15, -1, 2, 12 },
    { 0x0390, 14166, 7, 15, -1, 2, 6 },
    { 0x0391, 14219, 12, 13, 0, 4, 12 },
    { 0x0392, 14297, 10, 13, 1, 4, 11 },
    { 0x0393, 14362, 9, 13, 1, 4, 10 },
    { 0x0394, 14421, 13, 13, 0, 4, 13 },
    { 0x0395, 14506, 9, 13, 1, 4, 10 },
    { 0x0396, 14565, 11, 13, 0, 4, 11 },
    { 0x0397, 14637, 11, 13, 1, 4, 13 },
    { 0x0398, 14709, 12, 13, 0, 4, 12 },
    { 0x0399, 14787, 3, 13, 1, 4, 5 },
    { 0x039A, 14807, 11, 13, 1, 4, 11 },
    { 0x039B, 14879, 12, 13, 0, 4, 12 },
    { 0x039C, 14957, 14, 13, 1, 4, 16 },
    { 0x039D, 15048, 11, 13, 1, 4, 13 },
    { 0x039E, 15120, 9, 13, 1, 4, 10 },
    { 0x039F, 15179, 11, 13, 1, 4, 12 },
    { 0x03A0, 15251, 11, 13, 1, 4, 13 },
    { 0x03A1, 15323, 10, 13, 1, 4, 11 },
    { 0x03A2, 15388, 8, 13, 0, 4, 8 },
    { 0x03A3, 15440, 10, 13, 0, 4, 10 },
    { 0x03A4, 15505, 11, 13, 0, 4, 11 },
    { 0x03A5, 15577, 11, 13, 0, 4, 11 },
    { 0x03A6, 15649, 13, 13, 0, 4, 13 },
    { 0x03A7, 15734, 11, 13, 0, 4, 11 },
    { 0x03A8, 15806, 12, 13, 0, 4, 12 },
    { 0x03A9, 15884, 10, 13, 1, 4, 12 },
    { 0x03AA, 15949, 7, 17, -1, 0, 5 },
    { 0x03AB, 16009, 11, 16, 0, 1, 11 },
    { 0x03AC, 16097, 11, 15, 0, 2, 10 },
    { 0x03AD, 16180, 9, 15, 0, 2, 10 },
    { 0x03AE, 16248, 8, 19, 1, 2, 10 },
    { 0x03AF, 16324, 5, 15, 1, 2, 6 },
    { 0x03B0, 16362, 8, 15, 1, 2, 10 },
    { 0x03B1, 16422, 11, 10, 0, 7, 10 },
    { 0x03B2, 16477, 9, 16, 1, 4, 11 },
    { 0x03B3, 16549, 9, 14, 0, 7, 9 },
    { 0x03B4, 16612, 10, 14, 0, 3, 10 },
    { 0x03B5, 16682, 9, 10, 0, 7, 10 },
    { 0x03B6, 16727, 9, 16, 0, 4, 9 },
    { 0x03B7, 16799, 8, 14, 1, 7, 10 },
    { 0x03B8, 16855, 9, 13, 1, 4, 10 },
    { 0x03B9, 16914, 5, 10, 1, 7, 6 },
    { 0x03BA, 16939, 9, 10, 1, 7, 10 },
    { 0x03BB, 16984, 10, 14, 0, 3, 10 },
    { 0x03BC, 17054, 8, 14, 1, 7, 10 },
    { 0x03BD, 17110, 9, 10, 0, 7, 9 },
    { 0x03BE, 17155, 9, 16, 0, 4, 9 },
    { 0x03BF, 17227, 10, 10, 0, 7, 10 },
    { 0x03C0, 17277, 11, 10, 0, 7, 11 },
    { 0x03C1, 17332, 9, 14, 1, 7, 10 },
    { 0x03C2, 17395, 9, 13, 0, 7, 10 },
    { 0x03C3, 17454, 11, 10, 0, 7, 10 },
    { 0x03C4, 17509, 9, 10, 0, 7, 9 },
    { 0x03C5, 17554, 8, 10, 1, 7, 10 },
    { 0x03C6, 17594, 12, 14, 0, 7, 13 },
    { 0x03C7, 17678, 10, 14, 0, 7, 10 },
    { 0x03C8, 17748, 12, 14, 0, 7, 13 },
    { 0x03C9, 17832, 13, 10, 1, 7, 15 },
    { 0x03CA, 17897, 7, 14, -1, 3, 6 },
    { 0x03CB, 17946, 8, 14, 1, 3, 10 },
    { 0x03CC, 18002, 10, 15, 0, 2, 10 },
    { 0x03CD, 18077, 8, 15, 1, 2, 10 },
    { 0x03CE, 18137, 13, 15, 1, 2, 15 },
    { 0x03CF, 18235, 8, 13, 0, 4, 8 },
    { 0x03D0, 18287, 8, 13, 0, 4, 8 },
    { 0x03D1, 18339, 10, 13, 1, 4, 10 },
    { 0x03D2, 18404, 11, 13, -1, 4, 10 },
    { 0x03D3, 18476, 13, 14, -2, 3, 10 },
    { 0x03D4, 18567, 8, 13, 0, 4, 8 },
    { 0x03D5, 18619, 8, 13, 0, 4, 8 },
    { 0x03D6, 18671, 14, 10, 0, 7, 14 },
    { 0x03D7, 18741, 8, 13, 0, 4, 8 },
    { 0x03D8, 18793, 8, 13, 0, 4, 8 },
    { 0x03D9, 18845, 8, 13, 0, 4, 8 },
    { 0x03DA, 18897, 8, 13, 0, 4, 8 },
    { 0x03DB, 18949, 8, 13, 0, 4, 8 },
    { 0x03DC, 19001, 8, 13, 0, 4, 8 },
    { 0x03DD, 19053, 8, 13, 0, 4, 8 },
    { 0x03DE, 19105, 8, 13, 0, 4, 8 },
    { 0x03DF, 19157, 8, 13, 0, 4, 8 },
    { 0x03E0, 19209, 8, 13, 0, 4, 8 },
    { 0x03E1, 19261, 8, 13, 0, 4, 8 },
    { 0x03E2, 19313, 8, 13, 0, 4, 8 },
    { 0x03E3, 19365, 8, 13, 0, 4, 8 },
    { 0x03E4, 19417, 8, 13, 0, 4, 8 },
    { 0x03E5, 19469, 8, 13, 0, 4, 8 },
    { 0x03E6, 19521, 8, 13, 0, 4, 8 },
    { 0x03E7, 19573, 8, 13, 0, 4, 8 },
    { 0x03E8, 19625, 8, 13, 0, 4, 8 },
    { 0x03E9, 19677, 8, 13, 0, 4, 8 },
    { 0x03EA, 19729, 8, 13, 0, 4, 8 },
    { 0x03EB, 19781, 8, 13, 0, 4, 8 },
    { 0x03EC, 19833, 8, 13, 0, 4, 8 },
    { 0x03ED, 19885, 8, 13, 0, 4, 8 },
    { 0x03EE, 19937, 8, 13, 0, 4, 8 },
    { 0x03EF, 19989, 8, 13, 0, 4, 8 },
    { 0x03F0, 20041, 8, 13, 0, 4, 8 },
    { 0x03F1, 20093, 8, 13, 0, 4, 8 },
    { 0x03F2, 20145, 8, 13, 0, 4, 8 },
    { 0x03F3, 20197, 8, 13, 0, 4, 8 },
    { 0x03F4, 20249, 8, 13, 0, 4, 8 },
    { 0x03F5, 20301, 8, 13, 0, 4, 8 },
    { 0x03F6, 20353, 8, 13, 0, 4, 8 },
    { 0x03F7, 20405, 8, 13, 0, 4, 8 },
    { 0x03F8, 20457, 8, 13, 0, 4, 8 },
    { 0x03F9, 20509, 8, 13, 0, 4, 8 },
    { 0x03FA, 20561, 8, 13, 0, 4, 8 },
    { 0x03FB, 20613, 8, 13, 0, 4, 8 },
    { 0x03FC, 20665, 8, 13, 0, 4, 8 },
    { 0x03FD, 20717, 8, 13, 0, 4, 8 },
    { 0x03FE, 20769, 8, 13, 0, 4, 8 },
    { 0x03FF, 20821, 8, 13, 0, 4, 8 },
    { 0x0400, 20873, 9, 17, 1, 0, 10 },
    { 0x0401, 20950, 9, 17, 1, 0, 10 },
    { 0x0402, 21027, 13, 13, 0, 4, 14 },
    { 0x0403, 21112, 9, 17, 1, 0, 10 },
    { 0x0404, 21189, 10, 13, 1, 4, 12 },
    { 0x0405, 21254, 10, 13, 0, 4, 11 },
    { 0x0406, 21319, 3, 13, 1, 4, 5 },
    { 0x0407, 21339, 7, 17, -1, 0, 5 },
    { 0x0408, 21399, 9, 13, 0, 4, 10 },
    { 0x0409, 21458, 19, 13, 0, 4, 19 },
    { 0x040A, 21582, 18, 13, 1, 4, 19 },
    { 0x040B, 21699, 14, 13, 0, 4, 15 },
    { 0x040C, 21790, 11, 17, 1, 0, 11 },
    { 0x040D, 21884, 11, 17, 1, 0, 13 },
    { 0x040E, 21978, 11, 16, 0, 1, 11 },
    { 0x040F, 22066, 11, 16, 1, 4, 13 },
    { 0x0410, 22154, 12, 13, 0, 4, 12 },
    { 0x0411, 22232, 10, 13, 1, 4, 11 },
    { 0x0412, 22297, 10, 13, 1, 4, 11 },
    { 0x0413, 22362, 9, 13, 1, 4, 10 },
    { 0x0414, 22421, 14, 16, 0, 4, 14 },
    { 0x0415, 22533, 9, 13, 1, 4, 10 },
    { 0x0416, 22592, 17, 13, 0, 4, 16 },
    { 0x0417, 22703, 10, 13, 0, 4, 11 },
    { 0x0418, 22768, 11, 13, 1, 4, 13 },
    { 0x0419, 22840, 11, 16, 1, 1, 13 },
    { 0x041A, 22928, 11, 13, 1, 4, 12 },
    { 0x041B, 23000, 12, 13, 0, 4, 13 },
    { 0x041C, 23078, 14, 13, 1, 4, 16 },
    { 0x041D, 23169, 11, 13, 1, 4, 13 },
    { 0x041E, 23241, 11, 13, 1, 4, 12 },
    { 0x041F, 23313, 11, 13, 1, 4, 13 },
    { 0x0420, 23385, 10, 13, 1, 4, 11 },
    { 0x0421, 23450, 10, 13, 1, 4, 12 },
    { 0x0422, 23515, 11, 13, 0, 4, 11 },
    { 0x0423, 23587, 11, 13, 0, 4, 11 },
    { 0x0424, 23659, 14, 14, 0, 4, 14 },
    { 0x0425, 23757, 11, 13, 0, 4, 11 },
    { 0x0426, 23829, 12, 16, 1, 4, 13 },
    { 0x0427, 23925, 10, 13, 1, 4, 12 },
    { 0x0428, 23990, 15, 13, 1, 4, 17 },
    { 0x0429, 24088, 16, 16, 1, 4, 17 },
    { 0x042A, 24216, 13, 13, 0, 4, 14 },
    { 0x042B, 24301, 13, 13, 1, 4, 16 },
    { 0x042C, 24386, 10, 13, 1, 4, 11 },
    { 0x042D, 24451, 11, 13, 1, 4, 12 },
    { 0x042E, 24523, 15, 13, 1, 4, 16 },
    { 0x042F, 24621, 10, 13, 0, 4, 11 },
    { 0x0430, 24686, 9, 10, 0, 7, 10 },
    { 0x0431, 24731, 10, 14, 0, 3, 10 },
    { 0x0432, 24801, 9, 10, 1, 7, 10 },
    { 0x0433, 24846, 7, 10, 1, 7, 8 },
    { 0x0434, 24881, 11, 13, 0, 7, 11 },
    { 0x0435, 24953, 9, 10, 0, 7, 10 },
    { 0x0436, 24998, 14, 10, 0, 7, 14 },
    { 0x0437, 25068, 9, 10, 0, 7, 9 },
    { 0x0438, 25113, 9, 10, 1, 7, 10 },
    { 0x0439, 25158, 9, 13, 1, 4, 10 },
    { 0x043A, 25217, 9, 10, 1, 7, 10 },
    { 0x043B, 25262, 10, 10, 0, 7, 10 },
    { 0x043C, 25312, 11, 10, 1, 7, 13 },
    { 0x043D, 25367, 9, 10, 1, 7, 10 },
    { 0x043E, 25412, 10, 10, 0, 7, 10 },
    { 0x043F, 25462, 9, 10, 1, 7, 10 },
    { 0x0440, 25507, 9, 14, 1, 7, 10 },
    { 0x0441, 25570, 9, 10, 0, 7, 9 },
    { 0x0442, 25615, 9, 10, 0, 7, 9 },
    { 0x0443, 25660, 9, 14, 0, 7, 9 },
    { 0x0444, 25723, 13, 18, 0, 3, 13 },
    { 0x0445, 25840, 9, 10, 0, 7, 9 },
    { 0x0446, 25885, 10, 13, 1, 7, 11 },
    { 0x0447, 25950, 9, 11, 0, 6, 10 },
    { 0x0448, 26000, 13, 10, 1, 7, 15 },
    { 0x0449, 26065, 14, 13, 1, 7, 15 },
    { 0x044A, 26156, 11, 10, 0, 7, 11 },
    { 0x044B, 26211, 12, 10, 1, 7, 14 },
    { 0x044C, 26271, 8, 10, 1, 7, 10 },
    { 0x044D, 26311, 9, 10, 0, 7, 10 },
    { 0x044E, 26356, 13, 10, 1, 7, 15 },
    { 0x044F, 26421, 9, 10, 0, 7, 10 },
    { 0x0450, 26466, 9, 15, 0, 2, 10 },
    { 0x0451, 26534, 9, 14, 0, 3, 10 },
    { 0x0452, 26597, 10, 18, -1, 3, 10 },
    { 0x0453, 26687, 7, 15, 1, 2, 8 },
    { 0x0454, 26740, 9, 10, 0, 7, 10 },
    { 0x0455, 26785, 9, 10, 0, 7, 9 },
    { 0x0456, 26830, 3, 14, 1, 3, 4 },
    { 0x0457, 26851, 7, 14, -1, 3, 4 },
    { 0x0458, 26900, 5, 18, -1, 3, 4 },
    { 0x0459, 26945, 15, 10, 0, 7, 15 },
    { 0x045A, 27020, 14, 10, 1, 7, 16 },
    { 0x045B, 27090, 10, 14, -1, 3, 10 },
    { 0x045C, 27160, 9, 15, 1, 2, 10 },
    { 0x045D, 27228, 9, 15, 1, 2, 10 },
    { 0x045E, 27296, 9, 18, 0, 3, 9 },
    { 0x045F, 27377, 9, 13, 1, 7, 10 },
    { 0x0460, 27436, 14, 13, 1, 4, 16 },
    { 0x0461, 27527, 12, 10, 1, 7, 14 },
    { 0x0462, 27587, 12, 13, -1, 4, 11 },
    { 0x0463, 27665, 10, 14, -1, 3, 10 },
    { 0x0464, 27735, 14, 13, 1, 4, 16 },
    { 0x0465, 27826, 12, 10, 1, 7, 13 },
    { 0x0466, 27886, 11, 13, 0, 4, 11 },
    { 0x0467, 27958, 10, 10, 0, 7, 10 },
    { 0x0468, 28008, 15, 13, 1, 4, 16 },
    { 0x0469, 28106, 13, 10, 1, 7, 14 },
    { 0x046A, 28171, 14, 13, 1, 4, 15 },
    { 0x046B, 28262, 11, 10, 1, 7, 13 },
    { 0x046C, 28317, 18, 13, 1, 4, 20 },
    { 0x046D, 28434, 16, 10, 1, 7, 18 },
    { 0x046E, 28514, 9, 22, 0, -1, 9 },
    { 0x046F, 28613, 8, 19, 0, 2, 9 },
    { 0x0470, 28689, 12, 13, 0, 4, 12 },
    { 0x0471, 28767, 12, 14, 0, 7, 13 },
    { 0x0472, 28851, 12, 13, 0, 4, 12 },
    { 0x0473, 28929, 10, 10, 0, 7, 10 },
    { 0x0474, 28979, 11, 13, 0, 4, 11 },
    { 0x0475, 29051, 10, 10, 0, 7, 9 },
    { 0x0476, 29101, 11, 16, 0, 1, 11 },
    { 0x0477, 29189, 10, 13, 0, 4, 9 },
    { 0x0478, 29254, 20, 17, 1, 4, 21 },
    { 0x0479, 29424, 19, 14, 0, 7, 19 },
    { 0x047A, 29557, 12, 15, 0, 3, 12 },
    { 0x047B, 29647, 10, 12, 0, 6, 10 },
    { 0x047C, 29707, 14, 18, 1, -1, 16 },
    { 0x047D, 29833, 12, 15, 1, 2, 14 },
    { 0x047E, 29923, 14, 16, 1, 1, 16 },
    { 0x047F, 30035, 12, 14, 1, 3, 14 },
    { 0x0480, 30119, 10, 16, 1, 4, 12 },
    { 0x0481, 30199, 9, 13, 0, 7, 10 },
    { 0x0482, 30258, 10, 12, 1, 5, 11 },
    { 0x0483, 30318, 8, 3, -9, 3, 0 },
    { 0x0484, 30330, 8, 2, -9, 4, 0 },
    { 0x0485, 30338, 3, 3, -6, 3, 0 },
    { 0x0486, 30343, 3, 3, -6, 3, 0 },
    { 0x0487, 30348, 8, 13, 0, 4, 8 },
    { 0x0488, 30400, 18, 16, -14, 4, 0 },
    { 0x0489, 30544, 18, 17, -14, 4, 0 },
    { 0x048A, 30697, 12, 19, 1, 1, 14 },
    { 0x048B, 30811, 10, 16, 1, 4, 11 },
    { 0x048C, 30891, 12, 13, -1, 4, 11 },
    { 0x048D, 30969, 10, 15, -1, 2, 10 },
    { 0x048E, 31044, 10, 13, 1, 4, 11 },
    { 0x048F, 31109, 9, 14, 1, 7, 10 },
    { 0x0490, 31172, 9, 16, 1, 1, 10 },
    { 0x0491, 31244, 7, 13, 1, 4, 8 },
    { 0x0492, 31290, 10, 13, 0, 4, 10 },
    { 0x0493, 31355, 9, 10, -1, 7, 8 },
    { 0x0494, 31400, 10, 16, 1, 4, 11 },
    { 0x0495, 31480, 8, 13, 1, 7, 9 },
    { 0x0496, 31532, 17, 17, 0, 4, 17 },
    { 0x0497, 31677, 15, 14, 0, 7, 14 },
    { 0x0498, 31782, 10, 18, 0, 4, 11 },
    { 0x0499, 31872, 9, 15, 0, 7, 9 },
    { 0x049A, 31940, 11, 17, 1, 4, 13 },
    { 0x049B, 32034, 10, 14, 1, 7, 11 },
    { 0x049C, 32104, 11, 13, 1, 4, 11 },
    { 0x049D, 32176, 10, 10, 1, 7, 10 },
    { 0x049E, 32226, 12, 13, 0, 4, 12 },
    { 0x049F, 32304, 11, 14, -1, 3, 9 },
    { 0x04A0, 32381, 15, 13, 0, 4, 15 },
    { 0x04A1, 32479, 13, 10, 0, 7, 12 },
    { 0x04A2, 32544, 12, 17, 1, 4, 13 },
    { 0x04A3, 32646, 10, 14, 1, 7, 11 },
    { 0x04A4, 32716, 16, 13, 1, 4, 18 },
    { 0x04A5, 32820, 12, 10, 1, 7, 13 },
    { 0x04A6, 32880, 17, 16, 1, 4, 18 },
    { 0x04A7, 33016, 15, 13, 1, 7, 16 },
    { 0x04A8, 33114, 12, 14, 1, 4, 13 },
    { 0x04A9, 33198, 11, 10, 0, 7, 11 },
    { 0x04AA, 33253, 10, 18, 1, 4, 12 },
    { 0x04AB, 33343, 9, 15, 0, 7, 9 },
    { 0x04AC, 33411, 11, 17, 0, 4, 11 },
    { 0x04AD, 33505, 9, 14, 0, 7, 9 },
    { 0x04AE, 33568, 11, 13, 0, 4, 11 },
    { 0x04AF, 33640, 9, 14, 0, 7, 9 },
    { 0x04B0, 33703, 11, 13, 0, 4, 11 },
    { 0x04B1, 33775, 9, 14, 0, 7, 9 },
    { 0x04B2, 33838, 12, 17, 0, 4, 11 },
    { 0x04B3, 33940, 10, 14, 0, 7, 9 },
    { 0x04B4, 34010, 15, 16, 0, 4, 16 },
    { 0x04B5, 34130, 12, 13, 0, 7, 12 },
    { 0x04B6, 34208, 12, 17, 1, 4, 13 },
    { 0x04B7, 34310, 10, 15, 0, 6, 10 },
    { 0x04B8, 34385, 10, 13, 1, 4, 12 },
    { 0x04B9, 34450, 8, 11, 1, 6, 10 },
    { 0x04BA, 34494, 10, 13, 1, 4, 12 },
    { 0x04BB, 34559, 8, 14, 1, 3, 10 },
    { 0x04BC, 34615, 13, 13, 0, 4, 14 },
    { 0x04BD, 34700, 11, 10, -1, 7, 11 },
    { 0x04BE, 34755, 13, 18, 0, 4, 14 },
    { 0x04BF, 34872, 11, 15, -1, 7, 11 },
    { 0x04C0, 34955, 3, 13, 1, 4, 5 },
    { 0x04C1, 34975, 17, 16, 0, 1, 16 },
    { 0x04C2, 35111, 14, 13, 0, 4, 14 },
    { 0x04C3, 35202, 10, 16, 1, 4, 11 },
    { 0x04C4, 35282, 9, 12, 1, 7, 10 },
    { 0x04C5, 35336, 13, 16, 0, 4, 13 },
    { 0x04C6, 35440, 11, 13, 0, 7, 11 },
    { 0x04C7, 35512, 11, 17, 1, 4, 13 },
    { 0x04C8, 35606, 8, 14, 1, 7, 10 },
    { 0x04C9, 35662, 12, 16, 1, 4, 14 },
    { 0x04CA, 35758, 10, 13, 1, 7, 11 },
    { 0x04CB, 35823, 10, 17, 1, 4, 12 },
    { 0x04CC, 35908, 9, 15, 0, 6, 10 },
    { 0x04CD, 35976, 15, 16, 1, 4, 16 },
    { 0x04CE, 36096, 13, 13, 1, 7, 14 },
    { 0x04CF, 36181, 3, 13, 1, 4, 5 },
    { 0x04D0, 36201, 12, 16, 0, 1, 12 },
    { 0x04D1, 36297, 9, 13, 0, 4, 10 },
    { 0x04D2, 36356, 12, 16, 0, 1, 12 },
    { 0x04D3, 36452, 9, 14, 0, 3, 10 },
    { 0x04D4, 36515, 18, 13, -1, 4, 17 },
    { 0x04D5, 36632, 15, 10, 0, 7, 15 },
    { 0x04D6, 36707, 9, 16, 1, 1, 10 },
    { 0x04D7, 36779, 9, 13, 0, 4, 10 },
    { 0x04D8, 36838, 12, 13, 0, 4, 12 },
    { 0x04D9, 36916, 9, 10, 0, 7, 10 },
    { 0x04DA, 36961, 12, 16, 0, 1, 12 },
    { 0x04DB, 37057, 9, 14, 0, 3, 10 },
    { 0x04DC, 37120, 17, 17, 0, 0, 16 },
    { 0x04DD, 37265, 14, 14, 0, 3, 14 },
    { 0x04DE, 37363, 10, 17, 0, 0, 11 },
    { 0x04DF, 37448, 9, 14, 0, 3, 9 },
    { 0x04E0, 37511, 10, 13, 0, 4, 10 },
    { 0x04E1, 37576, 10, 13, 0, 7, 10 },
    { 0x04E2, 37641, 11, 16, 1, 1, 13 },
    { 0x04E3, 37729, 9, 13, 1, 4, 10 },
    { 0x04E4, 37788, 11, 17, 1, 0, 13 },
    { 0x04E5, 37882, 9, 14, 1, 3, 10 },
    { 0x04E6, 37945, 11, 16, 1, 1, 12 },
    { 0x04E7, 38033, 10, 14, 0, 3, 10 },
    { 0x04E8, 38103, 12, 13, 0, 4, 12 },
    { 0x04E9, 38181, 10, 10, 0, 7, 10 },
    { 0x04EA, 38231, 12, 16, 0, 1, 12 },
    { 0x04EB, 38327, 10, 14, 0, 3, 10 },
    { 0x04EC, 38397, 11, 17, 1, 0, 12 },
    { 0x04ED, 38491, 9, 14, 0, 3, 10 },
    { 0x04EE, 38554, 11, 16, 0, 1, 11 },
    { 0x04EF, 38642, 9, 18, 0, 3, 9 },
    { 0x04F0, 38723, 11, 17, 0, 0, 11 },
    { 0x04F1, 38817, 9, 18, 0, 3, 9 },
    { 0x04F2, 38898, 11, 17, 0, 0, 11 },
    { 0x04F3, 38992, 9, 19, 0, 2, 9 },
    { 0x04F4, 39078, 10, 17, 1, 0, 12 },
    { 0x04F5, 39163, 9, 14, 0, 3, 10 },
    { 0x04F6, 39226, 9, 17, 1, 4, 10 },
    { 0x04F7, 39303, 7, 14, 1, 7, 8 },
    { 0x04F8, 39352, 13, 17, 1, 0, 16 },
    { 0x04F9, 39463, 12, 14, 1, 3, 14 },
    { 0x04FA, 39547, 11, 17, 0, 4, 11 },
    { 0x04FB, 39641, 9, 14, 0, 7, 8 },
    { 0x04FC, 39704, 12, 17, 0, 4, 12 },
    { 0x04FD, 39806, 10, 14, 0, 7, 10 },
    { 0x04FE, 39876, 11, 13, 0, 4, 11 },
    { 0x04FF, 39948, 9, 10, 0, 7, 9 },
};

static const font_info_t roboto_title = {
    roboto_title_bitmaps,
    roboto_title_glyphs,
    sizeof(roboto_title_glyphs) / sizeof(font_glyph_t),
    22,
    17
};

/* Font: roboto_body */
static const uint8_t roboto_body_bitmaps[] = {
    0xE4, 0xE4, 0xE4, 0xE3, 0xE3, 0xD3, 0xD3, 0x00, 0xC3, 0x2C, 0x67, 0x2B, 0x66, 0x29, 0x65, 0x00,
    0x08, 0x60, 0xE0, 0x00, 0x0B, 0x22, 0xC0, 0x0A, 0xEF, 0xEF, 0xFC, 0x00, 0x2C, 0x08, 0x50, 0x00,
    0x59, 0x0B, 0x20, 0x00, 0x86, 0x0E, 0x00, 0x3E, 0xFF, 0xFF, 0xE5, 0x00, 0xE0, 0x59, 0x00, 0x02,
    0xC0, 0x85, 0x00, 0x00, 0x0A, 0x40, 0x00, 0x2B, 0xFF, 0x60, 0x0C, 0x91, 0x4F, 0x30, 0xE4, 0x00,
    0xB7, 0x0A, 0xC3, 0x00, 0x00, 0x08, 0xEC, 0x50, 0x00, 0x00, 0x6F, 0x54, 0xF0, 0x00, 0xA9, 0x0E,
    0x71, 0x3E, 0x60, 0x3C, 0xFF, 0x80, 0x00, 0x0C, 0x20, 0x00, 0x09, 0xCA, 0x00, 0x00, 0x04, 0xA0,
    0x85, 0x09, 0x10, 0x4A, 0x08, 0x64, 0x90, 0x00, 0xAC, 0xB1, 0xC1, 0x00, 0x00, 0x00, 0xA4, 0x00,
    0x00, 0x00, 0x49, 0x3C, 0xC5, 0x00, 0x1C, 0x0C, 0x20, 0xD0, 0x09, 0x40, 0xC2, 0x0D, 0x00, 0x00,
    0x04, 0xCC, 0x50, 0x00, 0xAE, 0xD3, 0x00, 0x08, 0xC0, 0x5D, 0x00, 0x08, 0xB0, 0x7B, 0x00, 0x01,
    0xFE, 0xD2, 0x00, 0x02, 0xFF, 0x30, 0x00, 0x1E, 0x55, 0xE2, 0xA7, 0x4E, 0x00, 0x8E, 0xF3, 0x2F,
    0x50, 0x2F, 0xF0, 0x04, 0xDF, 0xD8, 0xC9, 0x59, 0x59, 0x58, 0x00, 0x0A, 0x10, 0x09, 0x80, 0x03,
    0xD0, 0x00, 0xA7, 0x00, 0x0E, 0x30, 0x01, 0xF1, 0x00, 0x2F, 0x00, 0x01, 0xF1, 0x00, 0x0E, 0x30,
    0x00, 0x97, 0x00, 0x03, 0xD0, 0x00, 0x09, 0x70, 0x00, 0x0A, 0x10, 0x83, 0x00, 0x1E, 0x20, 0x07,
    0xA0, 0x01, 0xF1, 0x00, 0xC5, 0x00, 0xA8, 0x00, 0x99, 0x00, 0xA8, 0x00, 0xC6, 0x01, 0xF1, 0x06,
    0xA0, 0x1D, 0x20, 0x83, 0x00, 0x00, 0xA4, 0x00, 0x64, 0xA5, 0x62, 0x4A, 0xFE, 0x92, 0x07, 0xBD,
    0x10, 0x0B, 0x06, 0x60, 0x00, 0x0E, 0x40, 0x00, 0x00, 0xE4, 0x00, 0x01, 0x1F, 0x51, 0x18, 0xFF,
    0xFF, 0xFD, 0x00, 0x0E, 0x40, 0x00, 0x00, 0xE4, 0x00, 0x00, 0x0E, 0x40, 0x00, 0x3F, 0x4D, 0x84,
    0xBF, 0xF5, 0x04, 0x00, 0xE3, 0x00, 0x03, 0xC0, 0x00, 0x96, 0x00, 0x0E, 0x00, 0x05, 0xA0, 0x00,
    0xC3, 0x00, 0x2D, 0x00, 0x08, 0x70, 0x00, 0xE1, 0x00, 0x4B, 0x00, 0x0A, 0x50, 0x00, 0x02, 0xCF,
    0xD5, 0x00, 0xD8, 0x04, 0xF2, 0x2F, 0x00, 0x0B, 0x64, 0xE0, 0x00, 0xA8, 0x4E, 0x00, 0x09, 0x93,
    0xE0, 0x00, 0xA8, 0x2F, 0x00, 0x0B, 0x70, 0xD8, 0x04, 0xF2, 0x02, 0xCF, 0xD5, 0x00, 0x04, 0xA9,
    0xDC, 0xCA, 0x10, 0x8A, 0x00, 0x8A, 0x00, 0x8A, 0x00, 0x8A, 0x00, 0x8A, 0x00, 0x8A, 0x00, 0x8A,
    0x03, 0xCF, 0xE6, 0x01, 0xF6, 0x04, 0xF3, 0x5D, 0x00, 0x0D, 0x50, 0x00, 0x01, 0xF1, 0x00, 0x00,
    0xC7, 0x00, 0x00, 0xBA, 0x00, 0x00, 0xAA, 0x00, 0x00, 0x9A, 0x00, 0x00, 0x3F, 0xFF, 0xFF, 0xC0,
    0x03, 0xCF, 0xD5, 0x00, 0xE7, 0x04, 0xF1, 0x4F, 0x00, 0x0E, 0x40, 0x00, 0x05, 0xE1, 0x00, 0xBF,
    0xF5, 0x00, 0x00, 0x04, 0xF2, 0x4D, 0x00, 0x0C, 0x61, 0xE6, 0x03, 0xF3, 0x03, 0xCF, 0xD5, 0x00,
    0x00, 0x00, 0xFE, 0x00, 0x00, 0x08, 0xFB, 0x00, 0x00, 0x2E, 0x8B, 0x00, 0x00, 0xC5, 0x7B, 0x00,
    0x07, 0xA0, 0x7B, 0x00, 0x2E, 0x10, 0x7B, 0x00, 0x9F, 0xFF, 0xFF, 0xF0, 0x00, 0x00, 0x7B, 0x00,
    0x00, 0x00, 0x7B, 0x00, 0x4F, 0xFF, 0xF8, 0x6C, 0x11, 0x10, 0x79, 0x00, 0x00, 0x9D, 0xEE, 0x80,
    0x57, 0x14, 0xE6, 0x00, 0x00, 0x7B, 0xE3, 0x00, 0x7B, 0x9B, 0x12, 0xD6, 0x09, 0xEE, 0x80, 0x00,
    0x3B, 0xE5, 0x00, 0x3F, 0x71, 0x00, 0x0B, 0x70, 0x00, 0x00, 0xFA, 0xEE, 0x80, 0x1F, 0xA1, 0x2E,
    0x52, 0xF1, 0x00, 0x99, 0x0F, 0x20, 0x08, 0x90, 0xAB, 0x02, 0xE4, 0x00, 0xAF, 0xD7, 0x00, 0x7F,
    0xFF, 0xFF, 0xB0, 0x00, 0x00, 0xC5, 0x00, 0x00, 0x3E, 0x00, 0x00, 0x0B, 0x60, 0x00, 0x02, 0xE0,
    0x00, 0x00, 0xA8, 0x00, 0x00, 0x2F, 0x10, 0x00, 0x09, 0x90, 0x00, 0x01, 0xF2, 0x00, 0x00, 0x03,
    0xCF, 0xD6, 0x00, 0xD8, 0x04, 0xF2, 0x0F, 0x20, 0x0D, 0x50, 0xC8, 0x04, 0xF1, 0x02, 0xFF, 0xF7,
    0x00, 0xD7, 0x04, 0xE3, 0x3F, 0x00, 0x0A, 0x81, 0xF5, 0x02, 0xE6, 0x04, 0xDF, 0xE7, 0x00, 0x03,
    0xCF, 0xC2, 0x00, 0xE6, 0x07, 0xE0, 0x4D, 0x00, 0x0D, 0x44, 0xD0, 0x00, 0xF6, 0x1F, 0x60, 0x5F,
    0x60, 0x4D, 0xE9, 0xD5, 0x00, 0x00, 0x1F, 0x10, 0x00, 0x3C, 0x80, 0x01, 0xFD, 0x70, 0x00, 0x04,
    0x00, 0xE3, 0x00, 0x00, 0x00, 0x00, 0x00, 0x00, 0x04, 0x00, 0xE3, 0x04, 0x00, 0xE3, 0x00, 0x00,
    0x00, 0x00, 0x00, 0x00, 0x00, 0x03, 0xF0, 0x4D, 0x08, 0x40, 0x00, 0x00, 0x78, 0x00, 0x7E, 0xC4,
    0x7F, 0xA3, 0x00, 0x7F, 0xA3, 0x00, 0x00, 0x7E, 0xC4, 0x00, 0x00, 0x78, 0x00, 0x00, 0x00, 0x00,
    0xFF, 0xFF, 0xF4, 0x00, 0x00, 0x00, 0x00, 0xFF, 0xFF, 0xF4, 0x00, 0x00, 0x00, 0x00, 0x2B, 0x30,
    0x00, 0x00, 0x8E, 0xC4, 0x00, 0x00, 0x05, 0xCF, 0x30, 0x00, 0x5C, 0xF3, 0x08, 0xEC, 0x50, 0x02,
    0xB3, 0x00, 0x00, 0x08, 0xEF, 0xA0, 0x6D, 0x22, 0xD8, 0x00, 0x00, 0xA8, 0x00, 0x04, 0xE2, 0x00,
    0x3E, 0x30, 0x00, 0xA8, 0x00, 0x00, 0x00, 0x00, 0x00, 0x21, 0x00, 0x00, 0xA7, 0x00, 0x00, 0x03,
    0xBD, 0xDD, 0x60, 0x00, 0x06, 0xC3, 0x00, 0x07, 0xB0, 0x03, 0xC0, 0x00, 0x00, 0x07, 0x60, 0xA4,
    0x02, 0xCD, 0xE0, 0x1B, 0x0E, 0x00, 0xD3, 0x0F, 0x00, 0xC2, 0xB0, 0x5A, 0x00, 0xE0, 0x0C, 0x3A,
    0x07, 0x80, 0x3E, 0x00, 0xD2, 0xB0, 0x6A, 0x0C, 0xE0, 0x59, 0x0E, 0x01, 0xCE, 0x5B, 0xCB, 0x00,
    0x97, 0x00, 0x00, 0x00, 0x00, 0x00, 0xC6, 0x00, 0x01, 0x00, 0x00, 0x00, 0x8D, 0xDC, 0x90, 0x00,
    0x00, 0x08, 0xF0, 0x00, 0x00, 0x00, 0xEF, 0x50, 0x00, 0x00, 0x4D, 0x6C, 0x00, 0x00, 0x0A, 0x80,
    0xF2, 0x00, 0x01, 0xF2, 0x0A, 0x80, 0x00, 0x7C, 0x00, 0x4E, 0x00, 0x0F, 0xFF, 0xFF, 0xF5, 0x03,
    0xF0, 0x00, 0x08, 0xB0, 0x9A, 0x00, 0x00, 0x2F, 0x10, 0xEF, 0xFF, 0xC3, 0x0E, 0x40, 0x18, 0xE0,
    0xE4, 0x00, 0x2F, 0x1E, 0x40, 0x09, 0xC0, 0xEF, 0xFF, 0xF3, 0x0E, 0x40, 0x05, 0xE1, 0xE4, 0x00,
    0x0E, 0x4E, 0x40, 0x06, 0xF2, 0xFF, 0xFF, 0xD5, 0x00, 0x00, 0x6D, 0xFD, 0x60, 0x07, 0xE4, 0x04,
    0xE5, 0x0F, 0x40, 0x00, 0x8C, 0x2F, 0x00, 0x00, 0x00, 0x3F, 0x00, 0x00, 0x00, 0x2F, 0x00, 0x00,
    0x00, 0x0F, 0x40, 0x00, 0x8C, 0x07, 0xD3, 0x03, 0xE5, 0x00, 0x6E, 0xFD, 0x60, 0xFF, 0xFE, 0x90,
    0x0E, 0x50, 0x2A, 0xD0, 0xE4, 0x00, 0x0D, 0x6E, 0x40, 0x00, 0x8B, 0xE4, 0x00, 0x07, 0xCE, 0x40,
    0x00, 0x8B, 0xE4, 0x00, 0x0D, 0x6E, 0x40, 0x2A, 0xD0, 0xFF, 0xFE, 0x80, 0x00, 0xEF, 0xFF, 0xFE,
    0xE4, 0x00, 0x00, 0xE4, 0x00, 0x00, 0xE4, 0x00, 0x00, 0xEF, 0xFF, 0xF4, 0xE4, 0x00, 0x00, 0xE4,
    0x00, 0x00, 0xE4, 0x00, 0x00, 0xEF, 0xFF, 0xFF, 0xEF, 0xFF, 0xFC, 0xE4, 0x00, 0x00, 0xE4, 0x00,
    0x00, 0xE4, 0x00, 0x00, 0xEF, 0xFF, 0xF2, 0xE4, 0x00, 0x00, 0xE4, 0x00, 0x00, 0xE4, 0x00, 0x00,
    0xE4, 0x00, 0x00, 0x00, 0x7D, 0xFD, 0x60, 0x07, 0xD4, 0x04, 0xF5, 0x0F, 0x40, 0x00, 0x7C, 0x2F,
    0x10, 0x00, 0x00, 0x3F, 0x00, 0x7F, 0xFE, 0x2F, 0x10, 0x00, 0x5E, 0x0E, 0x50, 0x00, 0x5E, 0x06,
    0xE4, 0x01, 0xAD, 0x00, 0x5D, 0xFE, 0xA2, 0xE4, 0x00, 0x00, 0xF2, 0xE4, 0x00, 0x00, 0xF2, 0xE4,
    0x00, 0x00, 0xF2, 0xE4, 0x00, 0x00, 0xF2, 0xEF, 0xFF, 0xFF, 0xF2, 0xE4, 0x00, 0x00, 0xF2, 0xE4,
    0x00, 0x00, 0xF2, 0xE4, 0x00, 0x00, 0xF2, 0xE4, 0x00, 0x00, 0xF2, 0xD6, 0xD6, 0xD6, 0xD6, 0xD6,
    0xD6, 0xD6, 0xD6, 0xD6, 0x00, 0x00, 0x0F, 0x20, 0x00, 0x00, 0xF2, 0x00, 0x00, 0x0F, 0x20, 0x00,
    0x00, 0xF2, 0x00, 0x00, 0x0F, 0x20, 0x00, 0x00, 0xF2, 0x9A, 0x00, 0x1F, 0x25, 0xF3, 0x19, 0xE0,
    0x07, 0xEF, 0xC2, 0x00, 0xE4, 0x00, 0x2E, 0x60, 0xE4, 0x01, 0xE8, 0x00, 0xE4, 0x1D, 0x90, 0x00,
    0xE5, 0xDB, 0x00, 0x00, 0xFF, 0xFA, 0x00, 0x00, 0xFF, 0x2E, 0x60, 0x00, 0xF5, 0x04, 0xF3, 0x00,
    0xE4, 0x00, 0x7E, 0x10, 0xE4, 0x00, 0x0A, 0xB0, 0xE4, 0x00, 0x00, 0xE4, 0x00, 0x00, 0xE4, 0x00,
    0x00, 0xE4, 0x00, 0x00, 0xE4, 0x00, 0x00, 0xE4, 0x00, 0x00, 0xE4, 0x00, 0x00, 0xE4, 0x00, 0x00,
    0xEF, 0xFF, 0xFA, 0xFF, 0x00, 0x00, 0x08, 0xF4, 0xFF, 0x40, 0x00, 0x0E, 0xF4, 0xEB, 0xA0, 0x00,
    0x5D, 0xD4, 0xE5, 0xF1, 0x00, 0xB6, 0xE4, 0xE4, 0xA7, 0x02, 0xF0, 0xE4, 0xE4, 0x4E, 0x09, 0x90,
    0xF4, 0xE4, 0x0D, 0x5E, 0x20, 0xF4, 0xE4, 0x06, 0xFC, 0x00, 0xF4, 0xE4, 0x00, 0xF5, 0x00, 0xF4,
    0xEA, 0x00, 0x00, 0xF3, 0xEF, 0x40, 0x00, 0xF3, 0xEB, 0xE1, 0x00, 0xF3, 0xE4, 0xBA, 0x00, 0xF3,
    0xE4, 0x1F, 0x50, 0xF3, 0xE4, 0x06, 0xE1, 0xF3, 0xE4, 0x00, 0xBB, 0xF3, 0xE4, 0x00, 0x1F, 0xF3,
    0xE4, 0x00, 0x06, 0xF3, 0x00, 0x6D, 0xFD, 0x60, 0x00, 0x6E, 0x41, 0x5E, 0x50, 0x0E, 0x50, 0x00,
    0x6E, 0x03, 0xF0, 0x00, 0x02, 0xF2, 0x3F, 0x00, 0x00, 0x0F, 0x23, 0xF0, 0x00, 0x02, 0xF2, 0x0E,
    0x50, 0x00, 0x5E, 0x00, 0x6E, 0x41, 0x4E, 0x60, 0x00, 0x6D, 0xFD, 0x50, 0x00, 0xEF, 0xFF, 0xE8,
    0x0E, 0x40, 0x03, 0xE7, 0xE4, 0x00, 0x09, 0xAE, 0x40, 0x02, 0xD7, 0xEF, 0xFF, 0xE8, 0x0E, 0x40,
    0x00, 0x00, 0xE4, 0x00, 0x00, 0x0E, 0x40, 0x00, 0x00, 0xE4, 0x00, 0x00, 0x00, 0x00, 0x7D, 0xFD,
    0x50, 0x00, 0x7E, 0x41, 0x5F, 0x50, 0x0F, 0x40, 0x00, 0x6D, 0x03, 0xF0, 0x00, 0x02, 0xF1, 0x4E,
    0x00, 0x00, 0x1F, 0x13, 0xF0, 0x00, 0x02, 0xF1, 0x0F, 0x40, 0x00, 0x6D, 0x00, 0x7D, 0x41, 0x5E,
    0x50, 0x00, 0x6E, 0xFF, 0xD0, 0x00, 0x00, 0x00, 0x2E, 0x80, 0x00, 0x00, 0x00, 0x3B, 0x00, 0xEF,
    0xFF, 0xC5, 0x0E, 0x40, 0x06, 0xF2, 0xE4, 0x00, 0x0E, 0x5E, 0x40, 0x06, 0xF2, 0xEF, 0xFF, 0xF3,
    0x0E, 0x40, 0x4E, 0x00, 0xE4, 0x00, 0xC8, 0x0E, 0x40, 0x04, 0xF1, 0xE4, 0x00, 0x0C, 0x80, 0x02,
    0xBE, 0xEA, 0x10, 0x0E, 0x81, 0x1A, 0xB0, 0x2F, 0x10, 0x02, 0xF2, 0x0C, 0xB3, 0x00, 0x00, 0x00,
    0x7D, 0xE8, 0x00, 0x00, 0x00, 0x2A, 0xD0, 0x6D, 0x00, 0x01, 0xF2, 0x1E, 0x71, 0x17, 0xF0, 0x02,
    0xAE, 0xFB, 0x30, 0xBF, 0xFF, 0xFF, 0xF7, 0x00, 0x0B, 0x80, 0x00, 0x00, 0x0B, 0x70, 0x00, 0x00,
    0x0B, 0x70, 0x00, 0x00, 0x0B, 0x70, 0x00, 0x00, 0x0B, 0x70, 0x00, 0x00, 0x0B, 0x70, 0x00, 0x00,
    0x0B, 0x70, 0x00, 0x00, 0x0B, 0x70, 0x00, 0x1F, 0x10, 0x00, 0xA9, 0x1F, 0x10, 0x00, 0xA9, 0x1F,
    0x10, 0x00, 0xA9, 0x1F, 0x10, 0x00, 0xA9, 0x1F, 0x10, 0x00, 0xA9, 0x1F, 0x10, 0x00, 0xA9, 0x0F,
    0x20, 0x00, 0xB8, 0x0B, 0xB2, 0x06, 0xF2, 0x01, 0xAE, 0xFC, 0x40, 0xAB, 0x00, 0x00, 0x6E, 0x03,
    0xF1, 0x00, 0x0C, 0x80, 0x0D, 0x60, 0x01, 0xF2, 0x00, 0x7B, 0x00, 0x7C, 0x00, 0x01, 0xF1, 0x0D,
    0x60, 0x00, 0x0B, 0x72, 0xF0, 0x00, 0x00, 0x5C, 0x8A, 0x00, 0x00, 0x00, 0xFF, 0x40, 0x00, 0x00,
    0x0B, 0xF0, 0x00, 0x00, 0x7B, 0x00, 0x0F, 0x90, 0x01, 0xF1, 0x3F, 0x00, 0x1F, 0xC0, 0x05, 0xE0,
    0x0F, 0x30, 0x6B, 0xF1, 0x08, 0xA0, 0x0B, 0x60, 0xA6, 0xB5, 0x0C, 0x60, 0x07, 0xA0, 0xF1, 0x6A,
    0x0F, 0x20, 0x03, 0xE4, 0xC0, 0x1E, 0x4E, 0x00, 0x00, 0xFA, 0x70, 0x0D, 0xAA, 0x00, 0x00, 0xCF,
    0x20, 0x08, 0xF6, 0x00, 0x00, 0x8F, 0x00, 0x03, 0xF2, 0x00, 0x3F, 0x30, 0x01, 0xE6, 0x09, 0xC0,
    0x0A, 0xB0, 0x00, 0xE7, 0x4F, 0x20, 0x00, 0x4F, 0xE7, 0x00, 0x00, 0x0C, 0xF0, 0x00, 0x00, 0x5F,
    0xD8, 0x00, 0x01, 0xE6, 0x4F, 0x20, 0x0A, 0xC0, 0x09, 0xC0, 0x4F, 0x20, 0x01, 0xE7, 0xAC, 0x00,
    0x00, 0xE6, 0x1F, 0x40, 0x08, 0xD0, 0x07, 0xD0, 0x1F, 0x40, 0x00, 0xE5, 0x9B, 0x00, 0x00, 0x5E,
    0xF2, 0x00, 0x00, 0x0D, 0x90, 0x00, 0x00, 0x0B, 0x80, 0x00, 0x00, 0x0B, 0x80, 0x00, 0x00, 0x0B,
    0x80, 0x00, 0x5F, 0xFF, 0xFF, 0xF1, 0x00, 0x00, 0x0C, 0xA0, 0x00, 0x00, 0x7E, 0x00, 0x00, 0x03,
    0xF3, 0x00, 0x00, 0x0D, 0x80, 0x00, 0x00, 0x9C, 0x00, 0x00, 0x05, 0xF2, 0x00, 0x00, 0x1E, 0x60,
    0x00, 0x00, 0x7F, 0xFF, 0xFF, 0xF4, 0x1F, 0xF4, 0x1F, 0x10, 0x1F, 0x10, 0x1F, 0x10, 0x1F, 0x10,
    0x1F, 0x10, 0x1F, 0x10, 0x1F, 0x10, 0x1F, 0x10, 0x1F, 0x10, 0x1F, 0x10, 0x1F, 0x10, 0x1F, 0xF4,
    0x89, 0x00, 0x00, 0x2E, 0x00, 0x00, 0x0C, 0x50, 0x00, 0x06, 0xB0, 0x00, 0x00, 0xF1, 0x00, 0x00,
    0x97, 0x00, 0x00, 0x3D, 0x00, 0x00, 0x0D, 0x40, 0x00, 0x07, 0xA0, 0x00, 0x01, 0xF1, 0xEF, 0x70,
    0xB7, 0x0B, 0x70, 0xB7, 0x0B, 0x70, 0xB7, 0x0B, 0x70, 0xB7, 0x0B, 0x70, 0xB7, 0x0B, 0x70, 0xB7,
    0xEF, 0x70, 0x00, 0xF4, 0x00, 0x4F, 0xA0, 0x0A, 0x7E, 0x10, 0xF1, 0x97, 0x6A, 0x04, 0xD0, 0xFF,
    0xFF, 0xFD, 0x4F, 0x20, 0x6B, 0x04, 0xCF, 0xD4, 0x00, 0xF5, 0x06, 0xF0, 0x00, 0x00, 0x1F, 0x10,
    0x5D, 0xDE, 0xF2, 0x2F, 0x20, 0x1F, 0x23, 0xF3, 0x19, 0xF2, 0x07, 0xEE, 0x8F, 0x40, 0x1F, 0x10,
    0x00, 0x01, 0xF1, 0x00, 0x00, 0x1F, 0x10, 0x00, 0x01, 0xF8, 0xEE, 0x70, 0x1F, 0x91, 0x4F, 0x41,
    0xF1, 0x00, 0x99, 0x1F, 0x10, 0x07, 0xA1, 0xF1, 0x00, 0x99, 0x1F, 0x91, 0x3F, 0x41, 0xF7, 0xEE,
    0x70, 0x02, 0xCF, 0xE7, 0x00, 0xE7, 0x03, 0xE3, 0x4E, 0x00, 0x00, 0x06, 0xC0, 0x00, 0x00, 0x4E,
    0x00, 0x00, 0x00, 0xE7, 0x02, 0xE3, 0x02, 0xCF, 0xD5, 0x00, 0x00, 0x00, 0x0C, 0x60, 0x00, 0x00,
    0xC6, 0x00, 0x00, 0x0C, 0x60, 0x3C, 0xFA, 0xD6, 0x0E, 0x80, 0x4F, 0x64, 0xE0, 0x00, 0xF6, 0x5C,
    0x00, 0x0F, 0x74, 0xE0, 0x00, 0xF6, 0x0E, 0x70, 0x4F, 0x60, 0x3C, 0xFA, 0xC6, 0x02, 0xBF, 0xD3,
    0x00, 0xD7, 0x05, 0xE0, 0x4E, 0x00, 0x0D, 0x46, 0xFF, 0xFF, 0xF6, 0x4E, 0x00, 0x00, 0x00, 0xE8,
    0x01, 0xA1, 0x02, 0xBE, 0xE7, 0x00, 0x00, 0xAF, 0x70, 0x6D, 0x10, 0x08, 0xA0, 0x08, 0xFF, 0xE1,
    0x08, 0xA0, 0x00, 0x8A, 0x00, 0x08, 0xA0, 0x00, 0x8A, 0x00, 0x08, 0xA0, 0x00, 0x8A, 0x00, 0x03,
    0xCF, 0xAC, 0x60, 0xE8, 0x04, 0xF6, 0x4E, 0x00, 0x0F, 0x65, 0xD0, 0x00, 0xF7, 0x4E, 0x00, 0x0F,
    0x60, 0xE7, 0x04, 0xF6, 0x03, 0xCF, 0xAD, 0x60, 0x00, 0x00, 0xD5, 0x09, 0x30, 0x5F, 0x10, 0x5D,
    0xFD, 0x40, 0x1F, 0x10, 0x00, 0x01, 0xF1, 0x00, 0x00, 0x1F, 0x10, 0x00, 0x01, 0xF7, 0xDE, 0x80,
    0x1F, 0xA1, 0x4F, 0x21, 0xF1, 0x00, 0xE4, 0x1F, 0x10, 0x0E, 0x41, 0xF1, 0x00, 0xE4, 0x1F, 0x10,
    0x0E, 0x41, 0xF1, 0x00, 0xE4, 0x03, 0x00, 0xE2, 0x00, 0x00, 0xF2, 0x0F, 0x20, 0xF2, 0x0F, 0x20,
    0xF2, 0x0F, 0x20, 0xF2, 0x00, 0x30, 0x01, 0xE1, 0x00, 0x00, 0x01, 0xF1, 0x01, 0xF1, 0x01, 0xF1,
    0x01, 0xF1, 0x01, 0xF1, 0x01, 0xF1, 0x01, 0xF1, 0x01, 0xF1, 0x03, 0xF0, 0x6F, 0x80, 0x1F, 0x10,
    0x00, 0x01, 0xF1, 0x00, 0x00, 0x1F, 0x10, 0x00, 0x01, 0xF1, 0x09, 0xC0, 0x1F, 0x18, 0xD1, 0x01,
    0xF8, 0xF1, 0x00, 0x1F, 0xFF, 0x10, 0x01, 0xF4, 0xAB, 0x00, 0x1F, 0x10, 0xD7, 0x01, 0xF1, 0x03,
    0xF3, 0x0F, 0x20, 0xF2, 0x0F, 0x20, 0xF2, 0x0F, 0x20, 0xF2, 0x0F, 0x20, 0xF2, 0x0F, 0x20, 0xF2,
    0x2F, 0x7E, 0xE7, 0x5D, 0xFA, 0x02, 0xF8, 0x04, 0xFD, 0x12, 0xE5, 0x2F, 0x10, 0x0F, 0x70, 0x0A,
    0x72, 0xF1, 0x00, 0xE4, 0x00, 0xA8, 0x2F, 0x10, 0x0E, 0x40, 0x0A, 0x82, 0xF1, 0x00, 0xE4, 0x00,
    0xA8, 0x2F, 0x10, 0x0E, 0x40, 0x0A, 0x80, 0x1F, 0x6D, 0xE8, 0x01, 0xFA, 0x14, 0xF2, 0x1F, 0x10,
    0x0E, 0x41, 0xF1, 0x00, 0xE4, 0x1F, 0x10, 0x0E, 0x41, 0xF1, 0x00, 0xE4, 0x1F, 0x10, 0x0E, 0x40,
    0x02, 0xBF, 0xE5, 0x00, 0xD8, 0x03, 0xE4, 0x4E, 0x00, 0x08, 0xB6, 0xC0, 0x00, 0x5D, 0x4E, 0x00,
    0x08, 0xB0, 0xD7, 0x03, 0xE4, 0x02, 0xBF, 0xD6, 0x00, 0x1F, 0x8E, 0xE7, 0x01, 0xF8, 0x04, 0xF4,
    0x1F, 0x10, 0x0A, 0x91, 0xF1, 0x00, 0x8A, 0x1F, 0x10, 0x0A, 0x91, 0xF8, 0x03, 0xF3, 0x1F, 0x9E,
    0xE7, 0x01, 0xF1, 0x00, 0x00, 0x1F, 0x10, 0x00, 0x01, 0xF1, 0x00, 0x00, 0x03, 0xCF, 0xBC, 0x60,
    0xE7, 0x03, 0xF6, 0x4E, 0x00, 0x0F, 0x65, 0xC0, 0x00, 0xF8, 0x4E, 0x00, 0x0F, 0x60, 0xE7, 0x04,
    0xF6, 0x03, 0xCF, 0xBD, 0x60, 0x00, 0x00, 0xC6, 0x00, 0x00, 0x0C, 0x60, 0x00, 0x00, 0xC6, 0x1F,
    0x8E, 0x31, 0xFA, 0x20, 0x1F, 0x10, 0x01, 0xF1, 0x00, 0x1F, 0x10, 0x01, 0xF1, 0x00, 0x1F, 0x10,
    0x00, 0x05, 0xDF, 0xC3, 0x00, 0xF4, 0x08, 0xD0, 0x0F, 0x60, 0x02, 0x00, 0x3B, 0xEB, 0x30, 0x13,
    0x00, 0x7F, 0x03, 0xF3, 0x05, 0xE0, 0x06, 0xDF, 0xD4, 0x00, 0x0B, 0x70, 0x0B, 0x70, 0xDF, 0xFB,
    0x0B, 0x70, 0x0B, 0x70, 0x0B, 0x70, 0x0B, 0x70, 0x0A, 0x90, 0x03, 0xEC, 0x2F, 0x00, 0x0E, 0x42,
    0xF0, 0x00, 0xE4, 0x2F, 0x00, 0x0E, 0x42, 0xF0, 0x00, 0xF4, 0x1F, 0x10, 0x0F, 0x40, 0xF6, 0x06,
    0xF4, 0x05, 0xEE, 0x9E, 0x40, 0x99, 0x00, 0x4E, 0x04, 0xE0, 0x09, 0x80, 0x0E, 0x30, 0xE2, 0x00,
    0x88, 0x4D, 0x00, 0x03, 0xE9, 0x70, 0x00, 0x0D, 0xF2, 0x00, 0x00, 0x9F, 0x00, 0x00, 0x99, 0x00,
    0xF9, 0x00, 0xD5, 0x4D, 0x01, 0xFC, 0x01, 0xF0, 0x0F, 0x15, 0x9E, 0x15, 0xC0, 0x0B, 0x5A, 0x49,
    0x69, 0x70, 0x07, 0xAE, 0x04, 0xBD, 0x20, 0x02, 0xFA, 0x00, 0xFE, 0x00, 0x00, 0xF6, 0x00, 0xEC,
    0x00, 0x5E, 0x10, 0x9C, 0x00, 0xA9, 0x3F, 0x20, 0x01, 0xED, 0x70, 0x00, 0x09, 0xF0, 0x00, 0x02,
    0xFC, 0x80, 0x00, 0xC8, 0x2F, 0x30, 0x6E, 0x00, 0x7C, 0x00, 0xB9, 0x00, 0x6D, 0x5E, 0x00, 0xB7,
    0x0F, 0x30, 0xF2, 0x0A, 0x84, 0xD0, 0x04, 0xD9, 0x70, 0x00, 0xEF, 0x20, 0x00, 0xCF, 0x00, 0x00,
    0xA7, 0x00, 0x03, 0xE1, 0x00, 0x6E, 0x60, 0x00, 0x6F, 0xFF, 0xFF, 0x00, 0x00, 0x1E, 0x50, 0x00,
    0x0B, 0x90, 0x00, 0x07, 0xD0, 0x00, 0x03, 0xF2, 0x00, 0x01, 0xE6, 0x00, 0x00, 0x6F, 0xFF, 0xFF,
    0x00, 0x00, 0x3C, 0x10, 0x0F, 0x40, 0x03, 0xF0, 0x00, 0x4E, 0x00, 0x07, 0xC0, 0x0E, 0xF3, 0x00,
    0x0A, 0xA0, 0x00, 0x4E, 0x00, 0x03, 0xF0, 0x00, 0x2F, 0x00, 0x00, 0xE5, 0x00, 0x02, 0xC2, 0xE1,
    0xE1, 0xE1, 0xE1, 0xE1, 0xE1, 0xE1, 0xE1, 0xE1, 0xE1, 0xE1, 0xA8, 0x00, 0x0D, 0x60, 0x09, 0x90,
    0x08, 0xA0, 0x06, 0xD0, 0x00, 0xDF, 0x04, 0xE1, 0x08, 0xA0, 0x08, 0xA0, 0x09, 0x80, 0x1E, 0x40,
    0xA7, 0x00, 0x04, 0xED, 0x20, 0x0F, 0x0D, 0x45, 0xE3, 0x6B, 0x1E, 0x00, 0x4E, 0xD2, 0x00, 0x00,
    0x00, 0x00, 0x24, 0x44, 0x40, 0x66, 0x11, 0xA2, 0x55, 0x01, 0x72, 0x52, 0x35, 0x32, 0x50, 0x65,
    0x32, 0x50, 0x92, 0x32, 0x50, 0x65, 0x32, 0x53, 0x25, 0x42, 0x56, 0x00, 0x82, 0x79, 0x55, 0xD2,
    0x24, 0x44, 0x40, 0x66, 0x11, 0xA2, 0x55, 0x01, 0x72, 0x52, 0x35, 0x32, 0x50, 0x65, 0x32, 0x50,
    0x92, 0x32, 0x50, 0x65, 0x32, 0x53, 0x25, 0x42, 0x56, 0x00, 0x82, 0x79, 0x55, 0xD2, 0x24, 0x44,
    0x40, 0x66, 0x11, 0xA2, 0x55, 0x01, 0x72, 0x52, 0x35, 0x32, 0x50, 0x65, 0x32, 0x50, 0x92, 0x32,
    0x50, 0x65, 0x32, 0x53, 0x25, 0x42, 0x56, 0x00, 0x82, 0x79, 0x55, 0xD2, 0x24, 0x44, 0x40, 0x66,
    0x11, 0xA2, 0x55, 0x01, 0x72, 0x52, 0x35, 0x32, 0x50, 0x65, 0x32, 0x50, 0x92, 0x32, 0x50, 0x65,
    0x32, 0x53, 0x25, 0x42, 0x56, 0x00, 0x82, 0x79, 0x55, 0xD2, 0x24, 0x44, 0x40, 0x66, 0x11, 0xA2,
    0x55, 0x01, 0x72, 0x52, 0x35, 0x32, 0x50, 0x65, 0x32, 0x50, 0x92, 0x32, 0x50, 0x65, 0x32, 0x53,
    0x25, 0x42, 0x56, 0x00, 0x82, 0x79, 0x55, 0xD2, 0x24, 0x44, 0x40, 0x66, 0x11, 0xA2, 0x55, 0x01,
    0x72, 0x52, 0x35, 0x32, 0x50, 0x65, 0x32, 0x50, 0x92, 0x32, 0x50, 0x65, 0x32, 0x53, 0x25, 0x42,
    0x56, 0x00, 0x82, 0x79, 0x55, 0xD2, 0x24, 0x44, 0x40, 0x66, 0x11, 0xA2, 0x55, 0x01, 0x72, 0x52,
    0x35, 0x32, 0x50, 0x65, 0x32, 0x50, 0x92, 0x32, 0x50, 0x65, 0x32, 0x53, 0x25, 0x42, 0x56, 0x00,
    0x82, 0x79, 0x55, 0xD2, 0x24, 0x44, 0x40, 0x66, 0x11, 0xA2, 0x55, 0x01, 0x72, 0x52, 0x35, 0x32,
    0x50, 0x65, 0x32, 0x50, 0x92, 0x32, 0x50, 0x65, 0x32, 0x53, 0x25, 0x42, 0x56, 0x00, 0x82, 0x79,
    0x55, 0xD2, 0x24, 0x44, 0x40, 0x66, 0x11, 0xA2, 0x55, 0x01, 0x72, 0x52, 0x35, 0x32, 0x50, 0x65,
    0x32, 0x50, 0x92, 0x32, 0x50, 0x65, 0x32, 0x53, 0x25, 0x42, 0x56, 0x00, 0x82, 0x79, 0x55, 0xD2,
    0x24, 0x44, 0x40, 0x66, 0x11, 0xA2, 0x55, 0x01, 0x72, 0x52, 0x35, 0x32, 0x50, 0x65, 0x32, 0x50,
    0x92, 0x32, 0x50, 0x65, 0x32, 0x53, 0x25, 0x42, 0x56, 0x00, 0x82, 0x79, 0x55, 0xD2, 0x24, 0x44,
    0x40, 0x66, 0x11, 0xA2, 0x55, 0x01, 0x72, 0x52, 0x35, 0x32, 0x50, 0x65, 0x32, 0x50, 0x92, 0x32,
    0x50, 0x65, 0x32, 0x53, 0x25, 0x42, 0x56, 0x00, 0x82, 0x79, 0x55, 0xD2, 0x24, 0x44, 0x40, 0x66,
    0x11, 0xA2, 0x55, 0x01, 0x72, 0x52, 0x35, 0x32, 0x50, 0x65, 0x32, 0x50, 0x92, 0x32, 0x50, 0x65,
    0x32, 0x53, 0x25, 0x42, 0x56, 0x00, 0x82, 0x79, 0x55, 0xD2, 0x24, 0x44, 0x40, 0x66, 0x11, 0xA2,
    0x55, 0x01, 0x72, 0x52, 0x35, 0x32, 0x50, 0x65, 0x32, 0x50, 0x92, 0x32, 0x50, 0x65, 0x32, 0x53,
    0x25, 0x42, 0x56, 0x00, 0x82, 0x79, 0x55, 0xD2, 0x24, 0x44, 0x40, 0x66, 0x11, 0xA2, 0x55, 0x01,
    0x72, 0x52, 0x35, 0x32, 0x50, 0x65, 0x32, 0x50, 0x92, 0x32, 0x50, 0x65, 0x32, 0x53, 0x25, 0x42,
    0x56, 0x00, 0x82, 0x79, 0x55, 0xD2, 0x24, 0x44, 0x40, 0x66, 0x11, 0xA2, 0x55, 0x01, 0x72, 0x52,
    0x35, 0x32, 0x50, 0x65, 0x32, 0x50, 0x92, 0x32, 0x50, 0x65, 0x32, 0x53, 0x25, 0x42, 0x56, 0x00,
    0x82, 0x79, 0x55, 0xD2, 0x24, 0x44, 0x40, 0x66, 0x11, 0xA2, 0x55, 0x01, 0x72, 0x52, 0x35, 0x32,
    0x50, 0x65, 0x32, 0x50, 0x92, 0x32, 0x50, 0x65, 0x32, 0x53, 0x25, 0x42, 0x56, 0x00, 0x82, 0x79,
    0x55, 0xD2, 0x24, 0x44, 0x40, 0x66, 0x11, 0xA2, 0x55, 0x01, 0x72, 0x52, 0x35, 0x32, 0x50, 0x65,
    0x32, 0x50, 0x92, 0x32, 0x50, 0x65, 0x32, 0x53, 0x25, 0x42, 0x56, 0x00, 0x82, 0x79, 0x55, 0xD2,
    0x24, 0x44, 0x40, 0x66, 0x11, 0xA2, 0x55, 0x01, 0x72, 0x52, 0x35, 0x32, 0x50, 0x65, 0x32, 0x50,
    0x92, 0x32, 0x50, 0x65, 0x32, 0x53, 0x25, 0x42, 0x56, 0x00, 0x82, 0x79, 0x55, 0xD2, 0x24, 0x44,
    0x40, 0x66, 0x11, 0xA2, 0x55, 0x01, 0x72, 0x52, 0x35, 0x32, 0x50, 0x65, 0x32, 0x50, 0x92, 0x32,
    0x50, 0x65, 0x32, 0x53, 0x25, 0x42, 0x56, 0x00, 0x82, 0x79, 0x55, 0xD2, 0x24, 0x44, 0x40, 0x66,
    0x11, 0xA2, 0x55, 0x01, 0x72, 0x52, 0x35, 0x32, 0x50, 0x65, 0x32, 0x50, 0x92, 0x32, 0x50, 0x65,
    0x32, 0x53, 0x25, 0x42, 0x56, 0x00, 0x82, 0x79, 0x55, 0xD2, 0x24, 0x44, 0x40, 0x66, 0x11, 0xA2,
    0x55, 0x01, 0x72, 0x52, 0x35, 0x32, 0x50, 0x65, 0x32, 0x50, 0x92, 0x32, 0x50, 0x65, 0x32, 0x53,
    0x25, 0x42, 0x56, 0x00, 0x82, 0x79, 0x55, 0xD2, 0x24, 0x44, 0x40, 0x66, 0x11, 0xA2, 0x55, 0x01,
    0x72, 0x52, 0x35, 0x32, 0x50, 0x65, 0x32, 0x50, 0x92, 0x32, 0x50, 0x65, 0x32, 0x53, 0x25, 0x42,
    0x56, 0x00, 0x82, 0x79, 0x55, 0xD2, 0x24, 0x44, 0x40, 0x66, 0x11, 0xA2, 0x55, 0x01, 0x72, 0x52,
    0x35, 0x32, 0x50, 0x65, 0x32, 0x50, 0x92, 0x32, 0x50, 0x65, 0x32, 0x53, 0x25, 0x42, 0x56, 0x00,
    0x82, 0x79, 0x55, 0xD2, 0x24, 0x44, 0x40, 0x66, 0x11, 0xA2, 0x55, 0x01, 0x72, 0x52, 0x35, 0x32,
    0x50, 0x65, 0x32, 0x50, 0x92, 0x32, 0x50, 0x65, 0x32, 0x53, 0x25, 0x42, 0x56, 0x00, 0x82, 0x79,
    0x55, 0xD2, 0x24, 0x44, 0x40, 0x66, 0x11, 0xA2, 0x55, 0x01, 0x72, 0x52, 0x35, 0x32, 0x50, 0x65,
    0x32, 0x50, 0x92, 0x32, 0x50, 0x65, 0x32, 0x53, 0x25, 0x42, 0x56, 0x00, 0x82, 0x79, 0x55, 0xD2,
    0x24, 0x44, 0x40, 0x66, 0x11, 0xA2, 0x55, 0x01, 0x72, 0x52, 0x35, 0x32, 0x50, 0x65, 0x32, 0x50,
    0x92, 0x32, 0x50, 0x65, 0x32, 0x53, 0x25, 0x42, 0x56, 0x00, 0x82, 0x79, 0x55, 0xD2, 0x24, 0x44,
    0x40, 0x66, 0x11, 0xA2, 0x55, 0x01, 0x72, 0x52, 0x35, 0x32, 0x50, 0x65, 0x32, 0x50, 0x92, 0x32,
    0x50, 0x65, 0x32, 0x53, 0x25, 0x42, 0x56, 0x00, 0x82, 0x79, 0x55, 0xD2, 0x24, 0x44, 0x40, 0x66,
    0x11, 0xA2, 0x55, 0x01, 0x72, 0x52, 0x35, 0x32, 0x50, 0x65, 0x32, 0x50, 0x92, 0x32, 0x50, 0x65,
    0x32, 0x53, 0x25, 0x42, 0x56, 0x00, 0x82, 0x79, 0x55, 0xD2, 0x24, 0x44, 0x40, 0x66, 0x11, 0xA2,
    0x55, 0x01, 0x72, 0x52, 0x35, 0x32, 0x50, 0x65, 0x32, 0x50, 0x92, 0x32, 0x50, 0x65, 0x32, 0x53,
    0x25, 0x42, 0x56, 0x00, 0x82, 0x79, 0x55, 0xD2, 0x24, 0x44, 0x40, 0x66, 0x11, 0xA2, 0x55, 0x01,
    0x72, 0x52, 0x35, 0x32, 0x50, 0x65, 0x32, 0x50, 0x92, 0x32, 0x50, 0x65, 0x32, 0x53, 0x25, 0x42,
    0x56, 0x00, 0x82, 0x79, 0x55, 0xD2, 0x24, 0x44, 0x40, 0x66, 0x11, 0xA2, 0x55, 0x01, 0x72, 0x52,
    0x35, 0x32, 0x50, 0x65, 0x32, 0x50, 0x92, 0x32, 0x50, 0x65, 0x32, 0x53, 0x25, 0x42, 0x56, 0x00,
    0x82, 0x79, 0x55, 0xD2, 0x24, 0x44, 0x40, 0x66, 0x11, 0xA2, 0x55, 0x01, 0x72, 0x52, 0x35, 0x32,
    0x50, 0x65, 0x32, 0x50, 0x92, 0x32, 0x50, 0x65, 0x32, 0x53, 0x25, 0x42, 0x56, 0x00, 0x82, 0x79,
    0x55, 0xD2, 0x0D, 0x20, 0x00, 0x0E, 0x20, 0xF2, 0x0F, 0x20, 0xF2, 0x0F, 0x30, 0xF3, 0x0F, 0x30,
    0x00, 0x0E, 0x40, 0x00, 0x2B, 0xFF, 0x70, 0x0D, 0x80, 0x2E, 0x53, 0xF0, 0x00, 0x00, 0x4D, 0x00,
    0x00, 0x03, 0xF0, 0x00, 0x00, 0x0D, 0x80, 0x2E, 0x40, 0x2B, 0xFF, 0x60, 0x00, 0x0E, 0x40, 0x00,
    0x00, 0x6D, 0xFC, 0x20, 0x03, 0xF4, 0x1A, 0xC0, 0x06, 0xD0, 0x02, 0x70, 0x06, 0xC0, 0x00, 0x00,
    0x6F, 0xFF, 0xD0, 0x00, 0x05, 0xD0, 0x00, 0x00, 0x05, 0xE0, 0x00, 0x00, 0x08, 0xB0, 0x00, 0x00,
    0x6F, 0xFF, 0xFF, 0xF2, 0x1C, 0x5C, 0xFD, 0x6A, 0x50, 0xEF, 0x72, 0x4F, 0xF2, 0x0D, 0x60, 0x00,
    0x2F, 0x20, 0xF1, 0x00, 0x00, 0xB6, 0x1F, 0x10, 0x00, 0x0C, 0x60, 0xC6, 0x00, 0x02, 0xF2, 0x0C,
    0xF7, 0x24, 0xFF, 0x11, 0xE6, 0xCF, 0xE7, 0xC6, 0x00, 0x00, 0x00, 0x00, 0x00, 0xAB, 0x00, 0x0D,
    0x71, 0xF3, 0x06, 0xE0, 0x08, 0xB0, 0xD5, 0x00, 0x1E, 0x9D, 0x00, 0x2C, 0xFF, 0xFC, 0x00, 0x03,
    0xF0, 0x00, 0x2C, 0xFF, 0xCC, 0x00, 0x03, 0xF0, 0x00, 0x00, 0x3F, 0x00, 0x00, 0x1F, 0x11, 0xF1,
    0x1F, 0x11, 0xF1, 0x1F, 0x10, 0x00, 0x1F, 0x11, 0xF1, 0x1F, 0x11, 0xF1, 0x1F, 0x10, 0x02, 0xBE,
    0xFB, 0x20, 0x0E, 0x70, 0x1A, 0xD0, 0x0F, 0x20, 0x01, 0xB0, 0x0A, 0xF8, 0x20, 0x00, 0x0D, 0xFD,
    0xFC, 0x30, 0x5D, 0x00, 0x07, 0xF1, 0x2F, 0x50, 0x00, 0xF3, 0x05, 0xDE, 0xEF, 0xB0, 0x00, 0x03,
    0xBF, 0x80, 0x49, 0x00, 0x04, 0xE0, 0x2F, 0x60, 0x19, 0xC0, 0x04, 0xCF, 0xEB, 0x20, 0x03, 0x01,
    0x23, 0xD0, 0x79, 0x00, 0x3A, 0xCC, 0xB4, 0x00, 0x04, 0xC2, 0x00, 0x1A, 0x60, 0x0C, 0x17, 0xDD,
    0x80, 0xC2, 0x47, 0x1D, 0x00, 0xD0, 0x47, 0x65, 0x2B, 0x00, 0x00, 0x29, 0x47, 0x1D, 0x00, 0xD0,
    0x47, 0x0C, 0x16, 0xDD, 0x70, 0xC1, 0x04, 0xC2, 0x00, 0x1A, 0x60, 0x00, 0x3A, 0xCC, 0xB4, 0x00,
    0x06, 0xED, 0x40, 0x71, 0x4B, 0x04, 0xAE, 0xD0, 0xF2, 0x5D, 0x0A, 0xDC, 0xE0, 0x00, 0xC2, 0xC2,
    0x09, 0x79, 0x70, 0x2F, 0x3F, 0x00, 0x09, 0x79, 0x70, 0x00, 0xC2, 0xC2, 0x3F, 0xFF, 0xFF, 0x10,
    0x00, 0x01, 0xF1, 0x00, 0x00, 0x1F, 0x10, 0x00, 0x3B, 0xCC, 0xB4, 0x00, 0x04, 0xC2, 0x00, 0x1A,
    0x60, 0x0C, 0x1C, 0xDC, 0x80, 0xC2, 0x47, 0x0C, 0x20, 0xE0, 0x47, 0x65, 0x0D, 0xFF, 0x90, 0x28,
    0x47, 0x0C, 0x21, 0xE0, 0x57, 0x0C, 0x1C, 0x20, 0xD1, 0xC1, 0x03, 0xC2, 0x00, 0x1A, 0x60, 0x00,
    0x3B, 0xCC, 0xB4, 0x00, 0x1E, 0xEE, 0xE2, 0x09, 0xD8, 0x01, 0xB0, 0xD0, 0x09, 0xD8, 0x00, 0x00,
    0x0F, 0x20, 0x00, 0x00, 0xF2, 0x00, 0x00, 0x0F, 0x20, 0x05, 0xFF, 0xFF, 0xF6, 0x00, 0x0F, 0x20,
    0x00, 0x00, 0xF2, 0x00, 0x00, 0x03, 0x00, 0x02, 0xFF, 0xFF, 0xF2, 0x1C, 0xD9, 0x05, 0x50, 0xF1,
    0x00, 0x8A, 0x00, 0x89, 0x00, 0x6F, 0xDD, 0x40, 0x3C, 0xD9, 0x00, 0x00, 0xE1, 0x04, 0xFA, 0x00,
    0x00, 0xE2, 0x5D, 0xDA, 0x00, 0x04, 0xE1, 0x0D, 0x30, 0x0F, 0x20, 0x0C, 0x60, 0xF2, 0x00, 0xC6,
    0x0F, 0x20, 0x0C, 0x60, 0xF2, 0x00, 0xE6, 0x0F, 0x50, 0x0F, 0x60, 0xFB, 0x03, 0xF6, 0x0F, 0xDF,
    0xBC, 0x60, 0xF2, 0x00, 0x00, 0x0F, 0x20, 0x00, 0x00, 0xF2, 0x00, 0x00, 0x05, 0xDF, 0xF4, 0x3F,
    0xFF, 0xF4, 0x8F, 0xFF, 0xF4, 0x8F, 0xFF, 0xF4, 0x3F, 0xFF, 0xF4, 0x05, 0xDF, 0xF4, 0x00, 0x00,
    0xE4, 0x00, 0x00, 0xE4, 0x00, 0x00, 0xE4, 0x04, 0x00, 0xE4, 0x1E, 0x30, 0x4A, 0x2C, 0x40, 0x17,
    0xD2, 0x15, 0xE2, 0x00, 0xD2, 0x00, 0xD2, 0x00, 0xD2, 0x06, 0xEE, 0x40, 0x1F, 0x12, 0xF0, 0x3D,
    0x00, 0xE1, 0x1F, 0x12, 0xF0, 0x06, 0xEE, 0x50, 0x2C, 0x2C, 0x00, 0x09, 0x69, 0x60, 0x01, 0xF3,
    0xF2, 0x03, 0xC4, 0xC1, 0x1C, 0x3C, 0x10, 0x07, 0xD2, 0x00, 0x00, 0x00, 0x16, 0xE2, 0x00, 0x74,
    0x00, 0x00, 0xD2, 0x02, 0xC0, 0x00, 0x00, 0xD2, 0x0C, 0x20, 0x00, 0x00, 0xD2, 0x87, 0x0D, 0xF0,
    0x00, 0x03, 0xB0, 0x5D, 0xC0, 0x00, 0x0C, 0x21, 0xC4, 0xC0, 0x00, 0x56, 0x09, 0xEF, 0xF5, 0x00,
    0x00, 0x00, 0x03, 0xC0, 0x07, 0xD2, 0x00, 0x00, 0x00, 0x16, 0xE2, 0x00, 0x74, 0x00, 0x00, 0xD2,
    0x02, 0xC0, 0x00, 0x00, 0xD2, 0x0C, 0x20, 0x00, 0x00, 0xD2, 0x89, 0xCD, 0x90, 0x00, 0x03, 0xB5,
    0x50, 0xF1, 0x00, 0x0C, 0x20, 0x08, 0xA0, 0x00, 0x56, 0x00, 0x99, 0x00, 0x00, 0x00, 0x06, 0xFD,
    0xD4, 0x2C, 0xD9, 0x00, 0x00, 0x00, 0x33, 0x0E, 0x10, 0x07, 0x40, 0x04, 0xFA, 0x00, 0x2C, 0x00,
    0x43, 0x0E, 0x20, 0xC2, 0x00, 0x3C, 0xDA, 0x08, 0x7D, 0xF0, 0x00, 0x00, 0x3B, 0x5D, 0xC0, 0x00,
    0x00, 0xC3, 0xC4, 0xC0, 0x00, 0x05, 0x69, 0xEF, 0xF5, 0x00, 0x00, 0x00, 0x03, 0xC0, 0x00, 0x69,
    0x00, 0x00, 0x00, 0x00, 0x00, 0x7A, 0x00, 0x01, 0xD6, 0x00, 0x0B, 0xA0, 0x00, 0x5E, 0x00, 0x00,
    0x8A, 0x00, 0x00, 0x6E, 0x21, 0xC8, 0x09, 0xFE, 0x90, 0x00, 0x4F, 0x20, 0x00, 0x00, 0x00, 0x6B,
    0x00, 0x00, 0x00, 0x00, 0x00, 0x00, 0x00, 0x00, 0x8F, 0x00, 0x00, 0x00, 0x0E, 0xF5, 0x00, 0x00,
    0x04, 0xD6, 0xC0, 0x00, 0x00, 0xA8, 0x0F, 0x20, 0x00, 0x1F, 0x20, 0xA8, 0x00, 0x07, 0xC0, 0x04,
    0xE0, 0x00, 0xFF, 0xFF, 0xFF, 0x50, 0x3F, 0x00, 0x00, 0x8B, 0x09, 0xA0, 0x00, 0x02, 0xF1, 0x00,
    0x00, 0x4E, 0x10, 0x00, 0x00, 0x0D, 0x30, 0x00, 0x00, 0x00, 0x00, 0x00, 0x00, 0x00, 0x8F, 0x00,
    0x00, 0x00, 0x0E, 0xF5, 0x00, 0x00, 0x04, 0xD6, 0xC0, 0x00, 0x00, 0xA8, 0x0F, 0x20, 0x00, 0x1F,
    0x20, 0xA8, 0x00, 0x07, 0xC0, 0x04, 0xE0, 0x00, 0xFF, 0xFF, 0xFF, 0x50, 0x3F, 0x00, 0x00, 0x8B,
    0x09, 0xA0, 0x00, 0x02, 0xF1, 0x00, 0x0B, 0xB0, 0x00, 0x00, 0x09, 0x77, 0x90, 0x00, 0x00, 0x00,
    0x00, 0x00, 0x00, 0x00, 0x8F, 0x00, 0x00, 0x00, 0x0E, 0xF5, 0x00, 0x00, 0x04, 0xD6, 0xC0, 0x00,
    0x00, 0xA8, 0x0F, 0x20, 0x00, 0x1F, 0x20, 0xA8, 0x00, 0x07, 0xC0, 0x04, 0xE0, 0x00, 0xFF, 0xFF,
    0xFF, 0x50, 0x3F, 0x00, 0x00, 0x8B, 0x09, 0xA0, 0x00, 0x02, 0xF1, 0x00, 0xAC, 0x1A, 0x30, 0x00,
    0x2B, 0x1C, 0xB0, 0x00, 0x00, 0x00, 0x00, 0x00, 0x00, 0x00, 0x8F, 0x00, 0x00, 0x00, 0x0E, 0xF5,
    0x00, 0x00, 0x04, 0xD6, 0xC0, 0x00, 0x00, 0xA8, 0x0F, 0x20, 0x00, 0x1F, 0x20, 0xA8, 0x00, 0x07,
    0xC0, 0x04, 0xE0, 0x00, 0xFF, 0xFF, 0xFF, 0x50, 0x3F, 0x00, 0x00, 0x8B, 0x09, 0xA0, 0x00, 0x02,
    0xF1, 0x00, 0x03, 0x01, 0x20, 0x00, 0x03, 0xD0, 0x79, 0x00, 0x00, 0x00, 0x00, 0x00, 0x00, 0x00,
    0x8F, 0x00, 0x00, 0x00, 0x0E, 0xF5, 0x00, 0x00, 0x04, 0xD6, 0xC0, 0x00, 0x00, 0xA8, 0x0F, 0x20,
    0x00, 0x1F, 0x20, 0xA8, 0x00, 0x07, 0xC0, 0x04, 0xE0, 0x00, 0xFF, 0xFF, 0xFF, 0x50, 0x3F, 0x00,
    0x00, 0x8B, 0x09, 0xA0, 0x00, 0x02, 0xF1, 0x00, 0x09, 0xA2, 0x00, 0x00, 0x02, 0x73, 0x70, 0x00,
    0x00, 0x0A, 0xA2, 0x00, 0x00, 0x00, 0x00, 0x00, 0x00, 0x00, 0x08, 0xF0, 0x00, 0x00, 0x00, 0xEF,
    0x50, 0x00, 0x00, 0x4D, 0x6C, 0x00, 0x00, 0x0A, 0x80, 0xF2, 0x00, 0x01, 0xF2, 0x0A, 0x80, 0x00,
    0x7C, 0x00, 0x4E, 0x00, 0x0F, 0xFF, 0xFF, 0xF5, 0x03, 0xF0, 0x00, 0x08, 0xB0, 0x9A, 0x00, 0x00,
    0x2F, 0x10, 0x00, 0x00, 0x00, 0xDF, 0xFF, 0xFF, 0x80, 0x00, 0x00, 0x6D, 0xF2, 0x00, 0x00, 0x00,
    0x00, 0x1F, 0x3F, 0x30, 0x00, 0x00, 0x00, 0x0A, 0xA0, 0xE4, 0x00, 0x00, 0x00, 0x04, 0xF1, 0x0D,
    0xFF, 0xFF, 0x00, 0x00, 0xF8, 0x22, 0xF5, 0x00, 0x00, 0x00, 0x8F, 0xFF, 0xFF, 0x70, 0x00, 0x00,
    0x2F, 0x30, 0x00, 0xB6, 0x00, 0x00, 0x0C, 0xA0, 0x00, 0x0B, 0xFF, 0xFF, 0xE0, 0x00, 0x6D, 0xFD,
    0x60, 0x07, 0xE4, 0x04, 0xE5, 0x0F, 0x40, 0x00, 0x8C, 0x2F, 0x00, 0x00, 0x00, 0x3F, 0x00, 0x00,
    0x00, 0x2F, 0x00, 0x00, 0x00, 0x0F, 0x40, 0x00, 0x8C, 0x07, 0xD3, 0x03, 0xE5, 0x00, 0x6E, 0xFD,
    0x60, 0x00, 0x01, 0xE3, 0x00, 0x00, 0x00, 0x4A, 0x00, 0x00, 0x02, 0xC4, 0x00, 0x04, 0xF2, 0x00,
    0x00, 0x6B, 0x00, 0x00, 0x00, 0x00, 0xEF, 0xFF, 0xFE, 0xE4, 0x00, 0x00, 0xE4, 0x00, 0x00, 0xE4,
    0x00, 0x00, 0xEF, 0xFF, 0xF4, 0xE4, 0x00, 0x00, 0xE4, 0x00, 0x00, 0xE4, 0x00, 0x00, 0xEF, 0xFF,
    0xFF, 0x00, 0x04, 0xE1, 0x00, 0x0D, 0x30, 0x00, 0x00, 0x00, 0xEF, 0xFF, 0xFE, 0xE4, 0x00, 0x00,
    0xE4, 0x00, 0x00, 0xE4, 0x00, 0x00, 0xEF, 0xFF, 0xF4, 0xE4, 0x00, 0x00, 0xE4, 0x00, 0x00, 0xE4,
    0x00, 0x00, 0xEF, 0xFF, 0xFF, 0x00, 0xBB, 0x00, 0x09, 0x77, 0x90, 0x00, 0x00, 0x00, 0xEF, 0xFF,
    0xFE, 0xE4, 0x00, 0x00, 0xE4, 0x00, 0x00, 0xE4, 0x00, 0x00, 0xEF, 0xFF, 0xF4, 0xE4, 0x00, 0x00,
    0xE4, 0x00, 0x00, 0xE4, 0x00, 0x00, 0xEF, 0xFF, 0xFF, 0x03, 0x01, 0x20, 0x3D, 0x07, 0x90, 0x00,
    0x00, 0x00, 0xEF, 0xFF, 0xFE, 0xE4, 0x00, 0x00, 0xE4, 0x00, 0x00, 0xE4, 0x00, 0x00, 0xEF, 0xFF,
    0xF4, 0xE4, 0x00, 0x00, 0xE4, 0x00, 0x00, 0xE4, 0x00, 0x00, 0xEF, 0xFF, 0xFF, 0x4F, 0x20, 0x06,
    0xB0, 0x00, 0x00, 0x00, 0xD6, 0x00, 0xD6, 0x00, 0xD6, 0x00, 0xD6, 0x00, 0xD6, 0x00, 0xD6, 0x00,
    0xD6, 0x00, 0xD6, 0x00, 0xD6, 0x04, 0xE1, 0x0D, 0x30, 0x00, 0x00, 0x0D, 0x60, 0x0D, 0x60, 0x0D,
    0x60, 0x0D, 0x60, 0x0D, 0x60, 0x0D, 0x60, 0x0D, 0x60, 0x0D, 0x60, 0x0D, 0x60, 0x0B, 0xB0, 0x97,
    0x79, 0x00, 0x00, 0x0D, 0x60, 0x0D, 0x60, 0x0D, 0x60, 0x0D, 0x60, 0x0D, 0x60, 0x0D, 0x60, 0x0D,
    0x60, 0x0D, 0x60, 0x0D, 0x60, 0x03, 0x01, 0x23, 0xD0, 0x79, 0x00, 0x00, 0x00, 0x0D, 0x60, 0x00,
    0xD6, 0x00, 0x0D, 0x60, 0x00, 0xD6, 0x00, 0x0D, 0x60, 0x00, 0xD6, 0x00, 0x0D, 0x60, 0x00, 0xD6,
    0x00, 0x0D, 0x60, 0x0F, 0xFF, 0xFA, 0x10, 0x0B, 0x80, 0x28, 0xF2, 0x0B, 0x70, 0x00, 0xAA, 0x0B,
    0x70, 0x00, 0x5E, 0xBF, 0xFF, 0x40, 0x4F, 0x0B, 0x70, 0x00, 0x5E, 0x0B, 0x70, 0x00, 0xAA, 0x0B,
    0x70, 0x18, 0xE2, 0x0E, 0xFF, 0xEA, 0x10, 0x00, 0xAC, 0x1A, 0x30, 0x02, 0xB1, 0xCB, 0x00, 0x00,
    0x00, 0x00, 0x00, 0xEA, 0x00, 0x00, 0xF3, 0xEF, 0x40, 0x00, 0xF3, 0xEB, 0xE1, 0x00, 0xF3, 0xE4,
    0xBA, 0x00, 0xF3, 0xE4, 0x1F, 0x50, 0xF3, 0xE4, 0x06, 0xE1, 0xF3, 0xE4, 0x00, 0xBB, 0xF3, 0xE4,
    0x00, 0x1F, 0xF3, 0xE4, 0x00, 0x06, 0xF3, 0x00, 0x4F, 0x20, 0x00, 0x00, 0x00, 0x6B, 0x00, 0x00,
    0x00, 0x00, 0x00, 0x00, 0x00, 0x06, 0xDF, 0xD6, 0x00, 0x06, 0xE4, 0x15, 0xE5, 0x00, 0xE5, 0x00,
    0x06, 0xE0, 0x3F, 0x00, 0x00, 0x2F, 0x23, 0xF0, 0x00, 0x00, 0xF2, 0x3F, 0x00, 0x00, 0x2F, 0x20,
    0xE5, 0x00, 0x05, 0xE0, 0x06, 0xE4, 0x14, 0xE6, 0x00, 0x06, 0xDF, 0xD5, 0x00, 0x00, 0x00, 0x4E,
    0x10, 0x00, 0x00, 0x0D, 0x30, 0x00, 0x00, 0x00, 0x00, 0x00, 0x00, 0x06, 0xDF, 0xD6, 0x00, 0x06,
    0xE4, 0x15, 0xE5, 0x00, 0xE5, 0x00, 0x06, 0xE0, 0x3F, 0x00, 0x00, 0x2F, 0x23, 0xF0, 0x00, 0x00,
    0xF2, 0x3F, 0x00, 0x00, 0x2F, 0x20, 0xE5, 0x00, 0x05, 0xE0, 0x06, 0xE4, 0x14, 0xE6, 0x00, 0x06,
    0xDF, 0xD5, 0x00, 0x00, 0x00, 0xBB, 0x00, 0x00, 0x00, 0x97, 0x79, 0x00, 0x00, 0x00, 0x00, 0x00,
    0x00, 0x06, 0xDF, 0xD6, 0x00, 0x06, 0xE4, 0x15, 0xE5, 0x00, 0xE5, 0x00, 0x06, 0xE0, 0x3F, 0x00,
    0x00, 0x2F, 0x23, 0xF0, 0x00, 0x00, 0xF2, 0x3F, 0x00, 0x00, 0x2F, 0x20, 0xE5, 0x00, 0x05, 0xE0,
    0x06, 0xE4, 0x14, 0xE6, 0x00, 0x06, 0xDF, 0xD5, 0x00, 0x00, 0xAC, 0x1A, 0x30, 0x00, 0x2B, 0x1C,
    0xB0, 0x00, 0x00, 0x00, 0x00, 0x00, 0x00, 0x06, 0xDF, 0xD6, 0x00, 0x06, 0xE4, 0x15, 0xE5, 0x00,
    0xE5, 0x00, 0x06, 0xE0, 0x3F, 0x00, 0x00, 0x2F, 0x23, 0xF0, 0x00, 0x00, 0xF2, 0x3F, 0x00, 0x00,
    0x2F, 0x20, 0xE5, 0x00, 0x05, 0xE0, 0x06, 0xE4, 0x14, 0xE6, 0x00, 0x06, 0xDF, 0xD5, 0x00, 0x00,
    0x03, 0x01, 0x20, 0x00, 0x03, 0xD0, 0x79, 0x00, 0x00, 0x00, 0x00, 0x00, 0x00, 0x06, 0xDF, 0xD6,
    0x00, 0x06, 0xE4, 0x15, 0xE5, 0x00, 0xE5, 0x00, 0x06, 0xE0, 0x3F, 0x00, 0x00, 0x2F, 0x23, 0xF0,
    0x00, 0x00, 0xF2, 0x3F, 0x00, 0x00, 0x2F, 0x20, 0xE5, 0x00, 0x05, 0xE0, 0x06, 0xE4, 0x14, 0xE6,
    0x00, 0x06, 0xDF, 0xD5, 0x00, 0x2B, 0x00, 0x1B, 0x10, 0xBB, 0x1D, 0x90, 0x00, 0xDF, 0xA0, 0x00,
    0x0D, 0xFA, 0x00, 0x0B, 0xB1, 0xD9, 0x02, 0xB0, 0x01, 0xB1, 0x00, 0x00, 0x00, 0x02, 0x00, 0x06,
    0xDF, 0xD7, 0xC0, 0x06, 0xE4, 0x14, 0xF9, 0x00, 0xE5, 0x00, 0x6E, 0xE0, 0x3F, 0x00, 0x1C, 0x2F,
    0x13, 0xF0, 0x0A, 0x30, 0xF2, 0x2F, 0x05, 0x80, 0x2F, 0x20, 0xE6, 0xC0, 0x05, 0xE0, 0x06, 0xF8,
    0x14, 0xE6, 0x00, 0x5F, 0xDF, 0xD5, 0x00, 0x05, 0x00, 0x00, 0x00, 0x00, 0x00, 0x4F, 0x20, 0x00,
    0x00, 0x06, 0xB0, 0x00, 0x00, 0x00, 0x00, 0x00, 0x1F, 0x10, 0x00, 0xA9, 0x1F, 0x10, 0x00, 0xA9,
    0x1F, 0x10, 0x00, 0xA9, 0x1F, 0x10, 0x00, 0xA9, 0x1F, 0x10, 0x00, 0xA9, 0x1F, 0x10, 0x00, 0xA9,
    0x0F, 0x20, 0x00, 0xB8, 0x0B, 0xB2, 0x06, 0xF2, 0x01, 0xAE, 0xFC, 0x40, 0x00, 0x00, 0x4E, 0x10,
    0x00, 0x00, 0xD3, 0x00, 0x00, 0x00, 0x00, 0x00, 0x1F, 0x10, 0x00, 0xA9, 0x1F, 0x10, 0x00, 0xA9,
    0x1F, 0x10, 0x00, 0xA9, 0x1F, 0x10, 0x00, 0xA9, 0x1F, 0x10, 0x00, 0xA9, 0x1F, 0x10, 0x00, 0xA9,
    0x0F, 0x20, 0x00, 0xB8, 0x0B, 0xB2, 0x06, 0xF2, 0x01, 0xAE, 0xFC, 0x40, 0x00, 0x0B, 0xB0, 0x00,
    0x00, 0x97, 0x79, 0x00, 0x00, 0x00, 0x00, 0x00, 0x1F, 0x10, 0x00, 0xA9, 0x1F, 0x10, 0x00, 0xA9,
    0x1F, 0x10, 0x00, 0xA9, 0x1F, 0x10, 0x00, 0xA9, 0x1F, 0x10, 0x00, 0xA9, 0x1F, 0x10, 0x00, 0xA9,
    0x0F, 0x20, 0x00, 0xB8, 0x0B, 0xB2, 0x06, 0xF2, 0x01, 0xAE, 0xFC, 0x40, 0x00, 0x03, 0x01, 0x20,
    0x00, 0x3D, 0x07, 0x90, 0x00, 0x00, 0x00, 0x00, 0x1F, 0x10, 0x00, 0xA9, 0x1F, 0x10, 0x00, 0xA9,
    0x1F, 0x10, 0x00, 0xA9, 0x1F, 0x10, 0x00, 0xA9, 0x1F, 0x10, 0x00, 0xA9, 0x1F, 0x10, 0x00, 0xA9,
    0x0F, 0x20, 0x00, 0xB8, 0x0B, 0xB2, 0x06, 0xF2, 0x01, 0xAE, 0xFC, 0x40, 0x00, 0x00, 0x4E, 0x10,
    0x00, 0x00, 0xD3, 0x00, 0x00, 0x00, 0x00, 0x00, 0xAC, 0x00, 0x00, 0xE6, 0x1F, 0x40, 0x08, 0xD0,
    0x07, 0xD0, 0x1F, 0x40, 0x00, 0xE5, 0x9B, 0x00, 0x00, 0x5E, 0xF2, 0x00, 0x00, 0x0D, 0x90, 0x00,
    0x00, 0x0B, 0x80, 0x00, 0x00, 0x0B, 0x80, 0x00, 0x00, 0x0B, 0x80, 0x00, 0xF3, 0x00, 0x00, 0x0F,
    0x30, 0x00, 0x00, 0xFF, 0xFF, 0xB2, 0x0F, 0x30, 0x09, 0xD0, 0xF3, 0x00, 0x2F, 0x0F, 0x30, 0x09,
    0xD0, 0xFF, 0xFF, 0xB2, 0x0F, 0x30, 0x00, 0x00, 0xF3, 0x00, 0x00, 0x00, 0x03, 0xCF, 0xC2, 0x00,
    0x0D, 0x70, 0x9A, 0x00, 0x0F, 0x10, 0x6B, 0x00, 0x1F, 0x10, 0xC6, 0x00, 0x1F, 0x12, 0xF0, 0x00,
    0x1F, 0x10, 0xE6, 0x00, 0x1F, 0x10, 0x2E, 0x70, 0x1F, 0x10, 0x02, 0xF1, 0x1F, 0x13, 0x04, 0xF1,
    0x1F, 0x1C, 0xFD, 0x50, 0x04, 0xF2, 0x00, 0x00, 0x06, 0xB0, 0x00, 0x00, 0x00, 0x00, 0x00, 0x4C,
    0xFD, 0x40, 0x0F, 0x50, 0x6F, 0x00, 0x00, 0x01, 0xF1, 0x05, 0xDD, 0xEF, 0x22, 0xF2, 0x01, 0xF2,
    0x3F, 0x31, 0x9F, 0x20, 0x7E, 0xE8, 0xF4, 0x00, 0x04, 0xE1, 0x00, 0x00, 0xD3, 0x00, 0x00, 0x00,
    0x00, 0x00, 0x4C, 0xFD, 0x40, 0x0F, 0x50, 0x6F, 0x00, 0x00, 0x01, 0xF1, 0x05, 0xDD, 0xEF, 0x22,
    0xF2, 0x01, 0xF2, 0x3F, 0x31, 0x9F, 0x20, 0x7E, 0xE8, 0xF4, 0x00, 0x0B, 0xB0, 0x00, 0x09, 0x77,
    0x90, 0x00, 0x00, 0x00, 0x00, 0x4C, 0xFD, 0x40, 0x0F, 0x50, 0x6F, 0x00, 0x00, 0x01, 0xF1, 0x05,
    0xDD, 0xEF, 0x22, 0xF2, 0x01, 0xF2, 0x3F, 0x31, 0x9F, 0x20, 0x7E, 0xE8, 0xF4, 0x00, 0xAC, 0x1A,
    0x30, 0x2B, 0x1C, 0xB0, 0x00, 0x00, 0x00, 0x00, 0x4C, 0xFD, 0x40, 0x0F, 0x50, 0x6F, 0x00, 0x00,
    0x01, 0xF1, 0x05, 0xDD, 0xEF, 0x22, 0xF2, 0x01, 0xF2, 0x3F, 0x31, 0x9F, 0x20, 0x7E, 0xE8, 0xF4,
    0x00, 0x30, 0x12, 0x00, 0x3D, 0x07, 0x90, 0x00, 0x00, 0x00, 0x00, 0x4C, 0xFD, 0x40, 0x0F, 0x50,
    0x6F, 0x00, 0x00, 0x01, 0xF1, 0x05, 0xDD, 0xEF, 0x22, 0xF2, 0x01, 0xF2, 0x3F, 0x31, 0x9F, 0x20,
    0x7E, 0xE8, 0xF4, 0x00, 0x09, 0xA2, 0x00, 0x02, 0x73, 0x70, 0x00, 0x0A, 0xA2, 0x00, 0x00, 0x00,
    0x00, 0x04, 0xCF, 0xD4, 0x00, 0xF5, 0x06, 0xF0, 0x00, 0x00, 0x1F, 0x10, 0x5D, 0xDE, 0xF2, 0x2F,
    0x20, 0x1F, 0x23, 0xF3, 0x19, 0xF2, 0x07, 0xEE, 0x8F, 0x40, 0x06, 0xDF, 0xC3, 0xAE, 0xD5, 0x02,
    0xF4, 0x09, 0xF9, 0x03, 0xF2, 0x01, 0x00, 0x5F, 0x00, 0x0B, 0x70, 0x7C, 0xDF, 0xFE, 0xEE, 0xF8,
    0x5E, 0x30, 0x4F, 0x10, 0x00, 0x06, 0xD1, 0x0B, 0xFA, 0x10, 0x51, 0x0A, 0xFE, 0xA2, 0x9E, 0xEB,
    0x20, 0x02, 0xCF, 0xE7, 0x00, 0xE7, 0x03, 0xE3, 0x4E, 0x00, 0x00, 0x06, 0xC0, 0x00, 0x00, 0x4E,
    0x00, 0x00, 0x00, 0xE7, 0x02, 0xE3, 0x02, 0xCF, 0xD5, 0x00, 0x01, 0xE3, 0x00, 0x00, 0x04, 0xA0,
    0x00, 0x02, 0xC4, 0x00, 0x04, 0xF2, 0x00, 0x00, 0x06, 0xB0, 0x00, 0x00, 0x00, 0x00, 0x00, 0x2B,
    0xFD, 0x30, 0x0D, 0x70, 0x5E, 0x04, 0xE0, 0x00, 0xD4, 0x6F, 0xFF, 0xFF, 0x64, 0xE0, 0x00, 0x00,
    0x0E, 0x80, 0x1A, 0x10, 0x2B, 0xEE, 0x70, 0x00, 0x04, 0xE1, 0x00, 0x00, 0xD3, 0x00, 0x00, 0x00,
    0x00, 0x00, 0x2B, 0xFD, 0x30, 0x0D, 0x70, 0x5E, 0x04, 0xE0, 0x00, 0xD4, 0x6F, 0xFF, 0xFF, 0x64,
    0xE0, 0x00, 0x00, 0x0E, 0x80, 0x1A, 0x10, 0x2B, 0xEE, 0x70, 0x00, 0x0B, 0xB0, 0x00, 0x09, 0x77,
    0x90, 0x00, 0x00, 0x00, 0x00, 0x2B, 0xFD, 0x30, 0x0D, 0x70, 0x5E, 0x04, 0xE0, 0x00, 0xD4, 0x6F,
    0xFF, 0xFF, 0x64, 0xE0, 0x00, 0x00, 0x0E, 0x80, 0x1A, 0x10, 0x2B, 0xEE, 0x70, 0x00, 0x30, 0x12,
    0x00, 0x3D, 0x07, 0x90, 0x00, 0x00, 0x00, 0x00, 0x2B, 0xFD, 0x30, 0x0D, 0x70, 0x5E, 0x04, 0xE0,
    0x00, 0xD4, 0x6F, 0xFF, 0xFF, 0x64, 0xE0, 0x00, 0x00, 0x0E, 0x80, 0x1A, 0x10, 0x2B, 0xEE, 0x70,
    0x4F, 0x20, 0x06, 0xB0, 0x00, 0x00, 0x00, 0xF2, 0x00, 0xF2, 0x00, 0xF2, 0x00, 0xF2, 0x00, 0xF2,
    0x00, 0xF2, 0x00, 0xF2, 0x04, 0xE1, 0x0D, 0x30, 0x00, 0x00, 0x0F, 0x20, 0x0F, 0x20, 0x0F, 0x20,
    0x0F, 0x20, 0x0F, 0x20, 0x0F, 0x20, 0x0F, 0x20, 0x0B, 0xB0, 0x97, 0x79, 0x00, 0x00, 0x0F, 0x20,
    0x0F, 0x20, 0x0F, 0x20, 0x0F, 0x20, 0x0F, 0x20, 0x0F, 0x20, 0x0F, 0x20, 0x17, 0x03, 0x52, 0x90,
    0x57, 0x00, 0x00, 0x00, 0x0F, 0x20, 0x00, 0xF2, 0x00, 0x0F, 0x20, 0x00, 0xF2, 0x00, 0x0F, 0x20,
    0x00, 0xF2, 0x00, 0x0F, 0x20, 0x03, 0xD7, 0x05, 0x00, 0x05, 0xEF, 0xB0, 0x00, 0x3D, 0xFC, 0x00,
    0x02, 0x21, 0xE4, 0x01, 0xBF, 0xDC, 0xA0, 0xC9, 0x01, 0xFC, 0x1F, 0x10, 0x07, 0xD1, 0xF1, 0x00,
    0x8A, 0x0C, 0xA0, 0x3E, 0x40, 0x1A, 0xED, 0x60, 0x00, 0xAC, 0x1A, 0x30, 0x2B, 0x1C, 0xB0, 0x00,
    0x00, 0x00, 0x01, 0xF6, 0xDE, 0x80, 0x1F, 0xA1, 0x4F, 0x21, 0xF1, 0x00, 0xE4, 0x1F, 0x10, 0x0E,
    0x41, 0xF1, 0x00, 0xE4, 0x1F, 0x10, 0x0E, 0x41, 0xF1, 0x00, 0xE4, 0x04, 0xF2, 0x00, 0x00, 0x06,
    0xB0, 0x00, 0x00, 0x00, 0x00, 0x00, 0x2B, 0xFE, 0x50, 0x0D, 0x80, 0x3E, 0x44, 0xE0, 0x00, 0x8B,
    0x6C, 0x00, 0x05, 0xD4, 0xE0, 0x00, 0x8B, 0x0D, 0x70, 0x3E, 0x40, 0x2B, 0xFD, 0x60, 0x00, 0x04,
    0xE1, 0x00, 0x00, 0xD3, 0x00, 0x00, 0x00, 0x00, 0x00, 0x2B, 0xFE, 0x50, 0x0D, 0x80, 0x3E, 0x44,
    0xE0, 0x00, 0x8B, 0x6C, 0x00, 0x05, 0xD4, 0xE0, 0x00, 0x8B, 0x0D, 0x70, 0x3E, 0x40, 0x2B, 0xFD,
    0x60, 0x00, 0x0B, 0xB0, 0x00, 0x09, 0x77, 0x90, 0x00, 0x00, 0x00, 0x00, 0x2B, 0xFE, 0x50, 0x0D,
    0x80, 0x3E, 0x44, 0xE0, 0x00, 0x8B, 0x6C, 0x00, 0x05, 0xD4, 0xE0, 0x00, 0x8B, 0x0D, 0x70, 0x3E,
    0x40, 0x2B, 0xFD, 0x60, 0x00, 0xAC, 0x1A, 0x30, 0x2B, 0x1C, 0xB0, 0x00, 0x00, 0x00, 0x00, 0x2B,
    0xFE, 0x50, 0x0D, 0x80, 0x3E, 0x44, 0xE0, 0x00, 0x8B, 0x6C, 0x00, 0x05, 0xD4, 0xE0, 0x00, 0x8B,
    0x0D, 0x70, 0x3E, 0x40, 0x2B, 0xFD, 0x60, 0x00, 0x30, 0x12, 0x00, 0x3D, 0x07, 0x90, 0x00, 0x00,
    0x00, 0x00, 0x2B, 0xFE, 0x50, 0x0D, 0x80, 0x3E, 0x44, 0xE0, 0x00, 0x8B, 0x6C, 0x00, 0x05, 0xD4,
    0xE0, 0x00, 0x8B, 0x0D, 0x70, 0x3E, 0x40, 0x2B, 0xFD, 0x60, 0x00, 0x04, 0x00, 0x00, 0x00, 0xE4,
    0x00, 0x00, 0x00, 0x00, 0x08, 0xFF, 0xFF, 0xFC, 0x00, 0x00, 0x00, 0x00, 0x00, 0xE4, 0x00, 0x00,
    0x04, 0x00, 0x00, 0x00, 0x00, 0x0B, 0x00, 0x2B, 0xFF, 0xE0, 0x0D, 0x80, 0xEF, 0x44, 0xE0, 0x29,
    0x8A, 0x6C, 0x0A, 0x25, 0xC4, 0xE2, 0xA0, 0x8A, 0x0D, 0xF3, 0x3E, 0x40, 0x3F, 0xFD, 0x60, 0x08,
    0x40, 0x00, 0x00, 0x04, 0xF2, 0x00, 0x00, 0x06, 0xB0, 0x00, 0x00, 0x00, 0x00, 0x02, 0xF0, 0x00,
    0xE4, 0x2F, 0x00, 0x0E, 0x42, 0xF0, 0x00, 0xE4, 0x2F, 0x00, 0x0F, 0x41, 0xF1, 0x00, 0xF4, 0x0F,
    0x60, 0x6F, 0x40, 0x5E, 0xE9, 0xE4, 0x00, 0x04, 0xE1, 0x00, 0x00, 0xD3, 0x00, 0x00, 0x00, 0x00,
    0x02, 0xF0, 0x00, 0xE4, 0x2F, 0x00, 0x0E, 0x42, 0xF0, 0x00, 0xE4, 0x2F, 0x00, 0x0F, 0x41, 0xF1,
    0x00, 0xF4, 0x0F, 0x60, 0x6F, 0x40, 0x5E, 0xE9, 0xE4, 0x00, 0x0B, 0xB0, 0x00, 0x09, 0x77, 0x90,
    0x00, 0x00, 0x00, 0x02, 0xF0, 0x00, 0xE4, 0x2F, 0x00, 0x0E, 0x42, 0xF0, 0x00, 0xE4, 0x2F, 0x00,
    0x0F, 0x41, 0xF1, 0x00, 0xF4, 0x0F, 0x60, 0x6F, 0x40, 0x5E, 0xE9, 0xE4, 0x01, 0x70, 0x35, 0x00,
    0x29, 0x05, 0x70, 0x00, 0x00, 0x00, 0x02, 0xF0, 0x00, 0xE4, 0x2F, 0x00, 0x0E, 0x42, 0xF0, 0x00,
    0xE4, 0x2F, 0x00, 0x0F, 0x41, 0xF1, 0x00, 0xF4, 0x0F, 0x60, 0x6F, 0x40, 0x5E, 0xE9, 0xE4, 0x00,
    0x04, 0xE1, 0x00, 0x0D, 0x30, 0x00, 0x00, 0x00, 0xB9, 0x00, 0x6D, 0x5E, 0x00, 0xB7, 0x0F, 0x30,
    0xF2, 0x0A, 0x84, 0xD0, 0x04, 0xD9, 0x70, 0x00, 0xEF, 0x20, 0x00, 0xCF, 0x00, 0x00, 0xA7, 0x00,
    0x03, 0xE1, 0x00, 0x6E, 0x60, 0x00, 0x0F, 0x20, 0x00, 0x00, 0xF2, 0x00, 0x00, 0x0F, 0x20, 0x00,
    0x00, 0xF9, 0xEE, 0x80, 0x0F, 0xA1, 0x4F, 0x50, 0xF2, 0x00, 0x9A, 0x0F, 0x20, 0x07, 0xB0, 0xF2,
    0x00, 0x9A, 0x0F, 0x90, 0x3E, 0x40, 0xF9, 0xEE, 0x70, 0x0F, 0x20, 0x00, 0x00, 0xF2, 0x00, 0x00,
    0x0F, 0x20, 0x00, 0x00, 0x01, 0x70, 0x35, 0x02, 0x90, 0x57, 0x00, 0x00, 0x00, 0xB9, 0x00, 0x6D,
    0x5E, 0x00, 0xB7, 0x0F, 0x30, 0xF2, 0x0A, 0x84, 0xD0, 0x04, 0xD9, 0x70, 0x00, 0xEF, 0x20, 0x00,
    0xCF, 0x00, 0x00, 0xA7, 0x00, 0x03, 0xE1, 0x00, 0x6E, 0x60, 0x00, 0x24, 0x44, 0x40, 0x66, 0x11,
    0xA2, 0x55, 0x01, 0x72, 0x52, 0x35, 0x32, 0x50, 0x65, 0x32, 0x50, 0x92, 0x32, 0x50, 0x65, 0x32,
    0x53, 0x25, 0x42, 0x56, 0x00, 0x82, 0x79, 0x55, 0xD2, 0x24, 0x44, 0x40, 0x66, 0x11, 0xA2, 0x55,
    0x01, 0x72, 0x52, 0x35, 0x32, 0x50, 0x65, 0x32, 0x50, 0x92, 0x32, 0x50, 0x65, 0x32, 0x53, 0x25,
    0x42, 0x56, 0x00, 0x82, 0x79, 0x55, 0xD2, 0x24, 0x44, 0x40, 0x66, 0x11, 0xA2, 0x55, 0x01, 0x72,
    0x52, 0x35, 0x32, 0x50, 0x65, 0x32, 0x50, 0x92, 0x32, 0x50, 0x65, 0x32, 0x53, 0x25, 0x42, 0x56,
    0x00, 0x82, 0x79, 0x55, 0xD2, 0x24, 0x44, 0x40, 0x66, 0x11, 0xA2, 0x55, 0x01, 0x72, 0x52, 0x35,
    0x32, 0x50, 0x65, 0x32, 0x50, 0x92, 0x32, 0x50, 0x65, 0x32, 0x53, 0x25, 0x42, 0x56, 0x00, 0x82,
    0x79, 0x55, 0xD2, 0x24, 0x44, 0x40, 0x66, 0x11, 0xA2, 0x55, 0x01, 0x72, 0x52, 0x35, 0x32, 0x50,
    0x65, 0x32, 0x50, 0x92, 0x32, 0x50, 0x65, 0x32, 0x53, 0x25, 0x42, 0x56, 0x00, 0x82, 0x79, 0x55,
    0xD2, 0x24, 0x44, 0x40, 0x66, 0x11, 0xA2, 0x55, 0x01, 0x72, 0x52, 0x35, 0x32, 0x50, 0x65, 0x32,
    0x50, 0x92, 0x32, 0x50, 0x65, 0x32, 0x53, 0x25, 0x42, 0x56, 0x00, 0x82, 0x79, 0x55, 0xD2, 0x24,
    0x44, 0x40, 0x66, 0x11, 0xA2, 0x55, 0x01, 0x72, 0x52, 0x35, 0x32, 0x50, 0x65, 0x32, 0x50, 0x92,
    0x32, 0x50, 0x65, 0x32, 0x53, 0x25, 0x42, 0x56, 0x00, 0x82, 0x79, 0x55, 0xD2, 0x24, 0x44, 0x40,
    0x66, 0x11, 0xA2, 0x55, 0x01, 0x72, 0x52, 0x35, 0x32, 0x50, 0x65, 0x32, 0x50, 0x92, 0x32, 0x50,
    0x65, 0x32, 0x53, 0x25, 0x42, 0x56, 0x00, 0x82, 0x79, 0x55, 0xD2, 0x24, 0x44, 0x40, 0x66, 0x11,
    0xA2, 0x55, 0x01, 0x72, 0x52, 0x35, 0x32, 0x50, 0x65, 0x32, 0x50, 0x92, 0x32, 0x50, 0x65, 0x32,
    0x53, 0x25, 0x42, 0x56, 0x00, 0x82, 0x79, 0x55, 0xD2, 0x24, 0x44, 0x40, 0x66, 0x11, 0xA2, 0x55,
    0x01, 0x72, 0x52, 0x35, 0x32, 0x50, 0x65, 0x32, 0x50, 0x92, 0x32, 0x50, 0x65, 0x32, 0x53, 0x25,
    0x42, 0x56, 0x00, 0x82, 0x79, 0x55, 0xD2, 0x24, 0x44, 0x40, 0x66, 0x11, 0xA2, 0x55, 0x01, 0x72,
    0x52, 0x35, 0x32, 0x50, 0x65, 0x32, 0x50, 0x92, 0x32, 0x50, 0x65, 0x32, 0x53, 0x25, 0x42, 0x56,
    0x00, 0x82, 0x79, 0x55, 0xD2, 0x24, 0x44, 0x40, 0x66, 0x11, 0xA2, 0x55, 0x01, 0x72, 0x52, 0x35,
    0x32, 0x50, 0x65, 0x32, 0x50, 0x92, 0x32, 0x50, 0x65, 0x32, 0x53, 0x25, 0x42, 0x56, 0x00, 0x82,
    0x79, 0x55, 0xD2, 0x24, 0x44, 0x40, 0x66, 0x11, 0xA2, 0x55, 0x01, 0x72, 0x52, 0x35, 0x32, 0x50,
    0x65, 0x32, 0x50, 0x92, 0x32, 0x50, 0x65, 0x32, 0x53, 0x25, 0x42, 0x56, 0x00, 0x82, 0x79, 0x55,
    0xD2, 0x24, 0x44, 0x40, 0x66, 0x11, 0xA2, 0x55, 0x01, 0x72, 0x52, 0x35, 0x32, 0x50, 0x65, 0x32,
    0x50, 0x92, 0x32, 0x50, 0x65, 0x32, 0x53, 0x25, 0x42, 0x56, 0x00, 0x82, 0x79, 0x55, 0xD2, 0x04,
    0x00, 0xE3, 0x00, 0x00, 0x00, 0x00, 0x00, 0x00, 0x00, 0x03, 0xF0, 0x4D, 0x08, 0x40, 0x24, 0x44,
    0x40, 0x66, 0x11, 0xA2, 0x55, 0x01, 0x72, 0x52, 0x35, 0x32, 0x50, 0x65, 0x32, 0x50, 0x92, 0x32,
    0x50, 0x65, 0x32, 0x53, 0x25, 0x42, 0x56, 0x00, 0x82, 0x79, 0x55, 0xD2, 0x24, 0x44, 0x40, 0x66,
    0x11, 0xA2, 0x55, 0x01, 0x72, 0x52, 0x35, 0x32, 0x50, 0x65, 0x32, 0x50, 0x92, 0x32, 0x50, 0x65,
    0x32, 0x53, 0x25, 0x42, 0x56, 0x00, 0x82, 0x79, 0x55, 0xD2, 0x24, 0x44, 0x40, 0x66, 0x11, 0xA2,
    0x55, 0x01, 0x72, 0x52, 0x35, 0x32, 0x50, 0x65, 0x32, 0x50, 0x92, 0x32, 0x50, 0x65, 0x32, 0x53,
    0x25, 0x42, 0x56, 0x00, 0x82, 0x79, 0x55, 0xD2, 0x24, 0x44, 0x40, 0x66, 0x11, 0xA2, 0x55, 0x01,
    0x72, 0x52, 0x35, 0x32, 0x50, 0x65, 0x32, 0x50, 0x92, 0x32, 0x50, 0x65, 0x32, 0x53, 0x25, 0x42,
    0x56, 0x00, 0x82, 0x79, 0x55, 0xD2, 0x24, 0x44, 0x40, 0x66, 0x11, 0xA2, 0x55, 0x01, 0x72, 0x52,
    0x35, 0x32, 0x50, 0x65, 0x32, 0x50, 0x92, 0x32, 0x50, 0x65, 0x32, 0x53, 0x25, 0x42, 0x56, 0x00,
    0x82, 0x79, 0x55, 0xD2, 0x96, 0xB1, 0x00, 0x0F, 0x10, 0x03, 0x2C, 0x11, 0x2E, 0x00, 0x88, 0x09,
    0x60, 0x00, 0x00, 0x00, 0xB1, 0x8F, 0x00, 0x00, 0x00, 0x0E, 0xF5, 0x00, 0x00, 0x04, 0xD6, 0xC0,
    0x00, 0x00, 0xA8, 0x0F, 0x20, 0x00, 0x1F, 0x20, 0xA8, 0x00, 0x07, 0xC0, 0x04, 0xE0, 0x00, 0xFF,
    0xFF, 0xFF, 0x50, 0x3F, 0x00, 0x00, 0x8B, 0x09, 0xA0, 0x00, 0x02, 0xF1, 0x04, 0x00, 0xE4, 0x96,
    0x00, 0x00, 0x00, 0x0B, 0x10, 0xEF, 0xFF, 0xFE, 0x00, 0x0E, 0x40, 0x00, 0x00, 0x00, 0xE4, 0x00,
    0x00, 0x00, 0x0E, 0x40, 0x00, 0x00, 0x00, 0xEF, 0xFF, 0xF4, 0x00, 0x0E, 0x40, 0x00, 0x00, 0x00,
    0xE4, 0x00, 0x00, 0x00, 0x0E, 0x40, 0x00, 0x00, 0x00, 0xEF, 0xFF, 0xFF, 0x96, 0x00, 0x00, 0x00,
    0x00, 0x0B, 0x10, 0xE4, 0x00, 0x00, 0xF2, 0x00, 0x0E, 0x40, 0x00, 0x0F, 0x20, 0x00, 0xE4, 0x00,
    0x00, 0xF2, 0x00, 0x0E, 0x40, 0x00, 0x0F, 0x20, 0x00, 0xEF, 0xFF, 0xFF, 0xF2, 0x00, 0x0E, 0x40,
    0x00, 0x0F, 0x20, 0x00, 0xE4, 0x00, 0x00, 0xF2, 0x00, 0x0E, 0x40, 0x00, 0x0F, 0x20, 0x00, 0xE4,
    0x00, 0x00, 0xF2, 0x96, 0x00, 0x0B, 0x10, 0xD6, 0x00, 0x0D, 0x60, 0x00, 0xD6, 0x00, 0x0D, 0x60,
    0x00, 0xD6, 0x00, 0x0D, 0x60, 0x00, 0xD6, 0x00, 0x0D, 0x60, 0x00, 0xD6, 0x24, 0x44, 0x40, 0x66,
    0x11, 0xA2, 0x55, 0x01, 0x72, 0x52, 0x35, 0x32, 0x50, 0x65, 0x32, 0x50, 0x92, 0x32, 0x50, 0x65,
    0x32, 0x53, 0x25, 0x42, 0x56, 0x00, 0x82, 0x79, 0x55, 0xD2, 0x65, 0x00, 0x00, 0x00, 0x0B, 0x26,
    0xDF, 0xD6, 0x00, 0x26, 0xE4, 0x15, 0xE5, 0x00, 0xE5, 0x00, 0x06, 0xE0, 0x3F, 0x00, 0x00, 0x2F,
    0x23, 0xF0, 0x00, 0x00, 0xF2, 0x3F, 0x00, 0x00, 0x2F, 0x20, 0xE5, 0x00, 0x05, 0xE0, 0x06, 0xE4,
    0x14, 0xE6, 0x00, 0x06, 0xDF, 0xD5, 0x00, 0x24, 0x44, 0x40, 0x66, 0x11, 0xA2, 0x55, 0x01, 0x72,
    0x52, 0x35, 0x32, 0x50, 0x65, 0x32, 0x50, 0x92, 0x32, 0x50, 0x65, 0x32, 0x53, 0x25, 0x42, 0x56,
    0x00, 0x82, 0x79, 0x55, 0xD2, 0x65, 0x00, 0x00, 0x00, 0x00, 0xB2, 0xAC, 0x00, 0x00, 0xE6, 0x20,
    0x1F, 0x40, 0x08, 0xD0, 0x00, 0x07, 0xD0, 0x1F, 0x40, 0x00, 0x00, 0xE5, 0x9B, 0x00, 0x00, 0x00,
    0x5E, 0xF2, 0x00, 0x00, 0x00, 0x0D, 0x90, 0x00, 0x00, 0x00, 0x0B, 0x80, 0x00, 0x00, 0x00, 0x0B,
    0x80, 0x00, 0x00, 0x00, 0x0B, 0x80, 0x00, 0x65, 0x00, 0x00, 0x00, 0xB2, 0x7E, 0xFC, 0x20, 0x28,
    0xC2, 0x06, 0xF1, 0x0F, 0x30, 0x00, 0xB9, 0x3F, 0x00, 0x00, 0x7C, 0x4F, 0x00, 0x00, 0x7C, 0x2F,
    0x00, 0x00, 0x8A, 0x0D, 0x40, 0x00, 0xC5, 0x04, 0xD3, 0x07, 0xC0, 0x4F, 0xFF, 0x9F, 0xFC, 0x00,
    0x00, 0x00, 0x00, 0x0F, 0x10, 0x03, 0x2C, 0x22, 0x2E, 0x00, 0x88, 0x00, 0x00, 0x00, 0x00, 0xC6,
    0x00, 0x00, 0xC6, 0x00, 0x00, 0xC6, 0x00, 0x00, 0xC6, 0x00, 0x00, 0xC6, 0x00, 0x00, 0xB8, 0x00,
    0x00, 0x4E, 0xA0, 0x00, 0x08, 0xF0, 0x00, 0x00, 0x00, 0xEF, 0x50, 0x00, 0x00, 0x4D, 0x6C, 0x00,
    0x00, 0x0A, 0x80, 0xF2, 0x00, 0x01, 0xF2, 0x0A, 0x80, 0x00, 0x7C, 0x00, 0x4E, 0x00, 0x0F, 0xFF,
    0xFF, 0xF5, 0x03, 0xF0, 0x00, 0x08, 0xB0, 0x9A, 0x00, 0x00, 0x2F, 0x10, 0xEF, 0xFF, 0xC3, 0x0E,
    0x40, 0x18, 0xE0, 0xE4, 0x00, 0x2F, 0x1E, 0x40, 0x09, 0xC0, 0xEF, 0xFF, 0xF3, 0x0E, 0x40, 0x05,
    0xE1, 0xE4, 0x00, 0x0E, 0x4E, 0x40, 0x06, 0xF2, 0xFF, 0xFF, 0xD5, 0x00, 0xEF, 0xFF, 0xFD, 0xE5,
    0x00, 0x00, 0xE5, 0x00, 0x00, 0xE5, 0x00, 0x00, 0xE5, 0x00, 0x00, 0xE5, 0x00, 0x00, 0xE5, 0x00,
    0x00, 0xE5, 0x00, 0x00, 0xE5, 0x00, 0x00, 0x00, 0x02, 0xF6, 0x00, 0x00, 0x00, 0x8F, 0xC0, 0x00,
    0x00, 0x0F, 0x3E, 0x30, 0x00, 0x06, 0xC0, 0x89, 0x00, 0x00, 0xD5, 0x02, 0xF1, 0x00, 0x4E, 0x00,
    0x0C, 0x60, 0x0B, 0x80, 0x00, 0x6D, 0x02, 0xF1, 0x00, 0x00, 0xF3, 0x9F, 0xFF, 0xFF, 0xFF, 0xA0,
    0xEF, 0xFF, 0xFE, 0xE4, 0x00, 0x00, 0xE4, 0x00, 0x00, 0xE4, 0x00, 0x00, 0xEF, 0xFF, 0xF4, 0xE4,
    0x00, 0x00, 0xE4, 0x00, 0x00, 0xE4, 0x00, 0x00, 0xEF, 0xFF, 0xFF, 0x5F, 0xFF, 0xFF, 0xF1, 0x00,
    0x00, 0x0C, 0xA0, 0x00, 0x00, 0x7E, 0x00, 0x00, 0x03, 0xF3, 0x00, 0x00, 0x0D, 0x80, 0x00, 0x00,
    0x9C, 0x00, 0x00, 0x05, 0xF2, 0x00, 0x00, 0x1E, 0x60, 0x00, 0x00, 0x7F, 0xFF, 0xFF, 0xF4, 0xE4,
    0x00, 0x00, 0xF2, 0xE4, 0x00, 0x00, 0xF2, 0xE4, 0x00, 0x00, 0xF2, 0xE4, 0x00, 0x00, 0xF2, 0xEF,
    0xFF, 0xFF, 0xF2, 0xE4, 0x00, 0x00, 0xF2, 0xE4, 0x00, 0x00, 0xF2, 0xE4, 0x00, 0x00, 0xF2, 0xE4,
    0x00, 0x00, 0xF2, 0x00, 0x7E, 0xFC, 0x50, 0x00, 0x8D, 0x41, 0x5F, 0x40, 0x1F, 0x30, 0x00, 0x7C,
    0x04, 0xF0, 0x00, 0x03, 0xF0, 0x5D, 0x2F, 0xFF, 0x3F, 0x14, 0xE0, 0x00, 0x03, 0xF0, 0x1F, 0x30,
    0x00, 0x7C, 0x00, 0x8D, 0x31, 0x5F, 0x40, 0x00, 0x7D, 0xFD, 0x40, 0x00, 0xD6, 0xD6, 0xD6, 0xD6,
    0xD6, 0xD6, 0xD6, 0xD6, 0xD6, 0xE4, 0x00, 0x2E, 0x60, 0xE4, 0x01, 0xE8, 0x00, 0xE4, 0x1D, 0x90,
    0x00, 0xE5, 0xDB, 0x00, 0x00, 0xFF, 0xFA, 0x00, 0x00, 0xFF, 0x2E, 0x60, 0x00, 0xF5, 0x04, 0xF3,
    0x00, 0xE4, 0x00, 0x7E, 0x10, 0xE4, 0x00, 0x0A, 0xB0, 0x00, 0x09, 0xF0, 0x00, 0x00, 0x00, 0xEF,
    0x50, 0x00, 0x00, 0x4F, 0x9B, 0x00, 0x00, 0x0A, 0x92, 0xF1, 0x00, 0x00, 0xF4, 0x0C, 0x70, 0x00,
    0x6E, 0x00, 0x6D, 0x00, 0x0C, 0x80, 0x01, 0xF3, 0x02, 0xF2, 0x00, 0x0B, 0x90, 0x8C, 0x00, 0x00,
    0x5E, 0x00, 0xFF, 0x00, 0x00, 0x08, 0xF4, 0xFF, 0x40, 0x00, 0x0E, 0xF4, 0xEB, 0xA0, 0x00, 0x5D,
    0xD4, 0xE5, 0xF1, 0x00, 0xB6, 0xE4, 0xE4, 0xA7, 0x02, 0xF0, 0xE4, 0xE4, 0x4E, 0x09, 0x90, 0xF4,
    0xE4, 0x0D, 0x5E, 0x20, 0xF4, 0xE4, 0x06, 0xFC, 0x00, 0xF4, 0xE4, 0x00, 0xF5, 0x00, 0xF4, 0xEA,
    0x00, 0x00, 0xF3, 0xEF, 0x40, 0x00, 0xF3, 0xEB, 0xE1, 0x00, 0xF3, 0xE4, 0xBA, 0x00, 0xF3, 0xE4,
    0x1F, 0x50, 0xF3, 0xE4, 0x06, 0xE1, 0xF3, 0xE4, 0x00, 0xBB, 0xF3, 0xE4, 0x00, 0x1F, 0xF3, 0xE4,
    0x00, 0x06, 0xF3, 0x3F, 0xFF, 0xFF, 0x90, 0x00, 0x00, 0x00, 0x00, 0x00, 0x00, 0x00, 0x00, 0x00,
    0x00, 0x0B, 0xFF, 0xFF, 0x10, 0x00, 0x00, 0x00, 0x00, 0x00, 0x00, 0x00, 0x00, 0x00, 0x00, 0x3F,
    0xFF, 0xFF, 0xB0, 0x00, 0x6D, 0xFD, 0x60, 0x00, 0x6E, 0x41, 0x5E, 0x50, 0x0E, 0x50, 0x00, 0x6E,
    0x03, 0xF0, 0x00, 0x02, 0xF2, 0x3F, 0x00, 0x00, 0x0F, 0x23, 0xF0, 0x00, 0x02, 0xF2, 0x0E, 0x50,
    0x00, 0x5E, 0x00, 0x6E, 0x41, 0x4E, 0x60, 0x00, 0x6D, 0xFD, 0x50, 0x00, 0xEF, 0xFF, 0xFF, 0xF2,
    0xE5, 0x00, 0x01, 0xF2, 0xE5, 0x00, 0x01, 0xF2, 0xE5, 0x00, 0x01, 0xF2, 0xE5, 0x00, 0x01, 0xF2,
    0xE5, 0x00, 0x01, 0xF2, 0xE5, 0x00, 0x01, 0xF2, 0xE5, 0x00, 0x01, 0xF2, 0xE5, 0x00, 0x01, 0xF2,
    0xEF, 0xFF, 0xE8, 0x0E, 0x40, 0x03, 0xE7, 0xE4, 0x00, 0x09, 0xAE, 0x40, 0x02, 0xD7, 0xEF, 0xFF,
    0xE8, 0x0E, 0x40, 0x00, 0x00, 0xE4, 0x00, 0x00, 0x0E, 0x40, 0x00, 0x00, 0xE4, 0x00, 0x00, 0x00,
    0x24, 0x44, 0x40, 0x66, 0x11, 0xA2, 0x55, 0x01, 0x72, 0x52, 0x35, 0x32, 0x50, 0x65, 0x32, 0x50,
    0x92, 0x32, 0x50, 0x65, 0x32, 0x53, 0x25, 0x42, 0x56, 0x00, 0x82, 0x79, 0x55, 0xD2, 0xDF, 0xFF,
    0xFF, 0xA2, 0xF6, 0x00, 0x00, 0x03, 0xF4, 0x00, 0x00, 0x05, 0xE2, 0x00, 0x00, 0x0B, 0xA0, 0x00,
    0x05, 0xE1, 0x00, 0x03, 0xF3, 0x00, 0x02, 0xE6, 0x00, 0x00, 0xAF, 0xFF, 0xFF, 0xF0, 0xBF, 0xFF,
    0xFF, 0xF7, 0x00, 0x0B, 0x80, 0x00, 0x00, 0x0B, 0x70, 0x00, 0x00, 0x0B, 0x70, 0x00, 0x00, 0x0B,
    0x70, 0x00, 0x00, 0x0B, 0x70, 0x00, 0x00, 0x0B, 0x70, 0x00, 0x00, 0x0B, 0x70, 0x00, 0x00, 0x0B,
    0x70, 0x00, 0xAC, 0x00, 0x00, 0xE6, 0x1F, 0x40, 0x08, 0xD0, 0x07, 0xD0, 0x1F, 0x40, 0x00, 0xE5,
    0x9B, 0x00, 0x00, 0x5E, 0xF2, 0x00, 0x00, 0x0D, 0x90, 0x00, 0x00, 0x0B, 0x80, 0x00, 0x00, 0x0B,
    0x80, 0x00, 0x00, 0x0B, 0x80, 0x00, 0x00, 0x00, 0xF4, 0x00, 0x00, 0x1A, 0xEF, 0xFC, 0x30, 0x0D,
    0x91, 0xF5, 0x5F, 0x35, 0xD0, 0x0F, 0x40, 0x8B, 0x7B, 0x00, 0xF4, 0x06, 0xD5, 0xD0, 0x0F, 0x40,
    0x8B, 0x0D, 0x91, 0xF5, 0x5F, 0x40, 0x1A, 0xEF, 0xFC, 0x40, 0x00, 0x00, 0xF4, 0x00, 0x00, 0x3F,
    0x30, 0x01, 0xE6, 0x09, 0xC0, 0x0A, 0xB0, 0x00, 0xE7, 0x4F, 0x20, 0x00, 0x4F, 0xE7, 0x00, 0x00,
    0x0C, 0xF0, 0x00, 0x00, 0x5F, 0xD8, 0x00, 0x01, 0xE6, 0x4F, 0x20, 0x0A, 0xC0, 0x09, 0xC0, 0x4F,
    0x20, 0x01, 0xE7, 0x6C, 0x03, 0xF0, 0x0E, 0x56, 0xC0, 0x3F, 0x00, 0xE5, 0x6C, 0x03, 0xF0, 0x0E,
    0x56, 0xD0, 0x3F, 0x00, 0xE4, 0x3F, 0x23, 0xF0, 0x3F, 0x20, 0xAD, 0x9F, 0x6E, 0x80, 0x00, 0x5D,
    0xFA, 0x50, 0x00, 0x00, 0x3F, 0x00, 0x00, 0x00, 0x03, 0xF0, 0x00, 0x00, 0x00, 0x7E, 0xFC, 0x20,
    0x08, 0xC2, 0x06, 0xF1, 0x0F, 0x30, 0x00, 0xB9, 0x3F, 0x00, 0x00, 0x7C, 0x4F, 0x00, 0x00, 0x7C,
    0x2F, 0x00, 0x00, 0x8A, 0x0D, 0x40, 0x00, 0xC5, 0x04, 0xD3, 0x07, 0xC0, 0x4F, 0xFF, 0x9F, 0xFC,
    0x03, 0x01, 0x23, 0xD0, 0x79, 0x00, 0x00, 0x00, 0x0D, 0x60, 0x00, 0xD6, 0x00, 0x0D, 0x60, 0x00,
    0xD6, 0x00, 0x0D, 0x60, 0x00, 0xD6, 0x00, 0x0D, 0x60, 0x00, 0xD6, 0x00, 0x0D, 0x60, 0x00, 0x30,
    0x12, 0x00, 0x03, 0xD0, 0x79, 0x00, 0x00, 0x00, 0x00, 0x00, 0xAC, 0x00, 0x00, 0xE6, 0x1F, 0x40,
    0x08, 0xD0, 0x07, 0xD0, 0x1F, 0x40, 0x00, 0xE5, 0x9B, 0x00, 0x00, 0x5E, 0xF2, 0x00, 0x00, 0x0D,
    0x90, 0x00, 0x00, 0x0B, 0x80, 0x00, 0x00, 0x0B, 0x80, 0x00, 0x00, 0x0B, 0x80, 0x00, 0x00, 0x09,
    0x60, 0x00, 0x00, 0x0B, 0x10, 0x00, 0x00, 0x00, 0x00, 0x00, 0x03, 0xDF, 0xAB, 0x60, 0x0E, 0x80,
    0x5F, 0x60, 0x3F, 0x00, 0x0F, 0x60, 0x5D, 0x00, 0x0F, 0x60, 0x4E, 0x00, 0x0F, 0x60, 0x0E, 0x60,
    0x4F, 0x80, 0x03, 0xDF, 0xA6, 0xF2, 0x00, 0x09, 0x60, 0x00, 0x00, 0xB1, 0x00, 0x00, 0x00, 0x00,
    0x00, 0x6D, 0xFD, 0x50, 0x2F, 0x40, 0x4F, 0x11, 0xF2, 0x00, 0x00, 0x08, 0xFF, 0xF0, 0x03, 0xF3,
    0x00, 0x20, 0x3F, 0x20, 0x3F, 0x30, 0x7D, 0xFD, 0x60, 0x00, 0x09, 0x60, 0x00, 0x00, 0xB1, 0x00,
    0x00, 0x00, 0x00, 0x01, 0xF6, 0xDE, 0x80, 0x1F, 0x90, 0x3F, 0x31, 0xF1, 0x00, 0xC5, 0x1F, 0x10,
    0x0C, 0x61, 0xF1, 0x00, 0xC6, 0x1F, 0x10, 0x0C, 0x61, 0xF1, 0x00, 0xC6, 0x00, 0x00, 0x0C, 0x60,
    0x00, 0x00, 0xC6, 0x00, 0x00, 0x0C, 0x60, 0x96, 0x0B, 0x10, 0x00, 0x0C, 0x60, 0xC6, 0x0C, 0x60,
    0xC6, 0x0C, 0x60, 0xB8, 0x04, 0xEA, 0x00, 0x00, 0x00, 0x00, 0x00, 0xF1, 0x00, 0x03, 0x2C, 0x22,
    0x02, 0xE0, 0x08, 0x80, 0x00, 0x00, 0x00, 0x01, 0xF1, 0x05, 0xE0, 0x1F, 0x10, 0x0F, 0x31, 0xF1,
    0x00, 0xD5, 0x1F, 0x10, 0x0C, 0x60, 0xF2, 0x00, 0xE4, 0x0D, 0x70, 0x8D, 0x00, 0x3D, 0xFC, 0x20,
    0x03, 0xDF, 0xAB, 0x60, 0x0E, 0x80, 0x5F, 0x60, 0x3F, 0x00, 0x0F, 0x60, 0x5D, 0x00, 0x0F, 0x60,
    0x4E, 0x00, 0x0F, 0x60, 0x0E, 0x60, 0x4F, 0x80, 0x03, 0xDF, 0xA6, 0xF2, 0x0A, 0xFE, 0x70, 0xBA,
    0x02, 0xE5, 0xF3, 0x00, 0xA8, 0xF3, 0x02, 0xE4, 0xF3, 0xFF, 0xD0, 0xF3, 0x01, 0xAB, 0xF3, 0x00,
    0x4F, 0xFB, 0x00, 0xAC, 0xFB, 0xEF, 0xB2, 0xF3, 0x00, 0x00, 0xF3, 0x00, 0x00, 0x8A, 0x00, 0x1F,
    0x12, 0xF0, 0x06, 0xC0, 0x0D, 0x50, 0xB6, 0x00, 0x7A, 0x1F, 0x10, 0x01, 0xF7, 0xB0, 0x00, 0x0C,
    0xF5, 0x00, 0x00, 0x9F, 0x00, 0x00, 0x05, 0xF0, 0x00, 0x00, 0x4E, 0x00, 0x00, 0x04, 0xE0, 0x00,
    0x01, 0xAF, 0xE6, 0x00, 0x8C, 0x11, 0x20, 0x06, 0xE3, 0x00, 0x00, 0x0B, 0xFC, 0x30, 0x09, 0xA3,
    0x8F, 0x23, 0xF0, 0x00, 0xB9, 0x5D, 0x00, 0x07, 0xB4, 0xE0, 0x00, 0x99, 0x0D, 0x70, 0x3E, 0x40,
    0x2B, 0xED, 0x50, 0x06, 0xDF, 0xD5, 0x02, 0xF4, 0x04, 0xF1, 0x1F, 0x20, 0x00, 0x00, 0x8F, 0xFF,
    0x00, 0x3F, 0x30, 0x02, 0x03, 0xF2, 0x03, 0xF3, 0x07, 0xDF, 0xD6, 0x00, 0x4F, 0xFF, 0xFF, 0x10,
    0x00, 0x0C, 0x70, 0x00, 0x0B, 0x90, 0x00, 0x08, 0xB0, 0x00, 0x03, 0xE1, 0x00, 0x00, 0xA8, 0x00,
    0x00, 0x0C, 0x60, 0x00, 0x00, 0x8C, 0x40, 0x00, 0x00, 0x5B, 0xE7, 0x00, 0x00, 0x06, 0xB0, 0x00,
    0x00, 0x93, 0x00, 0x1F, 0x6D, 0xE8, 0x01, 0xF9, 0x03, 0xF3, 0x1F, 0x10, 0x0C, 0x51, 0xF1, 0x00,
    0xC6, 0x1F, 0x10, 0x0C, 0x61, 0xF1, 0x00, 0xC6, 0x1F, 0x10, 0x0C, 0x60, 0x00, 0x00, 0xC6, 0x00,
    0x00, 0x0C, 0x60, 0x00, 0x00, 0xC6, 0x01, 0xBF, 0xD5, 0x00, 0xBA, 0x14, 0xF2, 0x1F, 0x10, 0x0B,
    0x72, 0xF0, 0x00, 0x99, 0x3F, 0xFF, 0xFF, 0x92, 0xF0, 0x00, 0x99, 0x1F, 0x10, 0x0B, 0x70, 0xBA,
    0x04, 0xF2, 0x01, 0xBF, 0xD5, 0x00, 0xC6, 0x0C, 0x60, 0xC6, 0x0C, 0x60, 0xC6, 0x0B, 0x80, 0x4E,
    0xA0, 0x0F, 0x20, 0x3F, 0x40, 0xF2, 0x1E, 0x60, 0x0F, 0x3C, 0x80, 0x00, 0xFF, 0xF1, 0x00, 0x0F,
    0x2B, 0xB0, 0x00, 0xF2, 0x0D, 0x90, 0x0F, 0x20, 0x1E, 0x70, 0x0E, 0xC0, 0x00, 0x00, 0x0E, 0x60,
    0x00, 0x00, 0x9E, 0x00, 0x00, 0x08, 0xF2, 0x00, 0x00, 0xBF, 0x80, 0x00, 0x1F, 0x8E, 0x00, 0x07,
    0xC0, 0xF4, 0x00, 0xD6, 0x0A, 0xA0, 0x3F, 0x10, 0x4F, 0x19, 0xB0, 0x00, 0xAD, 0x0F, 0x20, 0x0C,
    0x60, 0xF2, 0x00, 0xC6, 0x0F, 0x20, 0x0C, 0x60, 0xF2, 0x00, 0xE6, 0x0F, 0x50, 0x0F, 0x60, 0xFB,
    0x03, 0xF6, 0x0F, 0xDF, 0xBC, 0x60, 0xF2, 0x00, 0x00, 0x0F, 0x20, 0x00, 0x00, 0xF2, 0x00, 0x00,
    0x99, 0x00, 0x4E, 0x04, 0xE0, 0x09, 0x80, 0x0E, 0x30, 0xE2, 0x00, 0x88, 0x4D, 0x00, 0x03, 0xE9,
    0x70, 0x00, 0x0D, 0xF2, 0x00, 0x00, 0x9F, 0x00, 0x00, 0x01, 0xAE, 0xF9, 0x0B, 0xA1, 0x01, 0x0E,
    0x40, 0x00, 0x08, 0xB1, 0x00, 0x00, 0xCF, 0xF4, 0x0C, 0x92, 0x00, 0x4E, 0x00, 0x00, 0x4F, 0x00,
    0x00, 0x0C, 0xC4, 0x00, 0x00, 0x5A, 0xE8, 0x00, 0x00, 0x4D, 0x00, 0x00, 0x85, 0x02, 0xBF, 0xE5,
    0x00, 0xD8, 0x03, 0xE4, 0x4E, 0x00, 0x08, 0xB6, 0xC0, 0x00, 0x5D, 0x4E, 0x00, 0x08, 0xB0, 0xD7,
    0x03, 0xE4, 0x02, 0xBF, 0xD6, 0x00, 0xBF, 0xFF, 0xFF, 0xF3, 0x0A, 0x80, 0x0F, 0x30, 0x0A, 0x80,
    0x0F, 0x30, 0x0A, 0x80, 0x0F, 0x30, 0x0A, 0x80, 0x0F, 0x30, 0x0A, 0x80, 0x0E, 0x50, 0x0A, 0x80,
    0x07, 0xF8, 0x00, 0xAE, 0xE5, 0x00, 0x9B, 0x13, 0xF3, 0x0F, 0x40, 0x0A, 0x81, 0xF1, 0x00, 0x8A,
    0x1F, 0x10, 0x09, 0x91, 0xF9, 0x03, 0xE4, 0x1F, 0x9E, 0xE8, 0x01, 0xF1, 0x00, 0x00, 0x1F, 0x10,
    0x00, 0x01, 0xF1, 0x00, 0x00, 0x02, 0xCF, 0xD7, 0x00, 0xD8, 0x02, 0xF3, 0x3F, 0x00, 0x00, 0x05,
    0xD0, 0x00, 0x00, 0x3F, 0x20, 0x00, 0x00, 0x9E, 0x61, 0x00, 0x00, 0x4A, 0xE7, 0x00, 0x00, 0x05,
    0xB0, 0x00, 0x00, 0x93, 0x00, 0x02, 0xBF, 0xFF, 0xF4, 0x0D, 0x80, 0x3D, 0x10, 0x4E, 0x00, 0x09,
    0x80, 0x5D, 0x00, 0x07, 0xB0, 0x3E, 0x00, 0x09, 0x90, 0x0D, 0x80, 0x3F, 0x30, 0x02, 0xBF, 0xD5,
    0x00, 0x7F, 0xFF, 0xFF, 0x40, 0x04, 0xE0, 0x00, 0x00, 0x4E, 0x00, 0x00, 0x04, 0xE0, 0x00, 0x00,
    0x4E, 0x00, 0x00, 0x03, 0xF1, 0x00, 0x00, 0x0B, 0xF4, 0x00, 0x1F, 0x10, 0x5E, 0x01, 0xF1, 0x00,
    0xF3, 0x1F, 0x10, 0x0D, 0x51, 0xF1, 0x00, 0xC6, 0x0F, 0x20, 0x0E, 0x40, 0xD7, 0x08, 0xD0, 0x03,
    0xDF, 0xC2, 0x00, 0x05, 0x80, 0x9F, 0xC3, 0x01, 0xF4, 0x0F, 0x25, 0xE1, 0x5D, 0x01, 0xF1, 0x0B,
    0x76, 0xC0, 0x1F, 0x10, 0x99, 0x3F, 0x11, 0xF1, 0x0C, 0x60, 0xCB, 0x3F, 0x39, 0xE1, 0x01, 0x9F,
    0xFF, 0xA2, 0x00, 0x00, 0x1F, 0x10, 0x00, 0x00, 0x01, 0xF1, 0x00, 0x00, 0x00, 0x1F, 0x10, 0x00,
    0x6E, 0x50, 0x0C, 0x60, 0x04, 0xF0, 0x4E, 0x00, 0x00, 0xB6, 0xB7, 0x00, 0x00, 0x4F, 0xF1, 0x00,
    0x00, 0x0F, 0xD0, 0x00, 0x00, 0x2F, 0xD0, 0x00, 0x00, 0x9B, 0xF2, 0x00, 0x01, 0xF2, 0x98, 0x00,
    0x08, 0xB0, 0x2F, 0x20, 0x0F, 0x30, 0x08, 0xF1, 0x6C, 0x01, 0xF1, 0x4F, 0x06, 0xC0, 0x1F, 0x10,
    0xE5, 0x6C, 0x01, 0xF1, 0x0B, 0x75, 0xD0, 0x1F, 0x10, 0xA8, 0x3F, 0x11, 0xF1, 0x0E, 0x50, 0xBB,
    0x4F, 0x3B, 0xD0, 0x00, 0x8F, 0xFF, 0xA1, 0x00, 0x00, 0x1F, 0x10, 0x00, 0x00, 0x01, 0xF1, 0x00,
    0x00, 0x00, 0x1F, 0x10, 0x00, 0x09, 0xA0, 0x00, 0x00, 0xF4, 0x0F, 0x40, 0x00, 0x00, 0x9A, 0x2F,
    0x10, 0x4F, 0x00, 0x6D, 0x3F, 0x00, 0x4F, 0x00, 0x4E, 0x1F, 0x10, 0x5F, 0x00, 0x6C, 0x0D, 0x70,
    0xAE, 0x60, 0xC7, 0x02, 0xDE, 0x91, 0xCF, 0xA0, 0x03, 0x01, 0x23, 0xD0, 0x79, 0x00, 0x00, 0x00,
    0x0C, 0x60, 0x00, 0xC6, 0x00, 0x0C, 0x60, 0x00, 0xC6, 0x00, 0x0C, 0x60, 0x00, 0xB8, 0x00, 0x04,
    0xEA, 0x00, 0x30, 0x12, 0x00, 0x3D, 0x07, 0x90, 0x00, 0x00, 0x00, 0x01, 0xF1, 0x05, 0xE0, 0x1F,
    0x10, 0x0F, 0x31, 0xF1, 0x00, 0xD5, 0x1F, 0x10, 0x0C, 0x60, 0xF2, 0x00, 0xE4, 0x0D, 0x70, 0x8D,
    0x00, 0x3D, 0xFC, 0x20, 0x00, 0x09, 0x60, 0x00, 0x00, 0xB1, 0x00, 0x00, 0x00, 0x00, 0x00, 0x2B,
    0xFE, 0x50, 0x0D, 0x80, 0x3E, 0x44, 0xE0, 0x00, 0x8B, 0x6C, 0x00, 0x05, 0xD4, 0xE0, 0x00, 0x8B,
    0x0D, 0x70, 0x3E, 0x40, 0x2B, 0xFD, 0x60, 0x00, 0x09, 0x60, 0x00, 0x00, 0xB1, 0x00, 0x00, 0x00,
    0x00, 0x01, 0xF1, 0x05, 0xE0, 0x1F, 0x10, 0x0F, 0x31, 0xF1, 0x00, 0xD5, 0x1F, 0x10, 0x0C, 0x60,
    0xF2, 0x00, 0xE4, 0x0D, 0x70, 0x8D, 0x00, 0x3D, 0xFC, 0x20, 0x00, 0x00, 0x09, 0x60, 0x00, 0x00,
    0x00, 0x0B, 0x10, 0x00, 0x00, 0x00, 0x00, 0x00, 0x00, 0x09, 0xA0, 0x00, 0x00, 0xF4, 0x0F, 0x40,
    0x00, 0x00, 0x9A, 0x2F, 0x10, 0x4F, 0x00, 0x6D, 0x3F, 0x00, 0x4F, 0x00, 0x4E, 0x1F, 0x10, 0x5F,
    0x00, 0x6C, 0x0D, 0x70, 0xAE, 0x60, 0xC7, 0x02, 0xDE, 0x91, 0xCF, 0xA0, 0x24, 0x44, 0x40, 0x66,
    0x11, 0xA2, 0x55, 0x01, 0x72, 0x52, 0x35, 0x32, 0x50, 0x65, 0x32, 0x50, 0x92, 0x32, 0x50, 0x65,
    0x32, 0x53, 0x25, 0x42, 0x56, 0x00, 0x82, 0x79, 0x55, 0xD2, 0x24, 0x44, 0x40, 0x66, 0x11, 0xA2,
    0x55, 0x01, 0x72, 0x52, 0x35, 0x32, 0x50, 0x65, 0x32, 0x50, 0x92, 0x32, 0x50, 0x65, 0x32, 0x53,
    0x25, 0x42, 0x56, 0x00, 0x82, 0x79, 0x55, 0xD2, 0x00, 0x3D, 0xF8, 0x00, 0x00, 0xD7, 0x1F, 0x30,
    0x00, 0xD5, 0x0D, 0x50, 0x00, 0x6E, 0x4D, 0x60, 0x3F, 0x05, 0xCF, 0xF3, 0x3F, 0x00, 0x0D, 0x50,
    0x2F, 0x00, 0x0D, 0x50, 0x0D, 0x81, 0x5F, 0x10, 0x02, 0xCF, 0xD5, 0x00, 0x2F, 0x90, 0x00, 0x9F,
    0x10, 0x2F, 0x40, 0x4E, 0x20, 0x00, 0x8B, 0x0B, 0x80, 0x00, 0x01, 0xF6, 0xF1, 0x00, 0x00, 0x09,
    0xF8, 0x00, 0x00, 0x00, 0x3F, 0x20, 0x00, 0x00, 0x02, 0xF1, 0x00, 0x00, 0x00, 0x2F, 0x10, 0x00,
    0x00, 0x02, 0xF1, 0x00, 0x00, 0x96, 0x00, 0x00, 0x00, 0x00, 0xB3, 0xF9, 0x00, 0x09, 0xF1, 0x00,
    0x2F, 0x40, 0x4E, 0x20, 0x00, 0x08, 0xB0, 0xB8, 0x00, 0x00, 0x01, 0xF6, 0xF1, 0x00, 0x00, 0x00,
    0x9F, 0x80, 0x00, 0x00, 0x00, 0x3F, 0x20, 0x00, 0x00, 0x00, 0x2F, 0x10, 0x00, 0x00, 0x00, 0x2F,
    0x10, 0x00, 0x00, 0x00, 0x2F, 0x10, 0x00, 0x24, 0x44, 0x40, 0x66, 0x11, 0xA2, 0x55, 0x01, 0x72,
    0x52, 0x35, 0x32, 0x50, 0x65, 0x32, 0x50, 0x92, 0x32, 0x50, 0x65, 0x32, 0x53, 0x25, 0x42, 0x56,
    0x00, 0x82, 0x79, 0x55, 0xD2, 0x24, 0x44, 0x40, 0x66, 0x11, 0xA2, 0x55, 0x01, 0x72, 0x52, 0x35,
    0x32, 0x50, 0x65, 0x32, 0x50, 0x92, 0x32, 0x50, 0x65, 0x32, 0x53, 0x25, 0x42, 0x56, 0x00, 0x82,
    0x79, 0x55, 0xD2, 0x8F, 0xFF, 0xFF, 0xFF, 0xFE, 0x0E, 0x50, 0x00, 0x01, 0xF3, 0x2F, 0x10, 0x6C,
    0x00, 0xD6, 0x2F, 0x00, 0x8F, 0x00, 0xB7, 0x1F, 0x10, 0x8F, 0x00, 0xD5, 0x0D, 0x61, 0xDE, 0x33,
    0xF1, 0x03, 0xDE, 0x63, 0xDE, 0x60, 0x24, 0x44, 0x40, 0x66, 0x11, 0xA2, 0x55, 0x01, 0x72, 0x52,
    0x35, 0x32, 0x50, 0x65, 0x32, 0x50, 0x92, 0x32, 0x50, 0x65, 0x32, 0x53, 0x25, 0x42, 0x56, 0x00,
    0x82, 0x79, 0x55, 0xD2, 0x24, 0x44, 0x40, 0x66, 0x11, 0xA2, 0x55, 0x01, 0x72, 0x52, 0x35, 0x32,
    0x50, 0x65, 0x32, 0x50, 0x92, 0x32, 0x50, 0x65, 0x32, 0x53, 0x25, 0x42, 0x56, 0x00, 0x82, 0x79,
    0x55, 0xD2, 0x24, 0x44, 0x40, 0x66, 0x11, 0xA2, 0x55, 0x01, 0x72, 0x52, 0x35, 0x32, 0x50, 0x65,
    0x32, 0x50, 0x92, 0x32, 0x50, 0x65, 0x32, 0x53, 0x25, 0x42, 0x56, 0x00, 0x82, 0x79, 0x55, 0xD2,
    0x24, 0x44, 0x40, 0x66, 0x11, 0xA2, 0x55, 0x01, 0x72, 0x52, 0x35, 0x32, 0x50, 0x65, 0x32, 0x50,
    0x92, 0x32, 0x50, 0x65, 0x32, 0x53, 0x25, 0x42, 0x56, 0x00, 0x82, 0x79, 0x55, 0xD2, 0x24, 0x44,
    0x40, 0x66, 0x11, 0xA2, 0x55, 0x01, 0x72, 0x52, 0x35, 0x32, 0x50, 0x65, 0x32, 0x50, 0x92, 0x32,
    0x50, 0x65, 0x32, 0x53, 0x25, 0x42, 0x56, 0x00, 0x82, 0x79, 0x55, 0xD2, 0x24, 0x44, 0x40, 0x66,
    0x11, 0xA2, 0x55, 0x01, 0x72, 0x52, 0x35, 0x32, 0x50, 0x65, 0x32, 0x50, 0x92, 0x32, 0x50, 0x65,
    0x32, 0x53, 0x25, 0x42, 0x56, 0x00, 0x82, 0x79, 0x55, 0xD2, 0x24, 0x44, 0x40, 0x66, 0x11, 0xA2,
    0x55, 0x01, 0x72, 0x52, 0x35, 0x32, 0x50, 0x65, 0x32, 0x50, 0x92, 0x32, 0x50, 0x65, 0x32, 0x53,
    0x25, 0x42, 0x56, 0x00, 0x82, 0x79, 0x55, 0xD2, 0x24, 0x44, 0x40, 0x66, 0x11, 0xA2, 0x55, 0x01,
    0x72, 0x52, 0x35, 0x32, 0x50, 0x65, 0x32, 0x50, 0x92, 0x32, 0x50, 0x65, 0x32, 0x53, 0x25, 0x42,
    0x56, 0x00, 0x82, 0x79, 0x55, 0xD2, 0x24, 0x44, 0x40, 0x66, 0x11, 0xA2, 0x55, 0x01, 0x72, 0x52,
    0x35, 0x32, 0x50, 0x65, 0x32, 0x50, 0x92, 0x32, 0x50, 0x65, 0x32, 0x53, 0x25, 0x42, 0x56, 0x00,
    0x82, 0x79, 0x55, 0xD2, 0x24, 0x44, 0x40, 0x66, 0x11, 0xA2, 0x55, 0x01, 0x72, 0x52, 0x35, 0x32,
    0x50, 0x65, 0x32, 0x50, 0x92, 0x32, 0x50, 0x65, 0x32, 0x53, 0x25, 0x42, 0x56, 0x00, 0x82, 0x79,
    0x55, 0xD2, 0x24, 0x44, 0x40, 0x66, 0x11, 0xA2, 0x55, 0x01, 0x72, 0x52, 0x35, 0x32, 0x50, 0x65,
    0x32, 0x50, 0x92, 0x32, 0x50, 0x65, 0x32, 0x53, 0x25, 0x42, 0x56, 0x00, 0x82, 0x79, 0x55, 0xD2,
    0x24, 0x44, 0x40, 0x66, 0x11, 0xA2, 0x55, 0x01, 0x72, 0x52, 0x35, 0x32, 0x50, 0x65, 0x32, 0x50,
    0x92, 0x32, 0x50, 0x65, 0x32, 0x53, 0x25, 0x42, 0x56, 0x00, 0x82, 0x79, 0x55, 0xD2, 0x24, 0x44,
    0x40, 0x66, 0x11, 0xA2, 0x55, 0x01, 0x72, 0x52, 0x35, 0x32, 0x50, 0x65, 0x32, 0x50, 0x92, 0x32,
    0x50, 0x65, 0x32, 0x53, 0x25, 0x42, 0x56, 0x00, 0x82, 0x79, 0x55, 0xD2, 0x24, 0x44, 0x40, 0x66,
    0x11, 0xA2, 0x55, 0x01, 0x72, 0x52, 0x35, 0x32, 0x50, 0x65, 0x32, 0x50, 0x92, 0x32, 0x50, 0x65,
    0x32, 0x53, 0x25, 0x42, 0x56, 0x00, 0x82, 0x79, 0x55, 0xD2, 0x24, 0x44, 0x40, 0x66, 0x11, 0xA2,
    0x55, 0x01, 0x72, 0x52, 0x35, 0x32, 0x50, 0x65, 0x32, 0x50, 0x92, 0x32, 0x50, 0x65, 0x32, 0x53,
    0x25, 0x42, 0x56, 0x00, 0x82, 0x79, 0x55, 0xD2, 0x24, 0x44, 0x40, 0x66, 0x11, 0xA2, 0x55, 0x01,
    0x72, 0x52, 0x35, 0x32, 0x50, 0x65, 0x32, 0x50, 0x92, 0x32, 0x50, 0x65, 0x32, 0x53, 0x25, 0x42,
    0x56, 0x00, 0x82, 0x79, 0x55, 0xD2, 0x24, 0x44, 0x40, 0x66, 0x11, 0xA2, 0x55, 0x01, 0x72, 0x52,
    0x35, 0x32, 0x50, 0x65, 0x32, 0x50, 0x92, 0x32, 0x50, 0x65, 0x32, 0x53, 0x25, 0x42, 0x56, 0x00,
    0x82, 0x79, 0x55, 0xD2, 0x24, 0x44, 0x40, 0x66, 0x11, 0xA2, 0x55, 0x01, 0x72, 0x52, 0x35, 0x32,
    0x50, 0x65, 0x32, 0x50, 0x92, 0x32, 0x50, 0x65, 0x32, 0x53, 0x25, 0x42, 0x56, 0x00, 0x82, 0x79,
    0x55, 0xD2, 0x24, 0x44, 0x40, 0x66, 0x11, 0xA2, 0x55, 0x01, 0x72, 0x52, 0x35, 0x32, 0x50, 0x65,
    0x32, 0x50, 0x92, 0x32, 0x50, 0x65, 0x32, 0x53, 0x25, 0x42, 0x56, 0x00, 0x82, 0x79, 0x55, 0xD2,
    0x24, 0x44, 0x40, 0x66, 0x11, 0xA2, 0x55, 0x01, 0x72, 0x52, 0x35, 0x32, 0x50, 0x65, 0x32, 0x50,
    0x92, 0x32, 0x50, 0x65, 0x32, 0x53, 0x25, 0x42, 0x56, 0x00, 0x82, 0x79, 0x55, 0xD2, 0x24, 0x44,
    0x40, 0x66, 0x11, 0xA2, 0x55, 0x01, 0x72, 0x52, 0x35, 0x32, 0x50, 0x65, 0x32, 0x50, 0x92, 0x32,
    0x50, 0x65, 0x32, 0x53, 0x25, 0x42, 0x56, 0x00, 0x82, 0x79, 0x55, 0xD2, 0x24, 0x44, 0x40, 0x66,
    0x11, 0xA2, 0x55, 0x01, 0x72, 0x52, 0x35, 0x32, 0x50, 0x65, 0x32, 0x50, 0x92, 0x32, 0x50, 0x65,
    0x32, 0x53, 0x25, 0x42, 0x56, 0x00, 0x82, 0x79, 0x55, 0xD2, 0x24, 0x44, 0x40, 0x66, 0x11, 0xA2,
    0x55, 0x01, 0x72, 0x52, 0x35, 0x32, 0x50, 0x65, 0x32, 0x50, 0x92, 0x32, 0x50, 0x65, 0x32, 0x53,
    0x25, 0x42, 0x56, 0x00, 0x82, 0x79, 0x55, 0xD2, 0x24, 0x44, 0x40, 0x66, 0x11, 0xA2, 0x55, 0x01,
    0x72, 0x52, 0x35, 0x32, 0x50, 0x65, 0x32, 0x50, 0x92, 0x32, 0x50, 0x65, 0x32, 0x53, 0x25, 0x42,
    0x56, 0x00, 0x82, 0x79, 0x55, 0xD2, 0x24, 0x44, 0x40, 0x66, 0x11, 0xA2, 0x55, 0x01, 0x72, 0x52,
    0x35, 0x32, 0x50, 0x65, 0x32, 0x50, 0x92, 0x32, 0x50, 0x65, 0x32, 0x53, 0x25, 0x42, 0x56, 0x00,
    0x82, 0x79, 0x55, 0xD2, 0x24, 0x44, 0x40, 0x66, 0x11, 0xA2, 0x55, 0x01, 0x72, 0x52, 0x35, 0x32,
    0x50, 0x65, 0x32, 0x50, 0x92, 0x32, 0x50, 0x65, 0x32, 0x53, 0x25, 0x42, 0x56, 0x00, 0x82, 0x79,
    0x55, 0xD2, 0x24, 0x44, 0x40, 0x66, 0x11, 0xA2, 0x55, 0x01, 0x72, 0x52, 0x35, 0x32, 0x50, 0x65,
    0x32, 0x50, 0x92, 0x32, 0x50, 0x65, 0x32, 0x53, 0x25, 0x42, 0x56, 0x00, 0x82, 0x79, 0x55, 0xD2,
    0x24, 0x44, 0x40, 0x66, 0x11, 0xA2, 0x55, 0x01, 0x72, 0x52, 0x35, 0x32, 0x50, 0x65, 0x32, 0x50,
    0x92, 0x32, 0x50, 0x65, 0x32, 0x53, 0x25, 0x42, 0x56, 0x00, 0x82, 0x79, 0x55, 0xD2, 0x24, 0x44,
    0x40, 0x66, 0x11, 0xA2, 0x55, 0x01, 0x72, 0x52, 0x35, 0x32, 0x50, 0x65, 0x32, 0x50, 0x92, 0x32,
    0x50, 0x65, 0x32, 0x53, 0x25, 0x42, 0x56, 0x00, 0x82, 0x79, 0x55, 0xD2, 0x24, 0x44, 0x40, 0x66,
    0x11, 0xA2, 0x55, 0x01, 0x72, 0x52, 0x35, 0x32, 0x50, 0x65, 0x32, 0x50, 0x92, 0x32, 0x50, 0x65,
    0x32, 0x53, 0x25, 0x42, 0x56, 0x00, 0x82, 0x79, 0x55, 0xD2, 0x24, 0x44, 0x40, 0x66, 0x11, 0xA2,
    0x55, 0x01, 0x72, 0x52, 0x35, 0x32, 0x50, 0x65, 0x32, 0x50, 0x92, 0x32, 0x50, 0x65, 0x32, 0x53,
    0x25, 0x42, 0x56, 0x00, 0x82, 0x79, 0x55, 0xD2, 0x24, 0x44, 0x40, 0x66, 0x11, 0xA2, 0x55, 0x01,
    0x72, 0x52, 0x35, 0x32, 0x50, 0x65, 0x32, 0x50, 0x92, 0x32, 0x50, 0x65, 0x32, 0x53, 0x25, 0x42,
    0x56, 0x00, 0x82, 0x79, 0x55, 0xD2, 0x24, 0x44, 0x40, 0x66, 0x11, 0xA2, 0x55, 0x01, 0x72, 0x52,
    0x35, 0x32, 0x50, 0x65, 0x32, 0x50, 0x92, 0x32, 0x50, 0x65, 0x32, 0x53, 0x25, 0x42, 0x56, 0x00,
    0x82, 0x79, 0x55, 0xD2, 0x24, 0x44, 0x40, 0x66, 0x11, 0xA2, 0x55, 0x01, 0x72, 0x52, 0x35, 0x32,
    0x50, 0x65, 0x32, 0x50, 0x92, 0x32, 0x50, 0x65, 0x32, 0x53, 0x25, 0x42, 0x56, 0x00, 0x82, 0x79,
    0x55, 0xD2, 0x24, 0x44, 0x40, 0x66, 0x11, 0xA2, 0x55, 0x01, 0x72, 0x52, 0x35, 0x32, 0x50, 0x65,
    0x32, 0x50, 0x92, 0x32, 0x50, 0x65, 0x32, 0x53, 0x25, 0x42, 0x56, 0x00, 0x82, 0x79, 0x55, 0xD2,
    0x24, 0x44, 0x40, 0x66, 0x11, 0xA2, 0x55, 0x01, 0x72, 0x52, 0x35, 0x32, 0x50, 0x65, 0x32, 0x50,
    0x92, 0x32, 0x50, 0x65, 0x32, 0x53, 0x25, 0x42, 0x56, 0x00, 0x82, 0x79, 0x55, 0xD2, 0x24, 0x44,
    0x40, 0x66, 0x11, 0xA2, 0x55, 0x01, 0x72, 0x52, 0x35, 0x32, 0x50, 0x65, 0x32, 0x50, 0x92, 0x32,
    0x50, 0x65, 0x32, 0x53, 0x25, 0x42, 0x56, 0x00, 0x82, 0x79, 0x55, 0xD2, 0x24, 0x44, 0x40, 0x66,
    0x11, 0xA2, 0x55, 0x01, 0x72, 0x52, 0x35, 0x32, 0x50, 0x65, 0x32, 0x50, 0x92, 0x32, 0x50, 0x65,
    0x32, 0x53, 0x25, 0x42, 0x56, 0x00, 0x82, 0x79, 0x55, 0xD2, 0x24, 0x44, 0x40, 0x66, 0x11, 0xA2,
    0x55, 0x01, 0x72, 0x52, 0x35, 0x32, 0x50, 0x65, 0x32, 0x50, 0x92, 0x32, 0x50, 0x65, 0x32, 0x53,
    0x25, 0x42, 0x56, 0x00, 0x82, 0x79, 0x55, 0xD2, 0x24, 0x44, 0x40, 0x66, 0x11, 0xA2, 0x55, 0x01,
    0x72, 0x52, 0x35, 0x32, 0x50, 0x65, 0x32, 0x50, 0x92, 0x32, 0x50, 0x65, 0x32, 0x53, 0x25, 0x42,
    0x56, 0x00, 0x82, 0x79, 0x55, 0xD2, 0x24, 0x44, 0x40, 0x66, 0x11, 0xA2, 0x55, 0x01, 0x72, 0x52,
    0x35, 0x32, 0x50, 0x65, 0x32, 0x50, 0x92, 0x32, 0x50, 0x65, 0x32, 0x53, 0x25, 0x42, 0x56, 0x00,
    0x82, 0x79, 0x55, 0xD2, 0x04, 0xF2, 0x00, 0x00, 0x6B, 0x00, 0x00, 0x00, 0x00, 0xEF, 0xFF, 0xFE,
    0xE4, 0x00, 0x00, 0xE4, 0x00, 0x00, 0xE4, 0x00, 0x00, 0xEF, 0xFF, 0xF4, 0xE4, 0x00, 0x00, 0xE4,
    0x00, 0x00, 0xE4, 0x00, 0x00, 0xEF, 0xFF, 0xFF, 0x03, 0x01, 0x20, 0x3D, 0x07, 0x90, 0x00, 0x00,
    0x00, 0xEF, 0xFF, 0xFE, 0xE4, 0x00, 0x00, 0xE4, 0x00, 0x00, 0xE4, 0x00, 0x00, 0xEF, 0xFF, 0xF4,
    0xE4, 0x00, 0x00, 0xE4, 0x00, 0x00, 0xE4, 0x00, 0x00, 0xEF, 0xFF, 0xFF, 0xBF, 0xFF, 0xFF, 0xF7,
    0x00, 0x00, 0x1F, 0x20, 0x00, 0x00, 0x00, 0x1F, 0x20, 0x00, 0x00, 0x00, 0x1F, 0xEF, 0xFB, 0x20,
    0x00, 0x1F, 0x61, 0x2A, 0xD0, 0x00, 0x1F, 0x20, 0x01, 0xF2, 0x00, 0x1F, 0x20, 0x00, 0xF2, 0x00,
    0x1F, 0x20, 0x19, 0xD0, 0x00, 0x1F, 0x20, 0xDB, 0x20, 0x00, 0x04, 0xE1, 0x00, 0x0D, 0x30, 0x00,
    0x00, 0x00, 0xEF, 0xFF, 0xFD, 0xE5, 0x00, 0x00, 0xE5, 0x00, 0x00, 0xE5, 0x00, 0x00, 0xE5, 0x00,
    0x00, 0xE5, 0x00, 0x00, 0xE5, 0x00, 0x00, 0xE5, 0x00, 0x00, 0xE5, 0x00, 0x00, 0x00, 0x6D, 0xFD,
    0x60, 0x07, 0xE4, 0x03, 0xE6, 0x0E, 0x50, 0x00, 0x7C, 0x2F, 0x10, 0x00, 0x00, 0x3F, 0xFF, 0xFA,
    0x00, 0x2F, 0x10, 0x00, 0x00, 0x0F, 0x40, 0x00, 0x7C, 0x07, 0xD3, 0x03, 0xE6, 0x00, 0x6E, 0xFD,
    0x60, 0x02, 0xBE, 0xEA, 0x10, 0x0E, 0x81, 0x1A, 0xB0, 0x2F, 0x10, 0x02, 0xF2, 0x0C, 0xB3, 0x00,
    0x00, 0x00, 0x7D, 0xE8, 0x00, 0x00, 0x00, 0x2A, 0xD0, 0x6D, 0x00, 0x01, 0xF2, 0x1E, 0x71, 0x17,
    0xF0, 0x02, 0xAE, 0xFB, 0x30, 0xD6, 0xD6, 0xD6, 0xD6, 0xD6, 0xD6, 0xD6, 0xD6, 0xD6, 0x03, 0x01,
    0x23, 0xD0, 0x79, 0x00, 0x00, 0x00, 0x0D, 0x60, 0x00, 0xD6, 0x00, 0x0D, 0x60, 0x00, 0xD6, 0x00,
    0x0D, 0x60, 0x00, 0xD6, 0x00, 0x0D, 0x60, 0x00, 0xD6, 0x00, 0x0D, 0x60, 0x00, 0x00, 0x0F, 0x20,
    0x00, 0x00, 0xF2, 0x00, 0x00, 0x0F, 0x20, 0x00, 0x00, 0xF2, 0x00, 0x00, 0x0F, 0x20, 0x00, 0x00,
    0xF2, 0x9A, 0x00, 0x1F, 0x25, 0xF3, 0x19, 0xE0, 0x07, 0xEF, 0xC2, 0x00, 0x00, 0xDF, 0xFF, 0xFF,
    0x00, 0x00, 0x00, 0x00, 0xB8, 0x00, 0x3F, 0x00, 0x00, 0x00, 0x00, 0xB7, 0x00, 0x3F, 0x00, 0x00,
    0x00, 0x00, 0xC6, 0x00, 0x3F, 0xFF, 0xFC, 0x30, 0x00, 0xD6, 0x00, 0x3F, 0x00, 0x08, 0xE0, 0x00,
    0xE4, 0x00, 0x3F, 0x00, 0x00, 0xF5, 0x01, 0xF2, 0x00, 0x3F, 0x00, 0x00, 0xF4, 0x08, 0xD0, 0x00,
    0x3F, 0x00, 0x08, 0xE0, 0xAD, 0x30, 0x00, 0x3F, 0xFF, 0xFC, 0x30, 0xE5, 0x00, 0x01, 0xF2, 0x00,
    0x00, 0x0E, 0x50, 0x00, 0x1F, 0x20, 0x00, 0x00, 0xE5, 0x00, 0x01, 0xF2, 0x00, 0x00, 0x0E, 0x50,
    0x00, 0x1F, 0x20, 0x00, 0x00, 0xEF, 0xFF, 0xFF, 0xFF, 0xFF, 0xD6, 0x0E, 0x50, 0x00, 0x1F, 0x20,
    0x05, 0xF4, 0xE5, 0x00, 0x01, 0xF2, 0x00, 0x0C, 0x7E, 0x50, 0x00, 0x1F, 0x20, 0x15, 0xF3, 0xE5,
    0x00, 0x01, 0xFF, 0xFF, 0xD5, 0x00, 0x9F, 0xFF, 0xFF, 0xF9, 0x00, 0x00, 0x0F, 0x30, 0x00, 0x00,
    0x00, 0x0F, 0x30, 0x00, 0x00, 0x00, 0x0F, 0xFF, 0xFD, 0x50, 0x00, 0x0F, 0x60, 0x04, 0xF2, 0x00,
    0x0F, 0x30, 0x00, 0xC6, 0x00, 0x0F, 0x30, 0x00, 0xC7, 0x00, 0x0F, 0x30, 0x00, 0xC7, 0x00, 0x0F,
    0x30, 0x00, 0xC7, 0x00, 0x4E, 0x10, 0x00, 0x00, 0xD3, 0x00, 0x00, 0x00, 0x00, 0x00, 0x00, 0xE4,
    0x00, 0x2E, 0x60, 0xE4, 0x01, 0xE8, 0x00, 0xE4, 0x1D, 0x90, 0x00, 0xE5, 0xDB, 0x00, 0x00, 0xFF,
    0xFA, 0x00, 0x00, 0xFF, 0x2E, 0x60, 0x00, 0xF5, 0x04, 0xF3, 0x00, 0xE4, 0x00, 0x7E, 0x10, 0xE4,
    0x00, 0x0A, 0xB0, 0x04, 0xF2, 0x00, 0x00, 0x00, 0x6B, 0x00, 0x00, 0x00, 0x00, 0x00, 0x00, 0xE5,
    0x00, 0x06, 0xF2, 0xE5, 0x00, 0x2F, 0xF2, 0xE5, 0x00, 0xBB, 0xF2, 0xE5, 0x06, 0xE2, 0xF2, 0xE5,
    0x1F, 0x41, 0xF2, 0xE5, 0xBA, 0x01, 0xF2, 0xEB, 0xE1, 0x01, 0xF2, 0xEF, 0x50, 0x01, 0xF2, 0xEA,
    0x00, 0x01, 0xF2, 0x01, 0xE0, 0x78, 0x00, 0x00, 0x8C, 0xB1, 0x00, 0x00, 0x00, 0x00, 0x00, 0x4F,
    0x10, 0x00, 0xD8, 0x0C, 0x80, 0x03, 0xF2, 0x05, 0xF1, 0x0A, 0xA0, 0x00, 0xD7, 0x1F, 0x30, 0x00,
    0x5E, 0x8C, 0x00, 0x00, 0x0D, 0xF5, 0x00, 0x00, 0x0A, 0xF0, 0x00, 0x00, 0x1D, 0x70, 0x00, 0x05,
    0xFA, 0x00, 0x00, 0xE5, 0x00, 0x01, 0xF2, 0xE5, 0x00, 0x01, 0xF2, 0xE5, 0x00, 0x01, 0xF2, 0xE5,
    0x00, 0x01, 0xF2, 0xE5, 0x00, 0x01, 0xF2, 0xE5, 0x00, 0x01, 0xF2, 0xE5, 0x00, 0x01, 0xF2, 0xE5,
    0x00, 0x01, 0xF2, 0xEF, 0xFF, 0xFF, 0xF2, 0x00, 0x0F, 0x40, 0x00, 0x00, 0x0F, 0x40, 0x00, 0x00,
    0x08, 0xF0, 0x00, 0x00, 0x00, 0xEF, 0x50, 0x00, 0x00, 0x4D, 0x6C, 0x00, 0x00, 0x0A, 0x80, 0xF2,
    0x00, 0x01, 0xF2, 0x0A, 0x80, 0x00, 0x7C, 0x00, 0x4E, 0x00, 0x0F, 0xFF, 0xFF, 0xF5, 0x03, 0xF0,
    0x00, 0x08, 0xB0, 0x9A, 0x00, 0x00, 0x2F, 0x10, 0xFF, 0xFF, 0xFB, 0x0F, 0x80, 0x00, 0x00, 0xF8,
    0x00, 0x00, 0x0F, 0x80, 0x00, 0x00, 0xFF, 0xFF, 0xE8, 0x0F, 0x80, 0x03, 0xE6, 0xF8, 0x00, 0x0A,
    0x9F, 0x80, 0x03, 0xE5, 0xFF, 0xFF, 0xD7, 0x00, 0xEF, 0xFF, 0xC3, 0x0E, 0x40, 0x18, 0xE0, 0xE4,
    0x00, 0x2F, 0x1E, 0x40, 0x09, 0xC0, 0xEF, 0xFF, 0xF3, 0x0E, 0x40, 0x05, 0xE1, 0xE4, 0x00, 0x0E,
    0x4E, 0x40, 0x06, 0xF2, 0xFF, 0xFF, 0xD5, 0x00, 0xEF, 0xFF, 0xFD, 0xE5, 0x00, 0x00, 0xE5, 0x00,
    0x00, 0xE5, 0x00, 0x00, 0xE5, 0x00, 0x00, 0xE5, 0x00, 0x00, 0xE5, 0x00, 0x00, 0xE5, 0x00, 0x00,
    0xE5, 0x00, 0x00, 0x00, 0x5F, 0xFF, 0xFF, 0x30, 0x00, 0x6D, 0x00, 0x0F, 0x30, 0x00, 0x7C, 0x00,
    0x0F, 0x30, 0x00, 0x8B, 0x00, 0x0F, 0x30, 0x00, 0xA9, 0x00, 0x0F, 0x30, 0x00, 0xC7, 0x00, 0x0F,
    0x30, 0x01, 0xF3, 0x00, 0x0F, 0x30, 0x09, 0xC0, 0x00, 0x0F, 0x30, 0xFF, 0xFF, 0xFF, 0xFF, 0xF6,
    0xA8, 0x00, 0x00, 0x00, 0xD6, 0xA8, 0x00, 0x00, 0x00, 0xD6, 0xEF, 0xFF, 0xFE, 0xE4, 0x00, 0x00,
    0xE4, 0x00, 0x00, 0xE4, 0x00, 0x00, 0xEF, 0xFF, 0xF4, 0xE4, 0x00, 0x00, 0xE4, 0x00, 0x00, 0xE4,
    0x00, 0x00, 0xEF, 0xFF, 0xFF, 0x4F, 0x20, 0x0A, 0x90, 0x04, 0xF2, 0x09, 0xC0, 0x0A, 0x90, 0x0D,
    0x70, 0x00, 0xE6, 0x0A, 0x90, 0x8C, 0x00, 0x00, 0x4F, 0x1A, 0x92, 0xF2, 0x00, 0x00, 0x0F, 0xFF,
    0xFF, 0xF0, 0x00, 0x00, 0x7E, 0x0A, 0x91, 0xF6, 0x00, 0x02, 0xF4, 0x0A, 0x90, 0x6F, 0x10, 0x0C,
    0xA0, 0x0A, 0x90, 0x0C, 0xB0, 0x7E, 0x10, 0x0A, 0x90, 0x02, 0xF6, 0x02, 0xBF, 0xEA, 0x10, 0x0D,
    0x90, 0x1B, 0xC0, 0x4F, 0x00, 0x04, 0xF0, 0x00, 0x00, 0x1A, 0xA0, 0x00, 0x4F, 0xFF, 0x20, 0x00,
    0x00, 0x18, 0xD0, 0x6D, 0x00, 0x01, 0xF1, 0x1F, 0x70, 0x19, 0xD0, 0x03, 0xCF, 0xEA, 0x20, 0xE5,
    0x00, 0x06, 0xF2, 0xE5, 0x00, 0x2F, 0xF2, 0xE5, 0x00, 0xBB, 0xF2, 0xE5, 0x06, 0xE2, 0xF2, 0xE5,
    0x1F, 0x41, 0xF2, 0xE5, 0xBA, 0x01, 0xF2, 0xEB, 0xE1, 0x01, 0xF2, 0xEF, 0x50, 0x01, 0xF2, 0xEA,
    0x00, 0x01, 0xF2, 0x01, 0xE0, 0x78, 0x00, 0x00, 0x8C, 0xB1, 0x00, 0x00, 0x00, 0x00, 0x00, 0xE5,
    0x00, 0x06, 0xF2, 0xE5, 0x00, 0x2F, 0xF2, 0xE5, 0x00, 0xBB, 0xF2, 0xE5, 0x06, 0xE2, 0xF2, 0xE5,
    0x1F, 0x41, 0xF2, 0xE5, 0xBA, 0x01, 0xF2, 0xEB, 0xE1, 0x01, 0xF2, 0xEF, 0x50, 0x01, 0xF2, 0xEA,
    0x00, 0x01, 0xF2, 0xE5, 0x00, 0x0D, 0xA0, 0xE5, 0x00, 0xAC, 0x00, 0xE5, 0x07, 0xE1, 0x00, 0xE6,
    0x5F, 0x40, 0x00, 0xFF, 0xFF, 0x00, 0x00, 0xE5, 0x2F, 0x70, 0x00, 0xE5, 0x04, 0xF4, 0x00, 0xE5,
    0x00, 0x7E, 0x20, 0xE5, 0x00, 0x09, 0xD0, 0x00, 0xDF, 0xFF, 0xFF, 0x10, 0x0B, 0x80, 0x02, 0xF1,
    0x00, 0xB7, 0x00, 0x2F, 0x10, 0x0C, 0x60, 0x02, 0xF1, 0x00, 0xD5, 0x00, 0x2F, 0x10, 0x0E, 0x40,
    0x02, 0xF1, 0x01, 0xF2, 0x00, 0x2F, 0x10, 0x8D, 0x00, 0x02, 0xF1, 0xAD, 0x30, 0x00, 0x2F, 0x10,
    0xFF, 0x00, 0x00, 0x08, 0xF4, 0xFF, 0x40, 0x00, 0x0E, 0xF4, 0xEB, 0xA0, 0x00, 0x5D, 0xD4, 0xE5,
    0xF1, 0x00, 0xB6, 0xE4, 0xE4, 0xA7, 0x02, 0xF0, 0xE4, 0xE4, 0x4E, 0x09, 0x90, 0xF4, 0xE4, 0x0D,
    0x5E, 0x20, 0xF4, 0xE4, 0x06, 0xFC, 0x00, 0xF4, 0xE4, 0x00, 0xF5, 0x00, 0xF4, 0xE4, 0x00, 0x00,
    0xF2, 0xE4, 0x00, 0x00, 0xF2, 0xE4, 0x00, 0x00, 0xF2, 0xE4, 0x00, 0x00, 0xF2, 0xEF, 0xFF, 0xFF,
    0xF2, 0xE4, 0x00, 0x00, 0xF2, 0xE4, 0x00, 0x00, 0xF2, 0xE4, 0x00, 0x00, 0xF2, 0xE4, 0x00, 0x00,
    0xF2, 0x00, 0x6D, 0xFD, 0x60, 0x00, 0x6E, 0x41, 0x5E, 0x50, 0x0E, 0x50, 0x00, 0x6E, 0x03, 0xF0,
    0x00, 0x02, 0xF2, 0x3F, 0x00, 0x00, 0x0F, 0x23, 0xF0, 0x00, 0x02, 0xF2, 0x0E, 0x50, 0x00, 0x5E,
    0x00, 0x6E, 0x41, 0x4E, 0x60, 0x00, 0x6D, 0xFD, 0x50, 0x00, 0xEF, 0xFF, 0xFF, 0xF2, 0xE5, 0x00,
    0x01, 0xF2, 0xE5, 0x00, 0x01, 0xF2, 0xE5, 0x00, 0x01, 0xF2, 0xE5, 0x00, 0x01, 0xF2, 0xE5, 0x00,
    0x01, 0xF2, 0xE5, 0x00, 0x01, 0xF2, 0xE5, 0x00, 0x01, 0xF2, 0xE5, 0x00, 0x01, 0xF2, 0xEF, 0xFF,
    0xE8, 0x0E, 0x40, 0x03, 0xE7, 0xE4, 0x00, 0x09, 0xAE, 0x40, 0x02, 0xD7, 0xEF, 0xFF, 0xE8, 0x0E,
    0x40, 0x00, 0x00, 0xE4, 0x00, 0x00, 0x0E, 0x40, 0x00, 0x00, 0xE4, 0x00, 0x00, 0x00, 0x00, 0x6D,
    0xFD, 0x60, 0x07, 0xE4, 0x04, 0xE5, 0x0F, 0x40, 0x00, 0x8C, 0x2F, 0x00, 0x00, 0x00, 0x3F, 0x00,
    0x00, 0x00, 0x2F, 0x00, 0x00, 0x00, 0x0F, 0x40, 0x00, 0x8C, 0x07, 0xD3, 0x03, 0xE5, 0x00, 0x6E,
    0xFD, 0x60, 0xBF, 0xFF, 0xFF, 0xF7, 0x00, 0x0B, 0x80, 0x00, 0x00, 0x0B, 0x70, 0x00, 0x00, 0x0B,
    0x70, 0x00, 0x00, 0x0B, 0x70, 0x00, 0x00, 0x0B, 0x70, 0x00, 0x00, 0x0B, 0x70, 0x00, 0x00, 0x0B,
    0x70, 0x00, 0x00, 0x0B, 0x70, 0x00, 0x4F, 0x10, 0x00, 0xD8, 0x0C, 0x80, 0x03, 0xF2, 0x05, 0xF1,
    0x0A, 0xA0, 0x00, 0xD7, 0x1F, 0x30, 0x00, 0x5E, 0x8C, 0x00, 0x00, 0x0D, 0xF5, 0x00, 0x00, 0x0A,
    0xF0, 0x00, 0x00, 0x1D, 0x70, 0x00, 0x05, 0xFA, 0x00, 0x00, 0x00, 0x00, 0x8A, 0x00, 0x00, 0x00,
    0x8E, 0xFF, 0xE9, 0x10, 0x0C, 0x91, 0x8A, 0x18, 0xD0, 0x4D, 0x00, 0x8A, 0x00, 0xD6, 0x7B, 0x00,
    0x8A, 0x00, 0xA8, 0x4E, 0x00, 0x8A, 0x00, 0xC6, 0x0C, 0x91, 0x8A, 0x08, 0xD0, 0x00, 0x8D, 0xFF,
    0xE9, 0x10, 0x00, 0x00, 0x8A, 0x00, 0x00, 0x3F, 0x30, 0x01, 0xE6, 0x09, 0xC0, 0x0A, 0xB0, 0x00,
    0xE7, 0x4F, 0x20, 0x00, 0x4F, 0xE7, 0x00, 0x00, 0x0C, 0xF0, 0x00, 0x00, 0x5F, 0xD8, 0x00, 0x01,
    0xE6, 0x4F, 0x20, 0x0A, 0xC0, 0x09, 0xC0, 0x4F, 0x20, 0x01, 0xE7, 0xE5, 0x00, 0x01, 0xF2, 0x0E,
    0x50, 0x00, 0x1F, 0x20, 0xE5, 0x00, 0x01, 0xF2, 0x0E, 0x50, 0x00, 0x1F, 0x20, 0xE5, 0x00, 0x01,
    0xF2, 0x0E, 0x50, 0x00, 0x1F, 0x20, 0xE5, 0x00, 0x01, 0xF2, 0x0E, 0x50, 0x00, 0x1F, 0x20, 0xEF,
    0xFF, 0xFF, 0xFF, 0x10, 0x00, 0x00, 0x02, 0xF0, 0x00, 0x00, 0x00, 0x2F, 0x00, 0x0F, 0x30, 0x00,
    0x7C, 0x0F, 0x30, 0x00, 0x7C, 0x0F, 0x30, 0x00, 0x7C, 0x0F, 0x30, 0x00, 0x7C, 0x0C, 0xA1, 0x02,
    0xBC, 0x01, 0xBF, 0xFE, 0xFC, 0x00, 0x00, 0x00, 0x7C, 0x00, 0x00, 0x00, 0x7C, 0x00, 0x00, 0x00,
    0x7C, 0xE5, 0x00, 0x7B, 0x00, 0x1F, 0x2E, 0x50, 0x07, 0xB0, 0x01, 0xF2, 0xE5, 0x00, 0x7B, 0x00,
    0x1F, 0x2E, 0x50, 0x07, 0xB0, 0x01, 0xF2, 0xE5, 0x00, 0x7B, 0x00, 0x1F, 0x2E, 0x50, 0x07, 0xB0,
    0x01, 0xF2, 0xE5, 0x00, 0x7B, 0x00, 0x1F, 0x2E, 0x50, 0x07, 0xB0, 0x01, 0xF2, 0xEF, 0xFF, 0xFF,
    0xFF, 0xFF, 0x20, 0xE5, 0x00, 0x7B, 0x00, 0x1F, 0x20, 0xE5, 0x00, 0x7B, 0x00, 0x1F, 0x20, 0xE5,
    0x00, 0x7B, 0x00, 0x1F, 0x20, 0xE5, 0x00, 0x7B, 0x00, 0x1F, 0x20, 0xE5, 0x00, 0x7B, 0x00, 0x1F,
    0x20, 0xE5, 0x00, 0x7B, 0x00, 0x1F, 0x20, 0xE5, 0x00, 0x7B, 0x00, 0x1F, 0x20, 0xE5, 0x00, 0x7B,
    0x00, 0x1F, 0x20, 0xEF, 0xFF, 0xFF, 0xFF, 0xFF, 0xF0, 0x00, 0x00, 0x00, 0x00, 0x01, 0xF0, 0x00,
    0x00, 0x00, 0x00, 0x01, 0xF0, 0xDF, 0xFE, 0x00, 0x00, 0x00, 0x00, 0x4E, 0x00, 0x00, 0x00, 0x00,
    0x4E, 0x00, 0x00, 0x00, 0x00, 0x4E, 0x00, 0x00, 0x00, 0x00, 0x4F, 0xFF, 0xFC, 0x40, 0x00, 0x4E,
    0x00, 0x07, 0xF1, 0x00, 0x4E, 0x00, 0x00, 0xF4, 0x00, 0x4E, 0x00, 0x07, 0xF1, 0x00, 0x4F, 0xFF,
    0xFC, 0x30, 0xE5, 0x00, 0x00, 0x02, 0xF1, 0xE5, 0x00, 0x00, 0x02, 0xF1, 0xE5, 0x00, 0x00, 0x02,
    0xF1, 0xE5, 0x00, 0x00, 0x02, 0xF1, 0xEF, 0xFF, 0xE9, 0x02, 0xF1, 0xE5, 0x00, 0x2D, 0x72, 0xF1,
    0xE5, 0x00, 0x09, 0xA2, 0xF1, 0xE5, 0x00, 0x3E, 0x72, 0xF1, 0xEF, 0xFF, 0xE8, 0x02, 0xF1, 0xF4,
    0x00, 0x00, 0x0F, 0x40, 0x00, 0x00, 0xF4, 0x00, 0x00, 0x0F, 0x40, 0x00, 0x00, 0xFF, 0xFF, 0xE8,
    0x0F, 0x40, 0x03, 0xE6, 0xF4, 0x00, 0x0A, 0x9F, 0x40, 0x03, 0xE5, 0xFF, 0xFF, 0xD7, 0x00, 0x00,
    0x8E, 0xFC, 0x40, 0x00, 0x8D, 0x31, 0x5F, 0x40, 0x0F, 0x50, 0x00, 0x7C, 0x00, 0x00, 0x00, 0x03,
    0xF0, 0x00, 0x0D, 0xFF, 0xFF, 0x00, 0x00, 0x00, 0x03, 0xF0, 0x0F, 0x50, 0x00, 0x7C, 0x00, 0x8D,
    0x20, 0x5F, 0x40, 0x00, 0x8E, 0xFD, 0x40, 0x00, 0xD6, 0x00, 0x7D, 0xFD, 0x50, 0x0D, 0x60, 0x7E,
    0x41, 0x5E, 0x50, 0xD6, 0x0F, 0x40, 0x00, 0x6D, 0x0D, 0x63, 0xF0, 0x00, 0x02, 0xF1, 0xDF, 0xFF,
    0x00, 0x00, 0x1F, 0x2D, 0x63, 0xF0, 0x00, 0x02, 0xF1, 0xD6, 0x0F, 0x40, 0x00, 0x6D, 0x0D, 0x60,
    0x7D, 0x41, 0x5E, 0x50, 0xD6, 0x00, 0x6E, 0xFD, 0x50, 0x00, 0x02, 0xBF, 0xFF, 0xF2, 0x0D, 0xA1,
    0x01, 0xF2, 0x0F, 0x30, 0x01, 0xF2, 0x0C, 0xA1, 0x01, 0xF2, 0x01, 0xCF, 0xFF, 0xF2, 0x00, 0xB9,
    0x01, 0xF2, 0x03, 0xF1, 0x01, 0xF2, 0x0A, 0x90, 0x01, 0xF2, 0x2F, 0x20, 0x01, 0xF2, 0x04, 0xCF,
    0xD4, 0x00, 0xF5, 0x06, 0xF0, 0x00, 0x00, 0x1F, 0x10, 0x5D, 0xDE, 0xF2, 0x2F, 0x20, 0x1F, 0x23,
    0xF3, 0x19, 0xF2, 0x07, 0xEE, 0x8F, 0x40, 0x00, 0x00, 0x2E, 0x20, 0x06, 0xEE, 0x80, 0x07, 0xC3,
    0x00, 0x00, 0xE9, 0xEE, 0x60, 0x4F, 0x70, 0x3E, 0x47, 0xF0, 0x00, 0x8A, 0x9F, 0x00, 0x07, 0xB3,
    0xF0, 0x00, 0x99, 0x0D, 0x80, 0x3F, 0x30, 0x1B, 0xFE, 0x50, 0xFF, 0xFE, 0x90, 0xF2, 0x01, 0xD6,
    0xF2, 0x01, 0xD5, 0xFF, 0xFF, 0xD0, 0xF2, 0x00, 0xB9, 0xF2, 0x00, 0xAA, 0xFF, 0xFF, 0xB2, 0x0F,
    0xFF, 0xF5, 0x0F, 0x20, 0x00, 0x0F, 0x20, 0x00, 0x0F, 0x20, 0x00, 0x0F, 0x20, 0x00, 0x0F, 0x20,
    0x00, 0x0F, 0x20, 0x00, 0x00, 0xFF, 0xFF, 0x90, 0x00, 0xF5, 0x1A, 0x90, 0x00, 0xF3, 0x09, 0x90,
    0x01, 0xF1, 0x09, 0x90, 0x04, 0xE0, 0x09, 0x90, 0x0C, 0x80, 0x09, 0x90, 0xFF, 0xFF, 0xFF, 0xF6,
    0xB7, 0x00, 0x00, 0xB7, 0xB7, 0x00, 0x00, 0xB7, 0x02, 0xBF, 0xD3, 0x00, 0xD7, 0x05, 0xE0, 0x4E,
    0x00, 0x0D, 0x46, 0xFF, 0xFF, 0xF6, 0x4E, 0x00, 0x00, 0x00, 0xE8, 0x01, 0xA1, 0x02, 0xBE, 0xE7,
    0x00, 0x4F, 0x20, 0xA8, 0x03, 0xF3, 0x0A, 0xB0, 0xA8, 0x0C, 0x90, 0x01, 0xE4, 0xA9, 0x6D, 0x00,
    0x00, 0xCF, 0xFF, 0xFA, 0x00, 0x02, 0xF3, 0xA8, 0x4F, 0x10, 0x0C, 0x90, 0xA8, 0x0A, 0xB0, 0x8E,
    0x00, 0xA8, 0x01, 0xE7, 0x06, 0xDF, 0xC2, 0x3F, 0x30, 0x9B, 0x00, 0x00, 0x8A, 0x00, 0xFF, 0xF3,
    0x00, 0x00, 0x7D, 0x5E, 0x20, 0x7D, 0x07, 0xEF, 0xC3, 0xF2, 0x01, 0xE8, 0xF2, 0x09, 0xF8, 0xF2,
    0x3E, 0xB8, 0xF3, 0xD5, 0xA8, 0xFA, 0xB0, 0xA8, 0xFF, 0x20, 0xA8, 0xF7, 0x00, 0xA8, 0x1E, 0x07,
    0x80, 0x08, 0xCB, 0x10, 0x00, 0x00, 0x00, 0xF2, 0x01, 0xE8, 0xF2, 0x09, 0xF8, 0xF2, 0x3E, 0xB8,
    0xF3, 0xD5, 0xA8, 0xFA, 0xB0, 0xA8, 0xFF, 0x20, 0xA8, 0xF7, 0x00, 0xA8, 0xF2, 0x02, 0xF4, 0xF2,
    0x0D, 0x70, 0xF3, 0xAA, 0x00, 0xFF, 0xF2, 0x00, 0xF2, 0x9D, 0x00, 0xF2, 0x0C, 0xA0, 0xF2, 0x01,
    0xE8, 0x02, 0xFF, 0xFF, 0x80, 0x3F, 0x00, 0xA8, 0x03, 0xE0, 0x0A, 0x80, 0x4D, 0x00, 0xA8, 0x06,
    0xC0, 0x0A, 0x80, 0xB8, 0x00, 0xA8, 0xBC, 0x10, 0x0A, 0x80, 0xFE, 0x00, 0x01, 0xFC, 0xFF, 0x20,
    0x07, 0xFA, 0xFB, 0x90, 0x0E, 0xBA, 0xF4, 0xE1, 0x5C, 0x8A, 0xF2, 0xA7, 0xC5, 0x8A, 0xF2, 0x3E,
    0xE0, 0x8A, 0xF2, 0x0C, 0x70, 0x8A, 0xF2, 0x00, 0xA8, 0xF2, 0x00, 0xA8, 0xF2, 0x00, 0xA8, 0xFF,
    0xFF, 0xF8, 0xF2, 0x00, 0xA8, 0xF2, 0x00, 0xA8, 0xF2, 0x00, 0xA8, 0x02, 0xBF, 0xE5, 0x00, 0xD8,
    0x03, 0xE4, 0x4E, 0x00, 0x08, 0xB6, 0xC0, 0x00, 0x5D, 0x4E, 0x00, 0x08, 0xB0, 0xD7, 0x03, 0xE4,
    0x02, 0xBF, 0xD6, 0x00, 0xFF, 0xFF, 0xF8, 0xF2, 0x00, 0xA8, 0xF2, 0x00, 0xA8, 0xF2, 0x00, 0xA8,
    0xF2, 0x00, 0xA8, 0xF2, 0x00, 0xA8, 0xF2, 0x00, 0xA8, 0x1F, 0x8E, 0xE7, 0x01, 0xF8, 0x04, 0xF4,
    0x1F, 0x10, 0x0A, 0x91, 0xF1, 0x00, 0x8A, 0x1F, 0x10, 0x0A, 0x91, 0xF8, 0x03, 0xF3, 0x1F, 0x9E,
    0xE7, 0x01, 0xF1, 0x00, 0x00, 0x1F, 0x10, 0x00, 0x01, 0xF1, 0x00, 0x00, 0x02, 0xCF, 0xD5, 0x00,
    0xE7, 0x04, 0xF2, 0x4E, 0x00, 0x06, 0x26, 0xC0, 0x00, 0x00, 0x4E, 0x00, 0x03, 0x10, 0xE7, 0x04,
    0xF2, 0x02, 0xCF, 0xD4, 0x00, 0xBF, 0xFF, 0xFF, 0x00, 0x7B, 0x00, 0x00, 0x7B, 0x00, 0x00, 0x7B,
    0x00, 0x00, 0x7B, 0x00, 0x00, 0x7B, 0x00, 0x00, 0x7B, 0x00, 0xB9, 0x00, 0x6D, 0x5E, 0x00, 0xB7,
    0x0F, 0x30, 0xF2, 0x0A, 0x84, 0xD0, 0x04, 0xD9, 0x70, 0x00, 0xEF, 0x20, 0x00, 0xCF, 0x00, 0x00,
    0xA7, 0x00, 0x03, 0xE1, 0x00, 0x6E, 0x60, 0x00, 0x00, 0x00, 0xE4, 0x00, 0x00, 0x00, 0x0E, 0x40,
    0x00, 0x00, 0x00, 0xE4, 0x00, 0x00, 0x4D, 0xEF, 0xFF, 0x90, 0x0E, 0x70, 0xF6, 0x2E, 0x53, 0xE0,
    0x0F, 0x70, 0x8A, 0x5D, 0x00, 0xF7, 0x06, 0xC4, 0xE0, 0x0F, 0x70, 0x7B, 0x0F, 0x50, 0xF6, 0x1D,
    0x60, 0x4D, 0xEF, 0xFF, 0x90, 0x00, 0x00, 0xE4, 0x00, 0x00, 0x00, 0x0E, 0x40, 0x00, 0x00, 0x00,
    0xE4, 0x00, 0x00, 0x5E, 0x10, 0x9C, 0x00, 0xA9, 0x3F, 0x20, 0x01, 0xED, 0x70, 0x00, 0x09, 0xF0,
    0x00, 0x02, 0xFC, 0x80, 0x00, 0xC8, 0x2F, 0x30, 0x6E, 0x00, 0x7C, 0x00, 0xF2, 0x00, 0xA8, 0x0F,
    0x20, 0x0A, 0x80, 0xF2, 0x00, 0xA8, 0x0F, 0x20, 0x0A, 0x80, 0xF2, 0x00, 0xA8, 0x0F, 0x20, 0x0A,
    0x80, 0xFF, 0xFF, 0xFF, 0x40, 0x00, 0x00, 0xD4, 0x00, 0x00, 0x0D, 0x30, 0x5D, 0x00, 0x1F, 0x15,
    0xD0, 0x01, 0xF1, 0x5E, 0x00, 0x1F, 0x11, 0xF4, 0x03, 0xF1, 0x05, 0xEF, 0xFF, 0x10, 0x00, 0x01,
    0xF1, 0x00, 0x00, 0x1F, 0x10, 0xF2, 0x05, 0xD0, 0x0A, 0x8F, 0x20, 0x5D, 0x00, 0xA8, 0xF2, 0x05,
    0xD0, 0x0A, 0x8F, 0x20, 0x5D, 0x00, 0xA8, 0xF2, 0x05, 0xD0, 0x0A, 0x8F, 0x20, 0x5D, 0x00, 0xA8,
    0xFF, 0xFF, 0xFF, 0xFF, 0x80, 0x1F, 0x10, 0x6C, 0x00, 0xB7, 0x01, 0xF1, 0x06, 0xC0, 0x0B, 0x70,
    0x1F, 0x10, 0x6C, 0x00, 0xB7, 0x01, 0xF1, 0x06, 0xC0, 0x0B, 0x70, 0x1F, 0x10, 0x6C, 0x00, 0xB7,
    0x01, 0xF1, 0x06, 0xC0, 0x0B, 0x70, 0x1F, 0xFF, 0xFF, 0xFF, 0xFF, 0x60, 0x00, 0x00, 0x00, 0x00,
    0xB6, 0x00, 0x00, 0x00, 0x00, 0x0B, 0x50, 0xCF, 0xF9, 0x00, 0x00, 0x00, 0xC6, 0x00, 0x00, 0x00,
    0xCF, 0xFF, 0xA0, 0x00, 0xC6, 0x01, 0xD8, 0x00, 0xC6, 0x00, 0x8A, 0x00, 0xC6, 0x01, 0xC7, 0x00,
    0xCF, 0xFE, 0xA0, 0xF2, 0x00, 0x00, 0x4F, 0xF2, 0x00, 0x00, 0x4F, 0xFF, 0xFE, 0x80, 0x4F, 0xF2,
    0x02, 0xF4, 0x4F, 0xF2, 0x00, 0xB7, 0x4F, 0xF2, 0x02, 0xE3, 0x4F, 0xFF, 0xFE, 0x70, 0x4F, 0xF2,
    0x00, 0x00, 0xF2, 0x00, 0x00, 0xFF, 0xFE, 0x80, 0xF2, 0x02, 0xF4, 0xF2, 0x00, 0xB7, 0xF2, 0x02,
    0xE3, 0xFF, 0xFE, 0x70, 0x05, 0xDF, 0xB1, 0x03, 0xE2, 0x09, 0xC0, 0x00, 0x00, 0x0F, 0x20, 0x07,
    0xFF, 0xF4, 0x00, 0x00, 0x0F, 0x23, 0xE2, 0x09, 0xC0, 0x07, 0xEF, 0xB1, 0x00, 0xF2, 0x00, 0x9F,
    0xE8, 0x00, 0xF2, 0x0A, 0xB1, 0x2C, 0x80, 0xF2, 0x0F, 0x20, 0x04, 0xE0, 0xFF, 0xFF, 0x00, 0x02,
    0xF0, 0xF2, 0x0F, 0x20, 0x04, 0xE0, 0xF2, 0x0A, 0xB1, 0x1C, 0x80, 0xF2, 0x00, 0x9E, 0xE8, 0x00,
    0x07, 0xEF, 0xFF, 0x23, 0xF2, 0x00, 0xF2, 0x3F, 0x20, 0x0F, 0x20, 0x8F, 0xFF, 0xF2, 0x05, 0xE0,
    0x0F, 0x20, 0xD6, 0x00, 0xF2, 0x6D, 0x00, 0x0F, 0x20, 0x04, 0xF2, 0x00, 0x00, 0x06, 0xB0, 0x00,
    0x00, 0x00, 0x00, 0x00, 0x2B, 0xFD, 0x30, 0x0D, 0x70, 0x5E, 0x04, 0xE0, 0x00, 0xD4, 0x6F, 0xFF,
    0xFF, 0x64, 0xE0, 0x00, 0x00, 0x0E, 0x80, 0x1A, 0x10, 0x2B, 0xEE, 0x70, 0x00, 0x30, 0x12, 0x00,
    0x3D, 0x07, 0x90, 0x00, 0x00, 0x00, 0x00, 0x2B, 0xFD, 0x30, 0x0D, 0x70, 0x5E, 0x04, 0xE0, 0x00,
    0xD4, 0x6F, 0xFF, 0xFF, 0x64, 0xE0, 0x00, 0x00, 0x0E, 0x80, 0x1A, 0x10, 0x2B, 0xEE, 0x70, 0x01,
    0xF1, 0x00, 0x00, 0x2F, 0xFF, 0xD0, 0x00, 0x01, 0xF1, 0x00, 0x00, 0x01, 0xF7, 0xDE, 0x80, 0x01,
    0xFA, 0x14, 0xF2, 0x01, 0xF1, 0x00, 0xE4, 0x01, 0xF1, 0x00, 0xE4, 0x01, 0xF1, 0x00, 0xF7, 0x01,
    0xF1, 0x00, 0xF9, 0x01, 0xF1, 0x00, 0xF9, 0x00, 0x00, 0x00, 0xE4, 0x00, 0x00, 0x01, 0xF2, 0x00,
    0x00, 0x6E, 0x80, 0x00, 0x4E, 0x10, 0x00, 0xD3, 0x00, 0x00, 0x00, 0x00, 0x0F, 0xFF, 0xF5, 0x0F,
    0x20, 0x00, 0x0F, 0x20, 0x00, 0x0F, 0x20, 0x00, 0x0F, 0x20, 0x00, 0x0F, 0x20, 0x00, 0x0F, 0x20,
    0x00, 0x02, 0xBF, 0xD5, 0x00, 0xD8, 0x03, 0xF2, 0x3F, 0x00, 0x05, 0x36, 0xFF, 0xF6, 0x00, 0x3F,
    0x00, 0x03, 0x10, 0xD7, 0x03, 0xE3, 0x02, 0xCF, 0xD4, 0x00, 0x05, 0xDF, 0xC3, 0x00, 0xF4, 0x08,
    0xD0, 0x0F, 0x60, 0x02, 0x00, 0x3B, 0xEB, 0x30, 0x13, 0x00, 0x7F, 0x03, 0xF3, 0x05, 0xE0, 0x06,
    0xDF, 0xD4, 0x00, 0x03, 0x00, 0xE2, 0x00, 0x00, 0xF2, 0x0F, 0x20, 0xF2, 0x0F, 0x20, 0xF2, 0x0F,
    0x20, 0xF2, 0x17, 0x03, 0x52, 0x90, 0x57, 0x00, 0x00, 0x00, 0x0F, 0x20, 0x00, 0xF2, 0x00, 0x0F,
    0x20, 0x00, 0xF2, 0x00, 0x0F, 0x20, 0x00, 0xF2, 0x00, 0x0F, 0x20, 0x00, 0x30, 0x01, 0xE1, 0x00,
    0x00, 0x01, 0xF1, 0x01, 0xF1, 0x01, 0xF1, 0x01, 0xF1, 0x01, 0xF1, 0x01, 0xF1, 0x01, 0xF1, 0x01,
    0xF1, 0x03, 0xF0, 0x6F, 0x80, 0x02, 0xFF, 0xFF, 0x40, 0x00, 0x00, 0x3F, 0x00, 0xE4, 0x00, 0x00,
    0x03, 0xE0, 0x0E, 0x40, 0x00, 0x00, 0x4D, 0x00, 0xEF, 0xFE, 0xA0, 0x06, 0xB0, 0x0E, 0x40, 0x1C,
    0x71, 0xC8, 0x00, 0xE4, 0x00, 0xC7, 0xBC, 0x10, 0x0E, 0xFF, 0xEA, 0x00, 0xF2, 0x00, 0xA8, 0x00,
    0x00, 0xF2, 0x00, 0xA8, 0x00, 0x00, 0xF2, 0x00, 0xA8, 0x00, 0x00, 0xFF, 0xFF, 0xFF, 0xFE, 0xB2,
    0xF2, 0x00, 0xA8, 0x01, 0xAB, 0xF2, 0x00, 0xA8, 0x00, 0x9B, 0xF2, 0x00, 0xAF, 0xFF, 0xB2, 0x01,
    0xF1, 0x00, 0x00, 0x0F, 0xFF, 0xF0, 0x00, 0x01, 0xF1, 0x00, 0x00, 0x01, 0xF7, 0xDE, 0x80, 0x01,
    0xFA, 0x14, 0xF2, 0x01, 0xF1, 0x00, 0xE4, 0x01, 0xF1, 0x00, 0xE4, 0x01, 0xF1, 0x00, 0xE4, 0x01,
    0xF1, 0x00, 0xE4, 0x01, 0xF1, 0x00, 0xE4, 0x00, 0x4E, 0x10, 0x00, 0xD3, 0x00, 0x00, 0x00, 0x00,
    0xF2, 0x02, 0xF4, 0xF2, 0x0D, 0x70, 0xF3, 0xAA, 0x00, 0xFF, 0xF2, 0x00, 0xF2, 0x9D, 0x00, 0xF2,
    0x0C, 0xA0, 0xF2, 0x01, 0xE8, 0x4F, 0x20, 0x00, 0x06, 0xB0, 0x00, 0x00, 0x00, 0x00, 0xF2, 0x01,
    0xE8, 0xF2, 0x09, 0xF8, 0xF2, 0x3E, 0xB8, 0xF3, 0xD5, 0xA8, 0xFA, 0xB0, 0xA8, 0xFF, 0x20, 0xA8,
    0xF7, 0x00, 0xA8, 0x01, 0xE0, 0x78, 0x00, 0x8C, 0xB1, 0x00, 0x00, 0x00, 0xB9, 0x00, 0x6D, 0x5E,
    0x00, 0xB7, 0x0F, 0x30, 0xF2, 0x0A, 0x84, 0xD0, 0x04, 0xD9, 0x70, 0x00, 0xEF, 0x20, 0x00, 0xCF,
    0x00, 0x00, 0xA7, 0x00, 0x03, 0xE1, 0x00, 0x6E, 0x60, 0x00, 0xF2, 0x00, 0xA8, 0xF2, 0x00, 0xA8,
    0xF2, 0x00, 0xA8, 0xF2, 0x00, 0xA8, 0xF2, 0x00, 0xA8, 0xF2, 0x00, 0xA8, 0xFF, 0xFF, 0xF8, 0x00,
    0xD5, 0x00, 0x00, 0xD5, 0x00, 0x0F, 0x30, 0x0F, 0x70, 0x0B, 0x80, 0xF3, 0x00, 0xF7, 0x00, 0xB8,
    0x0F, 0x30, 0x0F, 0x70, 0x0B, 0x80, 0xF3, 0x00, 0xF7, 0x00, 0xB8, 0x0F, 0x30, 0x0F, 0x70, 0x0B,
    0x80, 0xF3, 0x00, 0xF7, 0x00, 0xB8, 0x0F, 0x30, 0x0F, 0x70, 0x0C, 0x70, 0xC9, 0x05, 0xFB, 0x13,
    0xF4, 0x02, 0xCF, 0xD4, 0x9F, 0xE7, 0x00, 0x3F, 0x00, 0xEF, 0x00, 0xF3, 0x3F, 0x00, 0xEF, 0x00,
    0xF3, 0x3F, 0x00, 0xEF, 0x00, 0xF3, 0x3F, 0x00, 0xEF, 0x00, 0xF3, 0x2F, 0x00, 0xEF, 0x00, 0xF3,
    0x0F, 0x41, 0xFF, 0x13, 0xF1, 0x05, 0xEE, 0x88, 0xEE, 0x50, 0x00, 0xF4, 0x00, 0x00, 0x04, 0xFF,
    0xFB, 0x00, 0x00, 0x00, 0xF4, 0x00, 0x00, 0x00, 0x0F, 0x40, 0x00, 0x00, 0x00, 0xFF, 0xFF, 0xE7,
    0x00, 0x0F, 0x40, 0x03, 0xE6, 0x00, 0xF4, 0x00, 0x0A, 0x90, 0x0F, 0x40, 0x03, 0xE5, 0x00, 0xFF,
    0xFF, 0xD7, 0x00, 0x00, 0xF2, 0x00, 0x00, 0x00, 0xF2, 0x00, 0x00, 0x3F, 0xFF, 0xF3, 0x00, 0x00,
    0xF2, 0x00, 0x00, 0x00, 0xF2, 0x00, 0x00, 0x00, 0xFF, 0xFD, 0x70, 0x00, 0xF2, 0x03, 0xF4, 0x00,
    0xF2, 0x00, 0xC7, 0x00, 0xF2, 0x02, 0xE4, 0x00, 0xFF, 0xFE, 0x70, 0xD6, 0x00, 0x7E, 0xFD, 0x50,
    0xD6, 0x09, 0xD3, 0x05, 0xF3, 0xD6, 0x1F, 0x30, 0x00, 0xAA, 0xD6, 0x4F, 0x00, 0x00, 0x01, 0xEF,
    0xFF, 0xFF, 0xF4, 0x00, 0xD6, 0x4E, 0x00, 0x00, 0x00, 0xD6, 0x1F, 0x20, 0x00, 0xAA, 0xD6, 0x09,
    0xC2, 0x05, 0xF3, 0xD6, 0x00, 0x8E, 0xFC, 0x40, 0x0F, 0x20, 0x4D, 0xFD, 0x40, 0x0F, 0x22, 0xF4,
    0x05, 0xF0, 0x0F, 0x28, 0xA0, 0x00, 0x00, 0x0F, 0xFF, 0xFF, 0xF5, 0x00, 0x0F, 0x28, 0xA0, 0x00,
    0x00, 0x0F, 0x22, 0xF4, 0x05, 0xE0, 0x0F, 0x20, 0x4D, 0xFC, 0x30, 0x00, 0x0B, 0xF0, 0x00, 0x00,
    0x0F, 0xF3, 0x00, 0x00, 0x5D, 0x99, 0x00, 0x00, 0xB7, 0x3E, 0x00, 0x01, 0xF2, 0x0E, 0x50, 0x09,
    0xFF, 0xFF, 0xF0, 0x0D, 0x68, 0xA2, 0xF1, 0x3F, 0x18, 0xA0, 0xD6, 0x9B, 0x08, 0xA0, 0x7C, 0x00,
    0x4F, 0x20, 0x00, 0x0B, 0xF8, 0x00, 0x01, 0xF5, 0xE0, 0x00, 0x8A, 0x0D, 0x50, 0x0F, 0xFF, 0xFF,
    0x04, 0xE2, 0xF1, 0xF2, 0xB7, 0x2F, 0x0A, 0x80, 0xB8, 0x00, 0x04, 0xF3, 0x00, 0x0B, 0x80, 0x00,
    0x9F, 0x90, 0x00, 0xB8, 0x00, 0x0F, 0x6E, 0x00, 0x0B, 0x80, 0x05, 0xD0, 0xD4, 0x00, 0xB8, 0x00,
    0xC8, 0x08, 0xB0, 0x0B, 0xFF, 0xFF, 0xFF, 0xFF, 0x10, 0xB8, 0x07, 0xC3, 0xF0, 0xD6, 0x0B, 0x80,
    0xD6, 0x2F, 0x07, 0xC0, 0xB8, 0x3F, 0x12, 0xF0, 0x1F, 0x20, 0xC6, 0x00, 0x7F, 0x00, 0x0C, 0x60,
    0x0D, 0xF5, 0x00, 0xC6, 0x04, 0xE7, 0xC0, 0x0C, 0x60, 0xA8, 0x1F, 0x20, 0xFF, 0xFF, 0xFF, 0xFB,
    0x0C, 0x67, 0xB5, 0xD3, 0xE0, 0xC6, 0xD5, 0x5D, 0x0D, 0x60, 0x00, 0xEF, 0xFF, 0xFF, 0xF2, 0x00,
    0x04, 0xF1, 0x00, 0xD7, 0x00, 0x00, 0x0A, 0xA0, 0x7D, 0x00, 0x00, 0x00, 0x1F, 0x5F, 0x30, 0x00,
    0x02, 0xCF, 0xFF, 0xFF, 0xC3, 0x00, 0xD9, 0x10, 0xF3, 0x18, 0xE0, 0x0F, 0x30, 0x0F, 0x20, 0x1F,
    0x21, 0xF2, 0x00, 0xF2, 0x01, 0xF2, 0x1F, 0x20, 0x0F, 0x20, 0x1F, 0x20, 0x00, 0xFF, 0xFF, 0xFA,
    0x00, 0x05, 0xE0, 0x4E, 0x00, 0x00, 0x0B, 0x8D, 0x50, 0x00, 0x2B, 0xFF, 0xFE, 0x80, 0x0C, 0x90,
    0xF7, 0x2E, 0x50, 0xF2, 0x0C, 0x60, 0x98, 0x0F, 0x20, 0xC6, 0x09, 0x90, 0xD6, 0x00, 0x5F, 0xFF,
    0xFF, 0xFA, 0x0D, 0x60, 0x00, 0xBA, 0x00, 0x4F, 0x10, 0xD6, 0x00, 0x02, 0xF3, 0x0D, 0x70, 0x0D,
    0x60, 0x00, 0x08, 0xC7, 0xD0, 0x00, 0xDF, 0xFF, 0xFF, 0xFF, 0xFF, 0xD8, 0x0D, 0x60, 0x3F, 0x41,
    0xBF, 0x13, 0xD7, 0xD6, 0x07, 0xC0, 0x07, 0xC0, 0x08, 0xBD, 0x60, 0x8B, 0x00, 0x7C, 0x00, 0x8B,
    0xD6, 0x08, 0xB0, 0x07, 0xC0, 0x08, 0xB0, 0x0F, 0x20, 0x0E, 0xFF, 0xFF, 0xF0, 0x0F, 0x20, 0x03,
    0xF1, 0x2F, 0x20, 0x0F, 0x20, 0x00, 0x9A, 0xB8, 0x00, 0x0F, 0xFF, 0xFF, 0xFF, 0xFE, 0x90, 0x0F,
    0x20, 0xAB, 0x1C, 0xA1, 0xD7, 0x0F, 0x20, 0xD5, 0x0A, 0x80, 0x7B, 0x0F, 0x20, 0xE4, 0x0A, 0x80,
    0x6C, 0x02, 0xC2, 0xD2, 0x00, 0x5F, 0x30, 0x00, 0x00, 0x00, 0x2F, 0xFE, 0x80, 0x00, 0x01, 0xC8,
    0x00, 0x00, 0x6C, 0x00, 0x01, 0xC7, 0x05, 0xFF, 0xB0, 0x00, 0x02, 0xB9, 0x00, 0x00, 0x4E, 0x00,
    0x00, 0x7C, 0x05, 0x9B, 0xE3, 0x5D, 0x53, 0x00, 0x5C, 0x00, 0x00, 0x09, 0x60, 0x00, 0x0A, 0x68,
    0x80, 0x00, 0xCB, 0x00, 0x00, 0x00, 0x00, 0x2F, 0xFE, 0x80, 0x00, 0x02, 0xD5, 0x00, 0x02, 0xD4,
    0x06, 0xFF, 0xB0, 0x00, 0x01, 0xC6, 0x00, 0x00, 0xB8, 0x08, 0xCE, 0xC1, 0x6D, 0x32, 0x00, 0x5C,
    0x00, 0x00, 0x09, 0x60, 0x00, 0x6C, 0x03, 0xF0, 0x0E, 0x56, 0xC0, 0x3F, 0x00, 0xE5, 0x6C, 0x03,
    0xF0, 0x0E, 0x56, 0xD0, 0x3F, 0x00, 0xE4, 0x3F, 0x23, 0xF0, 0x3F, 0x20, 0xAD, 0x9F, 0x6E, 0x80,
    0x00, 0x5D, 0xFA, 0x50, 0x00, 0x00, 0x3F, 0x00, 0x00, 0x00, 0x03, 0xF0, 0x00, 0x00, 0x6C, 0x01,
    0xF1, 0x4F, 0x06, 0xC0, 0x1F, 0x10, 0xE5, 0x6C, 0x01, 0xF1, 0x0B, 0x75, 0xD0, 0x1F, 0x10, 0xA8,
    0x3F, 0x11, 0xF1, 0x0E, 0x50, 0xBB, 0x4F, 0x3B, 0xD0, 0x00, 0x8F, 0xFF, 0xA1, 0x00, 0x00, 0x1F,
    0x10, 0x00, 0x00, 0x01, 0xF1, 0x00, 0x00, 0x00, 0x1F, 0x10, 0x00, 0x00, 0x7E, 0xFC, 0x50, 0x00,
    0x8D, 0x30, 0x4E, 0x40, 0x1F, 0x20, 0x00, 0x6C, 0x04, 0xE0, 0x00, 0x02, 0xF0, 0x5F, 0xFF, 0xFF,
    0xFF, 0x14, 0xE0, 0x00, 0x03, 0xF0, 0x1F, 0x30, 0x00, 0x7C, 0x00, 0x8D, 0x30, 0x4E, 0x40, 0x00,
    0x7D, 0xFD, 0x40, 0x00, 0x02, 0xBF, 0xE5, 0x00, 0xD8, 0x03, 0xE4, 0x4E, 0x00, 0x08, 0xA6, 0xFF,
    0xFF, 0xFC, 0x4E, 0x00, 0x07, 0xA0, 0xD8, 0x03, 0xE4, 0x02, 0xBF, 0xD6, 0x00, 0xAA, 0x00, 0x00,
    0x7D, 0x5F, 0x00, 0x02, 0xF3, 0x0E, 0x40, 0x07, 0xB0, 0x09, 0x90, 0x0D, 0x50, 0x04, 0xE0, 0x2F,
    0x00, 0x00, 0xE4, 0x7A, 0x00, 0x00, 0x89, 0xD4, 0x00, 0x00, 0x2F, 0xE0, 0x00, 0x00, 0x0F, 0xC0,
    0x00, 0x8A, 0x00, 0x2D, 0x73, 0xF0, 0x0A, 0x90, 0x0D, 0x40, 0xE3, 0x00, 0x89, 0x3D, 0x00, 0x02,
    0xD8, 0x70, 0x00, 0x0D, 0xE2, 0x00, 0x00, 0x8F, 0x00, 0x00, 0x0B, 0x9B, 0x80, 0x00, 0x00, 0xC6,
    0xD2, 0x00, 0x00, 0x00, 0x00, 0x00, 0xAA, 0x00, 0x00, 0x7D, 0x5F, 0x00, 0x02, 0xF3, 0x0E, 0x40,
    0x07, 0xB0, 0x09, 0x90, 0x0D, 0x50, 0x04, 0xE0, 0x2F, 0x00, 0x00, 0xE4, 0x7A, 0x00, 0x00, 0x89,
    0xD4, 0x00, 0x00, 0x2F, 0xE0, 0x00, 0x00, 0x0F, 0xC0, 0x00, 0x0B, 0x9B, 0x80, 0x00, 0x00, 0xC6,
    0xD2, 0x00, 0x00, 0x00, 0x00, 0x00, 0x08, 0xA0, 0x02, 0xD7, 0x03, 0xF0, 0x0A, 0x90, 0x00, 0xD4,
    0x0E, 0x30, 0x00, 0x89, 0x3D, 0x00, 0x00, 0x2D, 0x87, 0x00, 0x00, 0x0D, 0xE2, 0x00, 0x00, 0x08,
    0xF0, 0x00, 0x00, 0x6D, 0xFD, 0x60, 0x00, 0x00, 0x00, 0x00, 0x6E, 0x41, 0x5E, 0x50, 0x00, 0x00,
    0x00, 0x0E, 0x50, 0x00, 0x6E, 0x0B, 0x90, 0x06, 0xD3, 0xF0, 0x00, 0x02, 0xF2, 0x5E, 0x00, 0xB7,
    0x3F, 0x00, 0x00, 0x0F, 0x20, 0xF3, 0x0F, 0x23, 0xF0, 0x00, 0x02, 0xF2, 0x0A, 0x84, 0xD0, 0x0E,
    0x50, 0x00, 0x5E, 0x00, 0x4D, 0x97, 0x00, 0x6E, 0x41, 0x4E, 0x60, 0x00, 0xEF, 0x20, 0x00, 0x6D,
    0xFD, 0x50, 0x00, 0x0C, 0xF0, 0x00, 0x00, 0x00, 0x00, 0x00, 0x00, 0xA7, 0x00, 0x00, 0x00, 0x00,
    0x00, 0x00, 0x3E, 0x10, 0x00, 0x00, 0x00, 0x00, 0x00, 0x6E, 0x60, 0x00, 0x02, 0xBF, 0xE5, 0x0B,
    0x90, 0x06, 0xD0, 0xD8, 0x03, 0xE4, 0x5E, 0x00, 0xB7, 0x4E, 0x00, 0x08, 0xB0, 0xF3, 0x0F, 0x26,
    0xC0, 0x00, 0x5D, 0x0A, 0x84, 0xD0, 0x4E, 0x00, 0x08, 0xB0, 0x4D, 0x97, 0x00, 0xD7, 0x03, 0xE4,
    0x00, 0xEF, 0x20, 0x02, 0xBF, 0xD6, 0x00, 0x0C, 0xF0, 0x00, 0x00, 0x00, 0x00, 0x00, 0xA7, 0x00,
    0x00, 0x00, 0x00, 0x00, 0x3E, 0x10, 0x00, 0x00, 0x00, 0x00, 0x6E, 0x60, 0x00, 0x00, 0x02, 0xF0,
    0x00, 0x00, 0x07, 0xFF, 0xD5, 0x00, 0x08, 0xD6, 0xF5, 0xF4, 0x01, 0xF3, 0x00, 0x07, 0xC0, 0x4F,
    0x00, 0x00, 0x3F, 0x05, 0xD0, 0x00, 0x02, 0xF1, 0x4E, 0x00, 0x00, 0x3F, 0x01, 0xF3, 0x00, 0x07,
    0xC0, 0x08, 0xD6, 0xF5, 0xF4, 0x00, 0x07, 0xFF, 0xD4, 0x00, 0x00, 0x02, 0xF0, 0x00, 0x00, 0x00,
    0x0E, 0x40, 0x00, 0x2B, 0xFF, 0x50, 0x0D, 0x8F, 0x8E, 0x44, 0xE0, 0x00, 0x8A, 0x6C, 0x00, 0x05,
    0xC4, 0xE0, 0x00, 0x8A, 0x0D, 0x7F, 0x7E, 0x40, 0x2B, 0xFF, 0x60, 0x00, 0x0E, 0x40, 0x00, 0x00,
    0x00, 0x58, 0x30, 0x00, 0x00, 0x00, 0x2C, 0x49, 0xD6, 0x00, 0x00, 0x00, 0x08, 0x70, 0x00, 0x00,
    0x00, 0x00, 0xA2, 0x00, 0x00, 0x02, 0xC8, 0x00, 0x01, 0xE6, 0x00, 0xCA, 0x00, 0x00, 0x04, 0xF2,
    0x0F, 0x40, 0x00, 0x00, 0x0C, 0x60, 0xF3, 0x00, 0x00, 0x00, 0xC7, 0x0F, 0x30, 0x0F, 0x70, 0x0C,
    0x70, 0xF3, 0x00, 0xF7, 0x00, 0xC7, 0x0F, 0x40, 0x0F, 0x70, 0x0C, 0x60, 0xBA, 0x05, 0xFB, 0x13,
    0xF3, 0x02, 0xCF, 0xD4, 0x9F, 0xE6, 0x00, 0x00, 0x03, 0x97, 0x10, 0x00, 0x00, 0x0B, 0x56, 0xBC,
    0x00, 0x00, 0x00, 0x1E, 0x00, 0x00, 0x00, 0x00, 0x57, 0x00, 0x00, 0x05, 0xE1, 0x00, 0x1E, 0x50,
    0x0F, 0x50, 0x00, 0x04, 0xF0, 0x3F, 0x00, 0x00, 0x00, 0xF2, 0x3F, 0x00, 0xFF, 0x00, 0xF3, 0x2F,
    0x00, 0xFF, 0x00, 0xF2, 0x0F, 0x41, 0xFF, 0x14, 0xF0, 0x05, 0xEE, 0x77, 0xEE, 0x50, 0x00, 0x08,
    0xBB, 0xBB, 0x30, 0x00, 0x00, 0x00, 0xD4, 0x00, 0x00, 0x00, 0x00, 0x00, 0x00, 0x00, 0x00, 0xF3,
    0x00, 0xF7, 0x00, 0xB8, 0x0F, 0x30, 0x0F, 0x70, 0x0B, 0x80, 0xF3, 0x00, 0xF7, 0x00, 0xB8, 0x0F,
    0x30, 0x0F, 0x70, 0x0B, 0x80, 0xF3, 0x00, 0xF7, 0x00, 0xB8, 0x0F, 0x30, 0x0F, 0x70, 0x0B, 0x80,
    0xF3, 0x00, 0xF7, 0x00, 0xC7, 0x0C, 0x90, 0x5F, 0xB1, 0x3F, 0x40, 0x2C, 0xFD, 0x49, 0xFE, 0x70,
    0x00, 0x5B, 0xBB, 0xB7, 0x00, 0x00, 0x00, 0x88, 0x00, 0x00, 0x00, 0x00, 0x00, 0x00, 0x00, 0x3F,
    0x00, 0xEF, 0x00, 0xF3, 0x3F, 0x00, 0xEF, 0x00, 0xF3, 0x3F, 0x00, 0xEF, 0x00, 0xF3, 0x3F, 0x00,
    0xEF, 0x00, 0xF3, 0x2F, 0x00, 0xEF, 0x00, 0xF3, 0x0F, 0x41, 0xFF, 0x13, 0xF1, 0x05, 0xEE, 0x88,
    0xEE, 0x50, 0x00, 0x7E, 0xFD, 0x50, 0x08, 0xD3, 0x15, 0xF4, 0x0F, 0x30, 0x00, 0x99, 0x3F, 0x00,
    0x00, 0x00, 0x4F, 0x00, 0x00, 0x00, 0x3F, 0x00, 0x00, 0x00, 0x1F, 0x30, 0x00, 0x00, 0x09, 0xD2,
    0x00, 0x00, 0x00, 0x8F, 0xF0, 0x00, 0x00, 0x03, 0xF0, 0x00, 0x00, 0x03, 0xF0, 0x00, 0x02, 0xCF,
    0xD6, 0x00, 0xD8, 0x03, 0xF2, 0x3E, 0x00, 0x00, 0x05, 0xD0, 0x00, 0x00, 0x3E, 0x00, 0x00, 0x00,
    0xD8, 0x00, 0x00, 0x02, 0xCF, 0x40, 0x00, 0x00, 0xE4, 0x00, 0x00, 0x0E, 0x40, 0x00, 0x00, 0x00,
    0x04, 0xB0, 0x00, 0x49, 0x1D, 0x30, 0x00, 0x08, 0xEC, 0x00, 0x00, 0x00, 0xDC, 0xB1, 0x06, 0x07,
    0x90, 0x61, 0x1A, 0xCE, 0x10, 0x00, 0x00, 0xAF, 0x90, 0x00, 0x01, 0xE1, 0x86, 0x00, 0x09, 0x70,
    0x00, 0x00, 0x00, 0x06, 0xA9, 0xBB, 0xDA, 0xD3, 0x00, 0x00, 0x01, 0xAD, 0x90, 0xAB, 0x30, 0xD0,
    0x3E, 0x00, 0x91, 0x7A, 0x92, 0x24, 0x44, 0x40, 0x66, 0x11, 0xA2, 0x55, 0x01, 0x72, 0x52, 0x35,
    0x32, 0x50, 0x65, 0x32, 0x50, 0x92, 0x32, 0x50, 0x65, 0x32, 0x53, 0x25, 0x42, 0x56, 0x00, 0x82,
    0x79, 0x55, 0xD2, 0x00, 0x00, 0x00, 0x30, 0x00, 0x00, 0x00, 0x00, 0x00, 0x96, 0xA0, 0x00, 0x00,
    0x00, 0x64, 0x00, 0x00, 0x03, 0x60, 0x00, 0x45, 0x81, 0x00, 0x00, 0x84, 0x50, 0x00, 0x00, 0x00,
    0x00, 0x00, 0x00, 0x00, 0x31, 0x00, 0x00, 0x00, 0x00, 0x30, 0x67, 0xB0, 0x00, 0x00, 0x00, 0xA6,
    0x90, 0x00, 0x00, 0x00, 0x00, 0x00, 0x00, 0x00, 0x00, 0x00, 0x00, 0x00, 0x00, 0x00, 0x4A, 0xA0,
    0x00, 0x00, 0xAA, 0x40, 0x01, 0x01, 0x00, 0x20, 0x01, 0x01, 0x00, 0x00, 0x00, 0x97, 0xA0, 0x00,
    0x00, 0x00, 0x00, 0x00, 0x30, 0x00, 0x00, 0x00, 0x00, 0x00, 0x0B, 0x00, 0x00, 0x00, 0x00, 0x71,
    0x01, 0xA0, 0x00, 0x40, 0x00, 0x03, 0xA0, 0x00, 0x02, 0xD6, 0x00, 0x00, 0x04, 0x00, 0x00, 0x01,
    0x00, 0x00, 0x00, 0x00, 0x00, 0x00, 0x00, 0x00, 0x4C, 0x80, 0x00, 0x00, 0x00, 0xC9, 0x10, 0x02,
    0x00, 0x00, 0x00, 0x00, 0x21, 0x00, 0x00, 0x00, 0x00, 0x00, 0x00, 0x00, 0x01, 0x81, 0x00, 0x00,
    0xB0, 0x00, 0x00, 0xB5, 0x00, 0x80, 0x09, 0x40, 0x00, 0x00, 0x00, 0x0B, 0x00, 0x02, 0x00, 0x00,
    0x00, 0x02, 0x40, 0x00, 0x00, 0x00, 0x01, 0xE0, 0x78, 0x00, 0x00, 0x8C, 0xB1, 0x00, 0x00, 0x00,
    0x00, 0x00, 0xE5, 0x00, 0x06, 0xF2, 0xE5, 0x00, 0x2F, 0xF2, 0xE5, 0x00, 0xBB, 0xF2, 0xE5, 0x06,
    0xE2, 0xF2, 0xE5, 0x1F, 0x41, 0xF2, 0xE5, 0xBA, 0x01, 0xF2, 0xEB, 0xE1, 0x01, 0xF2, 0xEF, 0x50,
    0x01, 0xF2, 0xEA, 0x00, 0x01, 0xFD, 0x00, 0x00, 0x00, 0x3E, 0x00, 0x00, 0x00, 0x97, 0x00, 0x00,
    0x00, 0x10, 0x1E, 0x07, 0x80, 0x00, 0x8C, 0xB1, 0x00, 0x00, 0x00, 0x00, 0x0F, 0x20, 0x1E, 0x80,
    0xF2, 0x09, 0xF8, 0x0F, 0x23, 0xEB, 0x80, 0xF3, 0xD5, 0xA8, 0x0F, 0xAB, 0x0A, 0x80, 0xFF, 0x20,
    0xA8, 0x0F, 0x70, 0x0A, 0xBF, 0x00, 0x00, 0x04, 0xD0, 0x00, 0x00, 0x84, 0x00, 0xF4, 0x00, 0x00,
    0x04, 0xFF, 0xFB, 0x00, 0x00, 0x00, 0xF4, 0x00, 0x00, 0x00, 0x0F, 0x40, 0x00, 0x00, 0x00, 0xFF,
    0xFF, 0xE7, 0x00, 0x0F, 0x40, 0x03, 0xE6, 0x00, 0xF4, 0x00, 0x0A, 0x90, 0x0F, 0x40, 0x03, 0xE5,
    0x00, 0xFF, 0xFF, 0xD7, 0x00, 0x00, 0xF2, 0x00, 0x00, 0x3F, 0xFF, 0xF3, 0x00, 0x00, 0xF2, 0x00,
    0x00, 0x00, 0xF2, 0x00, 0x00, 0x00, 0xF2, 0x00, 0x00, 0x00, 0xFF, 0xFD, 0x70, 0x00, 0xF2, 0x03,
    0xF4, 0x00, 0xF2, 0x00, 0xC7, 0x00, 0xF2, 0x02, 0xE4, 0x00, 0xFF, 0xFE, 0x70, 0xEF, 0xFF, 0xE8,
    0x0E, 0x40, 0x03, 0xE7, 0xE4, 0x00, 0x59, 0xAE, 0x40, 0x0E, 0xF7, 0xEF, 0xFF, 0xFF, 0x7E, 0x40,
    0x00, 0x14, 0xE4, 0x00, 0x00, 0x0E, 0x40, 0x00, 0x00, 0xE4, 0x00, 0x00, 0x00, 0x1F, 0x8E, 0xE7,
    0x01, 0xF8, 0x04, 0xF4, 0x1F, 0x10, 0x0A, 0x91, 0xF1, 0x00, 0x8A, 0x1F, 0x10, 0x5A, 0x91, 0xF7,
    0x0E, 0xF3, 0x1F, 0x9E, 0xEF, 0x61, 0xF1, 0x00, 0x11, 0x1F, 0x10, 0x00, 0x01, 0xF1, 0x00, 0x00,
    0x00, 0x00, 0x7B, 0x00, 0x00, 0x7B, 0xFF, 0xFF, 0xFF, 0xF4, 0x00, 0x00, 0xF4, 0x00, 0x00, 0xF4,
    0x00, 0x00, 0xF4, 0x00, 0x00, 0xF4, 0x00, 0x00, 0xF4, 0x00, 0x00, 0xF4, 0x00, 0x00, 0xF4, 0x00,
    0x00, 0x00, 0x00, 0xE4, 0x00, 0x00, 0xE4, 0x1F, 0xFF, 0xF9, 0x1F, 0x10, 0x00, 0x1F, 0x10, 0x00,
    0x1F, 0x10, 0x00, 0x1F, 0x10, 0x00, 0x1F, 0x10, 0x00, 0x1F, 0x10, 0x00, 0x0E, 0xFF, 0xFF, 0xD0,
    0xE5, 0x00, 0x00, 0x0E, 0x50, 0x00, 0x00, 0xE5, 0x00, 0x00, 0xFF, 0xFF, 0x00, 0x00, 0xE5, 0x00,
    0x00, 0x0E, 0x50, 0x00, 0x00, 0xE5, 0x00, 0x00, 0x0E, 0x50, 0x00, 0x00, 0x00, 0xFF, 0xFF, 0x50,
    0x0F, 0x20, 0x00, 0x00, 0xF2, 0x00, 0x00, 0xFF, 0xFF, 0x00, 0x00, 0xF2, 0x00, 0x00, 0x0F, 0x20,
    0x00, 0x00, 0xF2, 0x00, 0x00, 0xEF, 0xFF, 0xFD, 0x0E, 0x50, 0x00, 0x00, 0xE5, 0x00, 0x00, 0x0E,
    0x50, 0x00, 0x00, 0xEF, 0xFD, 0x80, 0x0E, 0x50, 0x3C, 0xA0, 0xE5, 0x00, 0x1F, 0x1E, 0x50, 0x00,
    0xE3, 0xE5, 0x00, 0x0F, 0x20, 0x00, 0x07, 0xD0, 0x00, 0x0A, 0xC2, 0x00, 0x1F, 0xFF, 0xF4, 0x01,
    0xF1, 0x00, 0x00, 0x1F, 0x10, 0x00, 0x01, 0xFF, 0xE9, 0x00, 0x1F, 0x12, 0xCA, 0x01, 0xF1, 0x02,
    0xF0, 0x1F, 0x10, 0x2F, 0x00, 0x00, 0x1A, 0xA0, 0x00, 0x07, 0xA0, 0x00, 0x4F, 0x20, 0x0A, 0x90,
    0x04, 0xF2, 0x09, 0xC0, 0x0A, 0x90, 0x0D, 0x70, 0x00, 0xE6, 0x0A, 0x90, 0x8C, 0x00, 0x00, 0x4F,
    0x1A, 0x92, 0xF2, 0x00, 0x00, 0x0F, 0xFF, 0xFF, 0xF0, 0x00, 0x00, 0x7E, 0x0A, 0x91, 0xF6, 0x00,
    0x02, 0xF4, 0x0A, 0x90, 0x6F, 0x10, 0x0C, 0xA0, 0x0A, 0x90, 0x0C, 0xB0, 0x7E, 0x10, 0x0A, 0x90,
    0x02, 0xFF, 0x00, 0x00, 0x00, 0x00, 0x00, 0x5D, 0x00, 0x00, 0x00, 0x00, 0x00, 0x5D, 0x00, 0x00,
    0x00, 0x00, 0x00, 0x13, 0x4F, 0x20, 0xA8, 0x03, 0xF3, 0x0A, 0xB0, 0xA8, 0x0C, 0x90, 0x01, 0xE4,
    0xA9, 0x6D, 0x00, 0x00, 0xCF, 0xFF, 0xFA, 0x00, 0x02, 0xF3, 0xA8, 0x4F, 0x10, 0x0C, 0x90, 0xA8,
    0x0A, 0xB0, 0x8E, 0x00, 0xA8, 0x01, 0xFF, 0x00, 0x00, 0x00, 0x00, 0x5D, 0x00, 0x00, 0x00, 0x00,
    0x5D, 0x00, 0x00, 0x00, 0x00, 0x13, 0x02, 0xBF, 0xEA, 0x10, 0x0D, 0x90, 0x1B, 0xC0, 0x4F, 0x00,
    0x04, 0xF0, 0x00, 0x00, 0x1A, 0xA0, 0x00, 0x4F, 0xFF, 0x20, 0x00, 0x00, 0x18, 0xD0, 0x6D, 0x00,
    0x01, 0xF1, 0x1F, 0x70, 0x19, 0xD0, 0x03, 0xCF, 0xFA, 0x20, 0x00, 0x05, 0xD0, 0x00, 0x00, 0x05,
    0xD0, 0x00, 0x00, 0x02, 0x60, 0x00, 0x06, 0xDF, 0xC2, 0x3F, 0x30, 0x9B, 0x00, 0x00, 0x8A, 0x00,
    0xFF, 0xF3, 0x00, 0x00, 0x7D, 0x5E, 0x20, 0x7D, 0x07, 0xFF, 0xC3, 0x00, 0x5D, 0x00, 0x00, 0x5D,
    0x00, 0x00, 0x26, 0x00, 0xE5, 0x00, 0x0D, 0xA0, 0xE5, 0x00, 0xAC, 0x00, 0xE5, 0x07, 0xE1, 0x00,
    0xE6, 0x5F, 0x40, 0x00, 0xFF, 0xFF, 0x00, 0x00, 0xE5, 0x2F, 0x70, 0x00, 0xE5, 0x04, 0xF4, 0x00,
    0xE5, 0x00, 0x7E, 0x20, 0xE5, 0x00, 0x09, 0xFE, 0x00, 0x00, 0x00, 0x5D, 0x00, 0x00, 0x00, 0x5D,
    0xF2, 0x02, 0xF4, 0xF2, 0x0D, 0x70, 0xF3, 0xAA, 0x00, 0xFF, 0xF2, 0x00, 0xF2, 0x9D, 0x00, 0xF2,
    0x0C, 0xA0, 0xF2, 0x01, 0xFF, 0x00, 0x00, 0x5D, 0x00, 0x00, 0x5D, 0xF4, 0x00, 0x0D, 0x80, 0xF4,
    0x00, 0x5E, 0x00, 0xF5, 0xD0, 0xD5, 0x00, 0xF5, 0xE6, 0xC0, 0x00, 0xFF, 0xFF, 0xA0, 0x00, 0xF5,
    0xD5, 0xF1, 0x00, 0xF5, 0xD0, 0xCA, 0x00, 0xF4, 0x00, 0x3F, 0x30, 0xF4, 0x00, 0x0A, 0xD0, 0x0F,
    0x20, 0x09, 0xB0, 0x0F, 0x20, 0x2F, 0x20, 0x0F, 0x6C, 0xB7, 0x00, 0x0F, 0xFF, 0xF1, 0x00, 0x0F,
    0x5C, 0xAB, 0x00, 0x0F, 0x20, 0x1F, 0x50, 0x0F, 0x20, 0x07, 0xE1, 0x0C, 0x70, 0x00, 0xBC, 0x0E,
    0xFF, 0xF1, 0x8E, 0x10, 0x0C, 0x70, 0x5F, 0x30, 0x00, 0xC8, 0x3F, 0x50, 0x00, 0x0D, 0xFF, 0xF0,
    0x00, 0x00, 0xC7, 0x1E, 0x90, 0x00, 0x0C, 0x70, 0x3F, 0x60, 0x00, 0xC7, 0x00, 0x5F, 0x30, 0x0C,
    0x70, 0x00, 0x7E, 0x10, 0x00, 0xF3, 0x00, 0x00, 0x4F, 0xFF, 0xB0, 0x00, 0x00, 0xF3, 0x00, 0x00,
    0x00, 0xF3, 0x04, 0xF2, 0x00, 0xF3, 0x1E, 0x50, 0x00, 0xF3, 0xAA, 0x00, 0x00, 0xFF, 0xF3, 0x00,
    0x00, 0xF3, 0x8D, 0x00, 0x00, 0xF3, 0x0C, 0x90, 0x00, 0xF3, 0x01, 0xE6, 0x8F, 0xFF, 0xA0, 0x00,
    0x9E, 0x10, 0x00, 0x8A, 0x00, 0x5F, 0x30, 0x00, 0x08, 0xA0, 0x3F, 0x50, 0x00, 0x00, 0x8B, 0x1E,
    0x90, 0x00, 0x00, 0x08, 0xFF, 0xF1, 0x00, 0x00, 0x00, 0x8A, 0x0C, 0xB0, 0x00, 0x00, 0x08, 0xA0,
    0x1D, 0x90, 0x00, 0x00, 0x8A, 0x00, 0x2F, 0x60, 0x00, 0x08, 0xA0, 0x00, 0x4F, 0x30, 0x9F, 0xFF,
    0x30, 0x2F, 0x40, 0x00, 0xF3, 0x0D, 0x70, 0x00, 0x0F, 0x3A, 0xA0, 0x00, 0x00, 0xFF, 0xF2, 0x00,
    0x00, 0x0F, 0x39, 0xD0, 0x00, 0x00, 0xF3, 0x0C, 0xB0, 0x00, 0x0F, 0x30, 0x1E, 0x80, 0xE4, 0x00,
    0x00, 0xF2, 0xE4, 0x00, 0x00, 0xF2, 0xE4, 0x00, 0x00, 0xF2, 0xE4, 0x00, 0x00, 0xF2, 0xEF, 0xFF,
    0xFF, 0xF2, 0xE4, 0x00, 0x00, 0xF2, 0xE4, 0x00, 0x00, 0xF2, 0xE4, 0x00, 0x00, 0xF2, 0xE4, 0x00,
    0x00, 0xFC, 0x00, 0x00, 0x00, 0x5D, 0x00, 0x00, 0x00, 0x5D, 0x00, 0x00, 0x00, 0x13, 0xF2, 0x00,
    0xA8, 0x0F, 0x20, 0x0A, 0x80, 0xF2, 0x00, 0xA8, 0x0F, 0xFF, 0xFF, 0x80, 0xF2, 0x00, 0xA8, 0x0F,
    0x20, 0x0A, 0x80, 0xF2, 0x00, 0xAC, 0x90, 0x00, 0x00, 0x5D, 0x00, 0x00, 0x05, 0xD0, 0x00, 0x00,
    0x13, 0xE4, 0x00, 0x00, 0xFF, 0xFF, 0xF3, 0xE4, 0x00, 0x00, 0xF2, 0x00, 0x00, 0xE4, 0x00, 0x00,
    0xF2, 0x00, 0x00, 0xE4, 0x00, 0x00, 0xF2, 0x00, 0x00, 0xEF, 0xFF, 0xFF, 0xF2, 0x00, 0x00, 0xE4,
    0x00, 0x00, 0xF2, 0x00, 0x00, 0xE4, 0x00, 0x00, 0xF2, 0x00, 0x00, 0xE4, 0x00, 0x00, 0xF2, 0x00,
    0x00, 0xE4, 0x00, 0x00, 0xF2, 0x00, 0x00, 0x1F, 0x10, 0x0E, 0xFF, 0xC1, 0xF1, 0x00, 0xC7, 0x00,
    0x1F, 0x10, 0x0C, 0x70, 0x01, 0xFF, 0xFF, 0xF7, 0x00, 0x1F, 0x10, 0x0C, 0x70, 0x01, 0xF1, 0x00,
    0xC7, 0x00, 0x1F, 0x10, 0x0C, 0x70, 0x00, 0xEF, 0xFF, 0xFF, 0xF2, 0x00, 0x00, 0xE5, 0x00, 0x01,
    0xF2, 0x00, 0x00, 0xE5, 0x00, 0x01, 0xF2, 0x00, 0x00, 0xE5, 0x00, 0x01, 0xF2, 0x00, 0x00, 0xE5,
    0x00, 0x01, 0xFF, 0xEB, 0x20, 0xE5, 0x00, 0x01, 0xF2, 0x17, 0xE1, 0xE5, 0x00, 0x01, 0xF2, 0x00,
    0xB7, 0xE5, 0x00, 0x01, 0xF2, 0x00, 0x8A, 0xE5, 0x00, 0x01, 0xF2, 0x00, 0x98, 0x00, 0x00, 0x00,
    0x00, 0x02, 0xE3, 0x00, 0x00, 0x00, 0x00, 0x5D, 0x60, 0x1F, 0xFF, 0xFF, 0x70, 0x00, 0x01, 0xF1,
    0x00, 0xB7, 0x00, 0x00, 0x1F, 0x10, 0x0B, 0x70, 0x00, 0x01, 0xF1, 0x00, 0xFF, 0xFD, 0x70, 0x1F,
    0x10, 0x0B, 0x70, 0x4E, 0x61, 0xF1, 0x00, 0xB7, 0x00, 0x6C, 0x1F, 0x10, 0x0B, 0x70, 0x06, 0xC0,
    0x00, 0x00, 0x00, 0x01, 0xD6, 0x00, 0x00, 0x00, 0x00, 0xA8, 0x00, 0x00, 0xA9, 0x1B, 0xEA, 0x10,
    0x0A, 0xB1, 0xBA, 0x1B, 0xA0, 0x1F, 0x20, 0xF2, 0x03, 0xF0, 0x3F, 0x02, 0xF1, 0x02, 0xF1, 0x4F,
    0x02, 0xF1, 0x02, 0xF1, 0x3F, 0x00, 0xF3, 0x04, 0xF0, 0x0E, 0x60, 0xBA, 0x0A, 0xB0, 0x05, 0xF5,
    0x3F, 0xFF, 0x30, 0x00, 0x4D, 0xFF, 0xFE, 0xF2, 0x00, 0x00, 0x00, 0x00, 0x00, 0x04, 0xD2, 0xDE,
    0x50, 0x0F, 0x4A, 0x94, 0xE0, 0x3E, 0x0D, 0x50, 0xF2, 0x4E, 0x0D, 0x50, 0xF2, 0x1F, 0x1A, 0xA3,
    0xF0, 0x0A, 0xA3, 0xFF, 0xA0, 0x00, 0xAF, 0xFF, 0xE7, 0x00, 0x6D, 0xFD, 0x60, 0x07, 0xE4, 0x04,
    0xE5, 0x0F, 0x40, 0x00, 0x8C, 0x2F, 0x00, 0x00, 0x00, 0x3F, 0x00, 0x00, 0x00, 0x2F, 0x00, 0x00,
    0x00, 0x0F, 0x40, 0x00, 0x8C, 0x07, 0xD3, 0x03, 0xE5, 0x00, 0x6F, 0xFD, 0x60, 0x00, 0x05, 0xD0,
    0x00, 0x00, 0x05, 0xD0, 0x00, 0x00, 0x02, 0x60, 0x00, 0x02, 0xCF, 0xE7, 0x00, 0xE7, 0x03, 0xE3,
    0x4E, 0x00, 0x00, 0x06, 0xC0, 0x00, 0x00, 0x4E, 0x00, 0x00, 0x00, 0xE7, 0x02, 0xE3, 0x02, 0xFF,
    0xD5, 0x00, 0x05, 0xD0, 0x00, 0x00, 0x5D, 0x00, 0x00, 0x02, 0x60, 0x00, 0xBF, 0xFF, 0xFF, 0xF7,
    0x00, 0x0B, 0x80, 0x00, 0x00, 0x0B, 0x70, 0x00, 0x00, 0x0B, 0x70, 0x00, 0x00, 0x0B, 0x70, 0x00,
    0x00, 0x0B, 0x70, 0x00, 0x00, 0x0B, 0x70, 0x00, 0x00, 0x0B, 0x70, 0x00, 0x00, 0x0B, 0xB9, 0x00,
    0x00, 0x00, 0x5D, 0x00, 0x00, 0x00, 0x5D, 0x00, 0x00, 0x00, 0x13, 0x00, 0xBF, 0xFF, 0xFF, 0x00,
    0x7B, 0x00, 0x00, 0x7B, 0x00, 0x00, 0x7B, 0x00, 0x00, 0x7B, 0x00, 0x00, 0x7B, 0x00, 0x00, 0x7F,
    0x90, 0x00, 0x05, 0xD0, 0x00, 0x05, 0xD0, 0x00, 0x01, 0x30, 0xAC, 0x00, 0x00, 0xE6, 0x1F, 0x40,
    0x08, 0xD0, 0x07, 0xD0, 0x1F, 0x40, 0x00, 0xE5, 0x9B, 0x00, 0x00, 0x5E, 0xF2, 0x00, 0x00, 0x0D,
    0x90, 0x00, 0x00, 0x0B, 0x80, 0x00, 0x00, 0x0B, 0x80, 0x00, 0x00, 0x0B, 0x80, 0x00, 0x8A, 0x00,
    0x1F, 0x12, 0xF0, 0x06, 0xC0, 0x0D, 0x50, 0xB6, 0x00, 0x7A, 0x1F, 0x10, 0x01, 0xF7, 0xB0, 0x00,
    0x0C, 0xF5, 0x00, 0x00, 0x9F, 0x00, 0x00, 0x05, 0xF0, 0x00, 0x00, 0x4E, 0x00, 0x00, 0x04, 0xE0,
    0x00, 0xAC, 0x00, 0x00, 0xE6, 0x1F, 0x40, 0x07, 0xD0, 0x08, 0xC0, 0x0E, 0x50, 0x01, 0xE4, 0x8C,
    0x00, 0x00, 0x7D, 0xF3, 0x00, 0x01, 0xFF, 0xFE, 0x00, 0x00, 0x0B, 0x80, 0x00, 0x00, 0x0B, 0x80,
    0x00, 0x00, 0x0B, 0x80, 0x00, 0x8A, 0x00, 0x1F, 0x12, 0xF0, 0x06, 0xB0, 0x0C, 0x60, 0xC5, 0x00,
    0x6B, 0x1F, 0x00, 0x00, 0xF9, 0xA0, 0x00, 0x0A, 0xF4, 0x00, 0x0A, 0xFF, 0xF5, 0x00, 0x04, 0xE0,
    0x00, 0x00, 0x4E, 0x00, 0x00, 0x04, 0xE0, 0x00, 0x3F, 0x30, 0x01, 0xE6, 0x09, 0xC0, 0x0A, 0xB0,
    0x00, 0xE7, 0x4F, 0x20, 0x00, 0x4F, 0xE7, 0x00, 0x00, 0x0C, 0xF0, 0x00, 0x00, 0x5F, 0xD8, 0x00,
    0x01, 0xE6, 0x4F, 0x20, 0x0A, 0xC0, 0x09, 0xC0, 0x4F, 0x20, 0x01, 0xFF, 0x00, 0x00, 0x00, 0x5D,
    0x00, 0x00, 0x00, 0x5D, 0x00, 0x00, 0x00, 0x13, 0x5E, 0x10, 0x9C, 0x00, 0xA9, 0x3F, 0x20, 0x01,
    0xED, 0x70, 0x00, 0x09, 0xF0, 0x00, 0x02, 0xFC, 0x80, 0x00, 0xC8, 0x2F, 0x30, 0x6E, 0x00, 0x7F,
    0xA0, 0x00, 0x00, 0x5D, 0x00, 0x00, 0x05, 0xD0, 0x00, 0x00, 0x13, 0xAF, 0xFF, 0xFF, 0x50, 0x8B,
    0x00, 0x04, 0xF0, 0x00, 0x08, 0xB0, 0x00, 0x4F, 0x00, 0x00, 0x8B, 0x00, 0x04, 0xF0, 0x00, 0x08,
    0xB0, 0x00, 0x4F, 0x00, 0x00, 0x8B, 0x00, 0x04, 0xF0, 0x00, 0x08, 0xB0, 0x00, 0x4F, 0x00, 0x00,
    0x8B, 0x00, 0x04, 0xF0, 0x00, 0x08, 0xC0, 0x00, 0x4F, 0xFF, 0xFF, 0xFF, 0xA0, 0x00, 0x00, 0x00,
    0x00, 0x8A, 0x00, 0x00, 0x00, 0x00, 0x08, 0x90, 0xCF, 0xFF, 0xA0, 0xB7, 0x00, 0x1F, 0x10, 0x0B,
    0x70, 0x01, 0xF1, 0x00, 0xB7, 0x00, 0x1F, 0x10, 0x0B, 0x70, 0x01, 0xF1, 0x00, 0xB7, 0x00, 0x1F,
    0x10, 0x0B, 0x70, 0x01, 0xFF, 0xFF, 0xFF, 0x30, 0x00, 0x00, 0x00, 0xE3, 0x00, 0x00, 0x00, 0x0E,
    0x20, 0x0F, 0x30, 0x00, 0x7C, 0x00, 0xF3, 0x00, 0x07, 0xC0, 0x0F, 0x30, 0x00, 0x7C, 0x00, 0xF3,
    0x00, 0x07, 0xC0, 0x0C, 0xA1, 0x02, 0xBC, 0x00, 0x1B, 0xFF, 0xEF, 0xC0, 0x00, 0x00, 0x00, 0x7C,
    0x00, 0x00, 0x00, 0x07, 0xC0, 0x00, 0x00, 0x00, 0x7F, 0x90, 0x00, 0x00, 0x00, 0x5D, 0x00, 0x00,
    0x00, 0x05, 0xD0, 0x00, 0x00, 0x00, 0x13, 0x5D, 0x00, 0x1F, 0x15, 0xD0, 0x01, 0xF1, 0x5E, 0x00,
    0x1F, 0x11, 0xF4, 0x03, 0xF1, 0x05, 0xEF, 0xFF, 0x10, 0x00, 0x01, 0xF1, 0x00, 0x00, 0x1F, 0xB0,
    0x00, 0x00, 0x5D, 0x00, 0x00, 0x05, 0xD0, 0x00, 0x00, 0x13, 0x0F, 0x30, 0x00, 0x7C, 0x0F, 0x30,
    0x00, 0x7C, 0x0F, 0x30, 0x00, 0x7C, 0x0F, 0x30, 0xE0, 0x7C, 0x0C, 0xA1, 0xF2, 0xBC, 0x01, 0xBF,
    0xFE, 0xFC, 0x00, 0x00, 0xE0, 0x7C, 0x00, 0x00, 0x00, 0x7C, 0x00, 0x00, 0x00, 0x7C, 0x2F, 0x00,
    0x0E, 0x42, 0xF0, 0x00, 0xE4, 0x2F, 0x1D, 0x1E, 0x40, 0xE7, 0xD2, 0xF4, 0x04, 0xDF, 0xFF, 0x40,
    0x00, 0xD1, 0xE4, 0x00, 0x00, 0x0E, 0x40, 0x2F, 0x10, 0x00, 0x00, 0x2F, 0x10, 0x00, 0x00, 0x2F,
    0x10, 0x00, 0x00, 0x2F, 0xDE, 0xFE, 0x80, 0x2F, 0x51, 0x02, 0xE6, 0x2F, 0x10, 0x00, 0x9A, 0x2F,
    0x10, 0x00, 0x8B, 0x2F, 0x10, 0x00, 0x8B, 0x2F, 0x10, 0x00, 0x8B, 0x1F, 0x10, 0x00, 0x01, 0xF1,
    0x00, 0x00, 0x1F, 0x10, 0x00, 0x01, 0xF7, 0xDE, 0x80, 0x1F, 0xA1, 0x4F, 0x21, 0xF1, 0x00, 0xE4,
    0x1F, 0x10, 0x0E, 0x41, 0xF1, 0x00, 0xE4, 0x1F, 0x10, 0x0E, 0x41, 0xF1, 0x00, 0xE4, 0x00, 0x01,
    0xAF, 0xE9, 0x00, 0x00, 0x0D, 0x91, 0x2B, 0x90, 0x00, 0x5E, 0x00, 0x02, 0xF1, 0x89, 0x8B, 0x00,
    0x00, 0xE3, 0x1A, 0xFF, 0xEE, 0xEE, 0xF5, 0x00, 0x8B, 0x00, 0x00, 0x00, 0x00, 0x5E, 0x00, 0x00,
    0x00, 0x00, 0x0D, 0xA2, 0x02, 0x40, 0x00, 0x01, 0x9E, 0xFE, 0x70, 0x00, 0x04, 0xDF, 0xB1, 0x00,
    0x02, 0xE4, 0x09, 0xB0, 0x1D, 0x9A, 0x00, 0x2F, 0x00, 0x6F, 0xFF, 0xFF, 0xF2, 0x00, 0x99, 0x00,
    0x00, 0x00, 0x03, 0xF4, 0x04, 0xA0, 0x00, 0x05, 0xDF, 0xC4, 0x00, 0x00, 0x01, 0xAF, 0xE9, 0x00,
    0x00, 0x0D, 0x91, 0x2B, 0x90, 0x00, 0x5E, 0x00, 0x02, 0xF1, 0x89, 0x8B, 0x00, 0x00, 0xE3, 0x1A,
    0xFF, 0xEE, 0xEE, 0xF5, 0x00, 0x8B, 0x00, 0x00, 0x00, 0x00, 0x5E, 0x00, 0x00, 0x00, 0x00, 0x0D,
    0xA2, 0x02, 0x40, 0x00, 0x01, 0x9F, 0xFE, 0x70, 0x00, 0x00, 0x05, 0xD0, 0x00, 0x00, 0x00, 0x05,
    0xD0, 0x00, 0x00, 0x00, 0x02, 0x60, 0x00, 0x00, 0x04, 0xDF, 0xB1, 0x00, 0x02, 0xE4, 0x09, 0xB0,
    0x1D, 0x9A, 0x00, 0x2F, 0x00, 0x6F, 0xFF, 0xFF, 0xF2, 0x00, 0x99, 0x00, 0x00, 0x00, 0x03, 0xF4,
    0x04, 0xA0, 0x00, 0x05, 0xFF, 0xC4, 0x00, 0x00, 0x05, 0xD0, 0x00, 0x00, 0x00, 0x5D, 0x00, 0x00,
    0x00, 0x02, 0x60, 0x00, 0xD6, 0xD6, 0xD6, 0xD6, 0xD6, 0xD6, 0xD6, 0xD6, 0xD6, 0x00, 0x01, 0xE0,
    0x78, 0x00, 0x00, 0x00, 0x00, 0x8C, 0xB1, 0x00, 0x00, 0x00, 0x00, 0x00, 0x00, 0x00, 0x00, 0x4F,
    0x20, 0x0A, 0x90, 0x04, 0xF2, 0x09, 0xC0, 0x0A, 0x90, 0x0D, 0x70, 0x00, 0xE6, 0x0A, 0x90, 0x8C,
    0x00, 0x00, 0x4F, 0x1A, 0x92, 0xF2, 0x00, 0x00, 0x0F, 0xFF, 0xFF, 0xF0, 0x00, 0x00, 0x7E, 0x0A,
    0x91, 0xF6, 0x00, 0x02, 0xF4, 0x0A, 0x90, 0x6F, 0x10, 0x0C, 0xA0, 0x0A, 0x90, 0x0C, 0xB0, 0x7E,
    0x10, 0x0A, 0x90, 0x02, 0xF6, 0x00, 0x1E, 0x07, 0x80, 0x00, 0x00, 0x08, 0xCB, 0x10, 0x00, 0x00,
    0x00, 0x00, 0x00, 0x00, 0x4F, 0x20, 0xA8, 0x03, 0xF3, 0x0A, 0xB0, 0xA8, 0x0C, 0x90, 0x01, 0xE4,
    0xA9, 0x6D, 0x00, 0x00, 0xCF, 0xFF, 0xFA, 0x00, 0x02, 0xF3, 0xA8, 0x4F, 0x10, 0x0C, 0x90, 0xA8,
    0x0A, 0xB0, 0x8E, 0x00, 0xA8, 0x01, 0xE7, 0xF4, 0x00, 0x2E, 0x6F, 0x40, 0x0D, 0x90, 0xF4, 0x0A,
    0xB0, 0x0F, 0x47, 0xD1, 0x00, 0xFF, 0xFF, 0xB2, 0x0F, 0x62, 0x27, 0xF2, 0xF4, 0x00, 0x0A, 0x9F,
    0x40, 0x00, 0x7C, 0xF4, 0x00, 0x08, 0xA0, 0x00, 0x02, 0xE5, 0x00, 0x04, 0xD7, 0x00, 0x0F, 0x20,
    0x3F, 0x40, 0xF2, 0x1E, 0x60, 0x0F, 0x3C, 0x80, 0x00, 0xFF, 0xFC, 0x40, 0x0F, 0x31, 0x5F, 0x30,
    0xF2, 0x00, 0xA8, 0x0F, 0x20, 0x0A, 0x80, 0x00, 0x04, 0xF2, 0x00, 0x00, 0xD5, 0x00, 0x00, 0xDF,
    0xFF, 0xFF, 0x10, 0x0B, 0x80, 0x02, 0xF1, 0x00, 0xB7, 0x00, 0x2F, 0x10, 0x0C, 0x60, 0x02, 0xF1,
    0x00, 0xD5, 0x00, 0x2F, 0x10, 0x0E, 0x40, 0x02, 0xF1, 0x01, 0xF2, 0x00, 0x2F, 0x10, 0x8D, 0x00,
    0x02, 0xF1, 0xAD, 0x30, 0x00, 0x2F, 0xC0, 0x00, 0x00, 0x00, 0x3E, 0x00, 0x00, 0x00, 0x09, 0x70,
    0x00, 0x00, 0x00, 0x10, 0x02, 0xFF, 0xFF, 0x80, 0x03, 0xF0, 0x0A, 0x80, 0x03, 0xE0, 0x0A, 0x80,
    0x04, 0xD0, 0x0A, 0x80, 0x06, 0xC0, 0x0A, 0x80, 0x0B, 0x80, 0x0A, 0x80, 0xBC, 0x10, 0x0A, 0xBF,
    0x00, 0x00, 0x00, 0x4D, 0x00, 0x00, 0x00, 0x84, 0xE5, 0x00, 0x01, 0xF2, 0xE5, 0x00, 0x01, 0xF2,
    0xE5, 0x00, 0x01, 0xF2, 0xE5, 0x00, 0x01, 0xF2, 0xEF, 0xFF, 0xFF, 0xF2, 0xE5, 0x00, 0x01, 0xF2,
    0xE5, 0x00, 0x01, 0xF2, 0xE5, 0x00, 0x01, 0xF2, 0xE5, 0x00, 0x01, 0xF2, 0x00, 0x00, 0x01, 0xF1,
    0x00, 0x00, 0x05, 0xF0, 0x00, 0x00, 0xAE, 0x60, 0x1F, 0x10, 0x0C, 0x71, 0xF1, 0x00, 0xC7, 0x1F,
    0x10, 0x0C, 0x71, 0xFF, 0xFF, 0xF7, 0x1F, 0x10, 0x0C, 0x71, 0xF1, 0x00, 0xC7, 0x1F, 0x10, 0x0C,
    0x70, 0x00, 0x00, 0xC6, 0x00, 0x00, 0x0E, 0x40, 0x00, 0x4F, 0xA0, 0xE4, 0x00, 0x00, 0xF2, 0xE4,
    0x00, 0x00, 0xF2, 0xE4, 0x00, 0x00, 0xF2, 0xE4, 0x00, 0x00, 0xF2, 0xEF, 0xFF, 0xFF, 0xF2, 0xE4,
    0x00, 0x00, 0xF2, 0xE4, 0x00, 0x00, 0xF2, 0xE4, 0x00, 0x00, 0xF2, 0xE4, 0x00, 0x00, 0xFF, 0x00,
    0x00, 0x00, 0x4D, 0x00, 0x00, 0x00, 0x84, 0xF2, 0x00, 0xA8, 0x0F, 0x20, 0x0A, 0x80, 0xF2, 0x00,
    0xA8, 0x0F, 0xFF, 0xFF, 0x80, 0xF2, 0x00, 0xA8, 0x0F, 0x20, 0x0A, 0x80, 0xF2, 0x00, 0xAB, 0xF0,
    0x00, 0x00, 0x4D, 0x00, 0x00, 0x08, 0x40, 0x0F, 0x30, 0x00, 0x7C, 0x0F, 0x30, 0x00, 0x7C, 0x0F,
    0x30, 0x00, 0x7C, 0x0F, 0x30, 0x00, 0x7C, 0x0C, 0xA1, 0x02, 0xBC, 0x01, 0xBF, 0xFE, 0xFC, 0x00,
    0x00, 0x00, 0x7C, 0x00, 0x00, 0x00, 0x7C, 0x00, 0x00, 0x05, 0xFC, 0x00, 0x00, 0x05, 0xD0, 0x00,
    0x00, 0x05, 0xD0, 0x5D, 0x00, 0x1F, 0x15, 0xD0, 0x01, 0xF1, 0x5E, 0x00, 0x1F, 0x11, 0xF4, 0x03,
    0xF1, 0x05, 0xEF, 0xFF, 0x10, 0x00, 0x01, 0xF1, 0x00, 0x05, 0xEF, 0x10, 0x00, 0x5D, 0x00, 0x00,
    0x05, 0xD0, 0x00, 0xFF, 0x00, 0x00, 0x08, 0xF4, 0xFF, 0x40, 0x00, 0x0E, 0xF4, 0xEB, 0xA0, 0x00,
    0x5D, 0xD4, 0xE5, 0xF1, 0x00, 0xB6, 0xE4, 0xE4, 0xA7, 0x02, 0xF0, 0xE4, 0xE4, 0x4E, 0x09, 0x90,
    0xF4, 0xE4, 0x0D, 0x5E, 0x20, 0xF4, 0xE4, 0x06, 0xFC, 0x00, 0xF4, 0xE4, 0x00, 0xF5, 0x00, 0xFF,
    0x00, 0x00, 0x00, 0x00, 0x3E, 0x00, 0x00, 0x00, 0x00, 0x97, 0x00, 0x00, 0x00, 0x00, 0x10, 0xFE,
    0x00, 0x01, 0xFC, 0x0F, 0xF2, 0x00, 0x7F, 0xA0, 0xFB, 0x90, 0x0E, 0xBA, 0x0F, 0x4E, 0x15, 0xC8,
    0xA0, 0xF2, 0xA7, 0xC5, 0x8A, 0x0F, 0x23, 0xEE, 0x08, 0xA0, 0xF2, 0x0C, 0x70, 0x8D, 0xF0, 0x00,
    0x00, 0x00, 0x4D, 0x00, 0x00, 0x00, 0x08, 0x40, 0xD6, 0xD6, 0xD6, 0xD6, 0xD6, 0xD6, 0xD6, 0xD6,
    0xD6, 0x00, 0x1E, 0x07, 0x80, 0x00, 0x00, 0x8C, 0xB1, 0x00, 0x00, 0x00, 0x00, 0x00, 0x00, 0x00,
    0x8F, 0x00, 0x00, 0x00, 0x0E, 0xF5, 0x00, 0x00, 0x04, 0xD6, 0xC0, 0x00, 0x00, 0xA8, 0x0F, 0x20,
    0x00, 0x1F, 0x20, 0xA8, 0x00, 0x07, 0xC0, 0x04, 0xE0, 0x00, 0xFF, 0xFF, 0xFF, 0x50, 0x3F, 0x00,
    0x00, 0x8B, 0x09, 0xA0, 0x00, 0x02, 0xF1, 0x01, 0xE0, 0x78, 0x00, 0x08, 0xCB, 0x10, 0x00, 0x00,
    0x00, 0x00, 0x4C, 0xFD, 0x40, 0x0F, 0x50, 0x6F, 0x00, 0x00, 0x01, 0xF1, 0x05, 0xDD, 0xEF, 0x22,
    0xF2, 0x01, 0xF2, 0x3F, 0x31, 0x9F, 0x20, 0x7E, 0xE8, 0xF4, 0x00, 0x03, 0x01, 0x20, 0x00, 0x03,
    0xD0, 0x79, 0x00, 0x00, 0x00, 0x00, 0x00, 0x00, 0x00, 0x8F, 0x00, 0x00, 0x00, 0x0E, 0xF5, 0x00,
    0x00, 0x04, 0xD6, 0xC0, 0x00, 0x00, 0xA8, 0x0F, 0x20, 0x00, 0x1F, 0x20, 0xA8, 0x00, 0x07, 0xC0,
    0x04, 0xE0, 0x00, 0xFF, 0xFF, 0xFF, 0x50, 0x3F, 0x00, 0x00, 0x8B, 0x09, 0xA0, 0x00, 0x02, 0xF1,
    0x00, 0x30, 0x12, 0x00, 0x3D, 0x07, 0x90, 0x00, 0x00, 0x00, 0x00, 0x4C, 0xFD, 0x40, 0x0F, 0x50,
    0x6F, 0x00, 0x00, 0x01, 0xF1, 0x05, 0xDD, 0xEF, 0x22, 0xF2, 0x01, 0xF2, 0x3F, 0x31, 0x9F, 0x20,
    0x7E, 0xE8, 0xF4, 0x00, 0x00, 0x00, 0xDF, 0xFF, 0xFF, 0x80, 0x00, 0x00, 0x6D, 0xF2, 0x00, 0x00,
    0x00, 0x00, 0x1F, 0x3F, 0x30, 0x00, 0x00, 0x00, 0x0A, 0xA0, 0xE4, 0x00, 0x00, 0x00, 0x04, 0xF1,
    0x0D, 0xFF, 0xFF, 0x00, 0x00, 0xF8, 0x22, 0xF5, 0x00, 0x00, 0x00, 0x8F, 0xFF, 0xFF, 0x70, 0x00,
    0x00, 0x2F, 0x30, 0x00, 0xB6, 0x00, 0x00, 0x0C, 0xA0, 0x00, 0x0B, 0xFF, 0xFF, 0xE0, 0x06, 0xDF,
    0xC3, 0xAE, 0xD5, 0x02, 0xF4, 0x09, 0xF9, 0x03, 0xF2, 0x01, 0x00, 0x5F, 0x00, 0x0B, 0x70, 0x7C,
    0xDF, 0xFE, 0xEE, 0xF8, 0x5E, 0x30, 0x4F, 0x10, 0x00, 0x06, 0xD1, 0x0B, 0xFA, 0x10, 0x51, 0x0A,
    0xFE, 0xA2, 0x9E, 0xEB, 0x20, 0x1E, 0x07, 0x80, 0x08, 0xCB, 0x10, 0x00, 0x00, 0x00, 0xEF, 0xFF,
    0xFE, 0xE4, 0x00, 0x00, 0xE4, 0x00, 0x00, 0xE4, 0x00, 0x00, 0xEF, 0xFF, 0xF4, 0xE4, 0x00, 0x00,
    0xE4, 0x00, 0x00, 0xE4, 0x00, 0x00, 0xEF, 0xFF, 0xFF, 0x01, 0xE0, 0x78, 0x00, 0x08, 0xCB, 0x10,
    0x00, 0x00, 0x00, 0x00, 0x2B, 0xFD, 0x30, 0x0D, 0x70, 0x5E, 0x04, 0xE0, 0x00, 0xD4, 0x6F, 0xFF,
    0xFF, 0x64, 0xE0, 0x00, 0x00, 0x0E, 0x80, 0x1A, 0x10, 0x2B, 0xEE, 0x70, 0x04, 0xCF, 0xFC, 0x50,
    0x00, 0x24, 0x11, 0x6F, 0x60, 0x00, 0x00, 0x00, 0x6E, 0x00, 0x00, 0x00, 0x01, 0xF2, 0x6F, 0xFF,
    0xFF, 0xFF, 0x35, 0xD0, 0x00, 0x01, 0xF2, 0x2F, 0x10, 0x00, 0x6E, 0x00, 0xAB, 0x20, 0x4E, 0x50,
    0x00, 0x8E, 0xFD, 0x40, 0x00, 0x09, 0xEE, 0xB1, 0x00, 0x61, 0x08, 0xD0, 0x00, 0x00, 0x0F, 0x35,
    0xFF, 0xFF, 0xF5, 0x4D, 0x00, 0x0F, 0x31, 0xE5, 0x08, 0xC0, 0x04, 0xDF, 0xB1, 0x00, 0x00, 0x30,
    0x12, 0x00, 0x00, 0x3D, 0x07, 0x90, 0x00, 0x00, 0x00, 0x00, 0x00, 0x00, 0x4C, 0xFF, 0xC5, 0x00,
    0x02, 0x41, 0x16, 0xF6, 0x00, 0x00, 0x00, 0x06, 0xE0, 0x00, 0x00, 0x00, 0x1F, 0x26, 0xFF, 0xFF,
    0xFF, 0xF3, 0x5D, 0x00, 0x00, 0x1F, 0x22, 0xF1, 0x00, 0x06, 0xE0, 0x0A, 0xB2, 0x04, 0xE5, 0x00,
    0x08, 0xEF, 0xD4, 0x00, 0x00, 0x30, 0x12, 0x00, 0x3D, 0x07, 0x90, 0x00, 0x00, 0x00, 0x00, 0x9E,
    0xEB, 0x10, 0x06, 0x10, 0x8D, 0x00, 0x00, 0x00, 0xF3, 0x5F, 0xFF, 0xFF, 0x54, 0xD0, 0x00, 0xF3,
    0x1E, 0x50, 0x8C, 0x00, 0x4D, 0xFB, 0x10, 0x00, 0x00, 0x30, 0x12, 0x00, 0x00, 0x00, 0x03, 0xD0,
    0x79, 0x00, 0x00, 0x00, 0x00, 0x00, 0x00, 0x00, 0x00, 0x4F, 0x20, 0x0A, 0x90, 0x04, 0xF2, 0x09,
    0xC0, 0x0A, 0x90, 0x0D, 0x70, 0x00, 0xE6, 0x0A, 0x90, 0x8C, 0x00, 0x00, 0x4F, 0x1A, 0x92, 0xF2,
    0x00, 0x00, 0x0F, 0xFF, 0xFF, 0xF0, 0x00, 0x00, 0x7E, 0x0A, 0x91, 0xF6, 0x00, 0x02, 0xF4, 0x0A,
    0x90, 0x6F, 0x10, 0x0C, 0xA0, 0x0A, 0x90, 0x0C, 0xB0, 0x7E, 0x10, 0x0A, 0x90, 0x02, 0xF6, 0x00,
    0x03, 0x01, 0x20, 0x00, 0x00, 0x3D, 0x07, 0x90, 0x00, 0x00, 0x00, 0x00, 0x00, 0x00, 0x4F, 0x20,
    0xA8, 0x03, 0xF3, 0x0A, 0xB0, 0xA8, 0x0C, 0x90, 0x01, 0xE4, 0xA9, 0x6D, 0x00, 0x00, 0xCF, 0xFF,
    0xFA, 0x00, 0x02, 0xF3, 0xA8, 0x4F, 0x10, 0x0C, 0x90, 0xA8, 0x0A, 0xB0, 0x8E, 0x00, 0xA8, 0x01,
    0xE7, 0x00, 0x30, 0x12, 0x00, 0x03, 0xD0, 0x79, 0x00, 0x00, 0x00, 0x00, 0x00, 0x02, 0xBF, 0xEA,
    0x10, 0x0D, 0x90, 0x1B, 0xC0, 0x4F, 0x00, 0x04, 0xF0, 0x00, 0x00, 0x1A, 0xA0, 0x00, 0x4F, 0xFF,
    0x20, 0x00, 0x00, 0x18, 0xD0, 0x6D, 0x00, 0x01, 0xF1, 0x1F, 0x70, 0x19, 0xD0, 0x03, 0xCF, 0xEA,
    0x20, 0x00, 0x30, 0x12, 0x03, 0xD0, 0x79, 0x00, 0x00, 0x00, 0x06, 0xDF, 0xC2, 0x3F, 0x30, 0x9B,
    0x00, 0x00, 0x8A, 0x00, 0xFF, 0xF3, 0x00, 0x00, 0x7D, 0x5E, 0x20, 0x7D, 0x07, 0xEF, 0xC3, 0x1F,
    0xFF, 0xFF, 0x70, 0x00, 0x06, 0xC0, 0x00, 0x05, 0xD1, 0x00, 0x05, 0xF6, 0x00, 0x00, 0x6C, 0xCD,
    0x20, 0x00, 0x00, 0xB9, 0x3A, 0x00, 0x08, 0xB1, 0xF7, 0x13, 0xD7, 0x03, 0xCF, 0xE8, 0x00, 0x0F,
    0xFF, 0xFF, 0x70, 0x00, 0x07, 0xD0, 0x00, 0x03, 0xF2, 0x00, 0x01, 0xE5, 0x00, 0x00, 0xBF, 0xC6,
    0x00, 0x00, 0x04, 0xE5, 0x00, 0x00, 0x08, 0xB3, 0xF0, 0x00, 0x8A, 0x0E, 0x70, 0x3E, 0x60, 0x3C,
    0xFD, 0x70, 0x00, 0x22, 0x22, 0x00, 0x01, 0xCC, 0xCC, 0x20, 0x00, 0x00, 0x00, 0x00, 0xE5, 0x00,
    0x06, 0xF2, 0xE5, 0x00, 0x2F, 0xF2, 0xE5, 0x00, 0xBB, 0xF2, 0xE5, 0x06, 0xE2, 0xF2, 0xE5, 0x1F,
    0x41, 0xF2, 0xE5, 0xBA, 0x01, 0xF2, 0xEB, 0xE1, 0x01, 0xF2, 0xEF, 0x50, 0x01, 0xF2, 0xEA, 0x00,
    0x01, 0xF2, 0x02, 0x22, 0x20, 0x1C, 0xCC, 0xC2, 0x00, 0x00, 0x00, 0xF2, 0x01, 0xE8, 0xF2, 0x09,
    0xF8, 0xF2, 0x3E, 0xB8, 0xF3, 0xD5, 0xA8, 0xFA, 0xB0, 0xA8, 0xFF, 0x20, 0xA8, 0xF7, 0x00, 0xA8,
    0x00, 0x30, 0x12, 0x00, 0x03, 0xD0, 0x79, 0x00, 0x00, 0x00, 0x00, 0x00, 0xE5, 0x00, 0x06, 0xF2,
    0xE5, 0x00, 0x2F, 0xF2, 0xE5, 0x00, 0xBB, 0xF2, 0xE5, 0x06, 0xE2, 0xF2, 0xE5, 0x1F, 0x41, 0xF2,
    0xE5, 0xBA, 0x01, 0xF2, 0xEB, 0xE1, 0x01, 0xF2, 0xEF, 0x50, 0x01, 0xF2, 0xEA, 0x00, 0x01, 0xF2,
    0x03, 0x01, 0x20, 0x3D, 0x07, 0x90, 0x00, 0x00, 0x00, 0xF2, 0x01, 0xE8, 0xF2, 0x09, 0xF8, 0xF2,
    0x3E, 0xB8, 0xF3, 0xD5, 0xA8, 0xFA, 0xB0, 0xA8, 0xFF, 0x20, 0xA8, 0xF7, 0x00, 0xA8, 0x00, 0x03,
    0x01, 0x20, 0x00, 0x03, 0xD0, 0x79, 0x00, 0x00, 0x00, 0x00, 0x00, 0x00, 0x06, 0xDF, 0xD6, 0x00,
    0x06, 0xE4, 0x15, 0xE5, 0x00, 0xE5, 0x00, 0x06, 0xE0, 0x3F, 0x00, 0x00, 0x2F, 0x23, 0xF0, 0x00,
    0x00, 0xF2, 0x3F, 0x00, 0x00, 0x2F, 0x20, 0xE5, 0x00, 0x05, 0xE0, 0x06, 0xE4, 0x14, 0xE6, 0x00,
    0x06, 0xDF, 0xD5, 0x00, 0x00, 0x30, 0x12, 0x00, 0x3D, 0x07, 0x90, 0x00, 0x00, 0x00, 0x00, 0x2B,
    0xFE, 0x50, 0x0D, 0x80, 0x3E, 0x44, 0xE0, 0x00, 0x8B, 0x6C, 0x00, 0x05, 0xD4, 0xE0, 0x00, 0x8B,
    0x0D, 0x70, 0x3E, 0x40, 0x2B, 0xFD, 0x60, 0x00, 0x7E, 0xFC, 0x50, 0x00, 0x8D, 0x30, 0x4E, 0x40,
    0x1F, 0x20, 0x00, 0x6C, 0x04, 0xE0, 0x00, 0x02, 0xF0, 0x5F, 0xFF, 0xFF, 0xFF, 0x14, 0xE0, 0x00,
    0x03, 0xF0, 0x1F, 0x30, 0x00, 0x7C, 0x00, 0x8D, 0x30, 0x4E, 0x40, 0x00, 0x7D, 0xFD, 0x40, 0x00,
    0x02, 0xBF, 0xE5, 0x00, 0xD8, 0x03, 0xE4, 0x4E, 0x00, 0x08, 0xA6, 0xFF, 0xFF, 0xFC, 0x4E, 0x00,
    0x07, 0xA0, 0xD8, 0x03, 0xE4, 0x02, 0xBF, 0xD6, 0x00, 0x00, 0x03, 0x01, 0x20, 0x00, 0x03, 0xD0,
    0x79, 0x00, 0x00, 0x00, 0x00, 0x00, 0x00, 0x07, 0xEF, 0xC5, 0x00, 0x08, 0xD3, 0x04, 0xE4, 0x01,
    0xF2, 0x00, 0x06, 0xC0, 0x4E, 0x00, 0x00, 0x2F, 0x05, 0xFF, 0xFF, 0xFF, 0xF1, 0x4E, 0x00, 0x00,
    0x3F, 0x01, 0xF3, 0x00, 0x07, 0xC0, 0x08, 0xD3, 0x04, 0xE4, 0x00, 0x07, 0xDF, 0xD4, 0x00, 0x00,
    0x30, 0x12, 0x00, 0x3D, 0x07, 0x90, 0x00, 0x00, 0x00, 0x00, 0x2B, 0xFE, 0x50, 0x0D, 0x80, 0x3E,
    0x44, 0xE0, 0x00, 0x8A, 0x6F, 0xFF, 0xFF, 0xC4, 0xE0, 0x00, 0x7A, 0x0D, 0x80, 0x3E, 0x40, 0x2B,
    0xFD, 0x60, 0x00, 0x03, 0x01, 0x20, 0x00, 0x03, 0xD0, 0x79, 0x00, 0x00, 0x00, 0x00, 0x00, 0x00,
    0x08, 0xEF, 0xC4, 0x00, 0x08, 0xD3, 0x15, 0xF4, 0x00, 0xF5, 0x00, 0x07, 0xC0, 0x00, 0x00, 0x00,
    0x3F, 0x00, 0x00, 0xDF, 0xFF, 0xF0, 0x00, 0x00, 0x00, 0x3F, 0x00, 0xF5, 0x00, 0x07, 0xC0, 0x08,
    0xD2, 0x05, 0xF4, 0x00, 0x08, 0xEF, 0xD4, 0x00, 0x00, 0x30, 0x12, 0x00, 0x3D, 0x07, 0x90, 0x00,
    0x00, 0x00, 0x00, 0x5D, 0xFB, 0x10, 0x3E, 0x20, 0x9C, 0x00, 0x00, 0x00, 0xF2, 0x00, 0x7F, 0xFF,
    0x40, 0x00, 0x00, 0xF2, 0x3E, 0x20, 0x9C, 0x00, 0x7E, 0xFB, 0x10, 0x00, 0x22, 0x22, 0x00, 0x01,
    0xCC, 0xCC, 0x20, 0x00, 0x00, 0x00, 0x00, 0x4F, 0x10, 0x00, 0xD8, 0x0C, 0x80, 0x03, 0xF2, 0x05,
    0xF1, 0x0A, 0xA0, 0x00, 0xD7, 0x1F, 0x30, 0x00, 0x5E, 0x8C, 0x00, 0x00, 0x0D, 0xF5, 0x00, 0x00,
    0x0A, 0xF0, 0x00, 0x00, 0x1D, 0x70, 0x00, 0x05, 0xFA, 0x00, 0x00, 0x06, 0x66, 0x61, 0x08, 0x88,
    0x81, 0x00, 0x00, 0x00, 0xB9, 0x00, 0x6D, 0x5E, 0x00, 0xB7, 0x0F, 0x30, 0xF2, 0x0A, 0x84, 0xD0,
    0x04, 0xD9, 0x70, 0x00, 0xEF, 0x20, 0x00, 0xCF, 0x00, 0x00, 0xA7, 0x00, 0x03, 0xE1, 0x00, 0x6E,
    0x60, 0x00, 0x00, 0x30, 0x12, 0x00, 0x03, 0xD0, 0x79, 0x00, 0x00, 0x00, 0x00, 0x00, 0x4F, 0x10,
    0x00, 0xD8, 0x0C, 0x80, 0x03, 0xF2, 0x05, 0xF1, 0x0A, 0xA0, 0x00, 0xD7, 0x1F, 0x30, 0x00, 0x5E,
    0x8C, 0x00, 0x00, 0x0D, 0xF5, 0x00, 0x00, 0x0A, 0xF0, 0x00, 0x00, 0x1D, 0x70, 0x00, 0x05, 0xFA,
    0x00, 0x00, 0x01, 0x70, 0x35, 0x02, 0x90, 0x57, 0x00, 0x00, 0x00, 0xB9, 0x00, 0x6D, 0x5E, 0x00,
    0xB7, 0x0F, 0x30, 0xF2, 0x0A, 0x84, 0xD0, 0x04, 0xD9, 0x70, 0x00, 0xEF, 0x20, 0x00, 0xCF, 0x00,
    0x00, 0xA7, 0x00, 0x03, 0xE1, 0x00, 0x6E, 0x60, 0x00, 0x00, 0x09, 0x98, 0xB0, 0x00, 0x2D, 0x4D,
    0x00, 0x00, 0x00, 0x00, 0x00, 0x4F, 0x10, 0x00, 0xD8, 0x0C, 0x80, 0x03, 0xF2, 0x05, 0xF1, 0x0A,
    0xA0, 0x00, 0xD7, 0x1F, 0x30, 0x00, 0x5E, 0x8C, 0x00, 0x00, 0x0D, 0xF5, 0x00, 0x00, 0x0A, 0xF0,
    0x00, 0x00, 0x1D, 0x70, 0x00, 0x05, 0xFA, 0x00, 0x00, 0x00, 0x99, 0x8B, 0x00, 0x2D, 0x4D, 0x00,
    0x00, 0x00, 0x00, 0x0B, 0x90, 0x06, 0xD0, 0x5E, 0x00, 0xB7, 0x00, 0xF3, 0x0F, 0x20, 0x0A, 0x84,
    0xD0, 0x00, 0x4D, 0x97, 0x00, 0x00, 0xEF, 0x20, 0x00, 0x0C, 0xF0, 0x00, 0x00, 0xA7, 0x00, 0x00,
    0x3E, 0x10, 0x00, 0x6E, 0x60, 0x00, 0x00, 0x00, 0x03, 0x01, 0x20, 0x00, 0x3D, 0x07, 0x90, 0x00,
    0x00, 0x00, 0x00, 0x0F, 0x30, 0x00, 0x7C, 0x0F, 0x30, 0x00, 0x7C, 0x0F, 0x30, 0x00, 0x7C, 0x0F,
    0x30, 0x00, 0x7C, 0x0C, 0xA1, 0x02, 0xBC, 0x01, 0xBF, 0xFE, 0xFC, 0x00, 0x00, 0x00, 0x7C, 0x00,
    0x00, 0x00, 0x7C, 0x00, 0x00, 0x00, 0x7C, 0x00, 0x30, 0x12, 0x00, 0x3D, 0x07, 0x90, 0x00, 0x00,
    0x00, 0x05, 0xD0, 0x01, 0xF1, 0x5D, 0x00, 0x1F, 0x15, 0xE0, 0x01, 0xF1, 0x1F, 0x40, 0x3F, 0x10,
    0x5E, 0xFF, 0xF1, 0x00, 0x00, 0x1F, 0x10, 0x00, 0x01, 0xF1, 0xEF, 0xFF, 0xFD, 0xE5, 0x00, 0x00,
    0xE5, 0x00, 0x00, 0xE5, 0x00, 0x00, 0xE5, 0x00, 0x00, 0xE5, 0x00, 0x00, 0xE5, 0x00, 0x00, 0xE5,
    0x00, 0x00, 0xE9, 0x90, 0x00, 0x05, 0xD0, 0x00, 0x05, 0xD0, 0x00, 0x01, 0x30, 0x00, 0x0F, 0xFF,
    0xF5, 0x0F, 0x20, 0x00, 0x0F, 0x20, 0x00, 0x0F, 0x20, 0x00, 0x0F, 0x20, 0x00, 0x0F, 0x20, 0x00,
    0x0F, 0xC0, 0x00, 0x05, 0xD0, 0x00, 0x05, 0xD0, 0x00, 0x01, 0x30, 0x00, 0x00, 0x03, 0x01, 0x20,
    0x00, 0x00, 0x3D, 0x07, 0x90, 0x00, 0x00, 0x00, 0x00, 0x00, 0x00, 0xE5, 0x00, 0x00, 0x02, 0xF1,
    0xE5, 0x00, 0x00, 0x02, 0xF1, 0xE5, 0x00, 0x00, 0x02, 0xF1, 0xE5, 0x00, 0x00, 0x02, 0xF1, 0xEF,
    0xFF, 0xE9, 0x02, 0xF1, 0xE5, 0x00, 0x2D, 0x72, 0xF1, 0xE5, 0x00, 0x09, 0xA2, 0xF1, 0xE5, 0x00,
    0x3E, 0x72, 0xF1, 0xEF, 0xFF, 0xE8, 0x02, 0xF1, 0x00, 0x30, 0x12, 0x00, 0x03, 0xD0, 0x79, 0x00,
    0x00, 0x00, 0x00, 0x00, 0xF2, 0x00, 0x00, 0x4F, 0xF2, 0x00, 0x00, 0x4F, 0xFF, 0xFE, 0x80, 0x4F,
    0xF2, 0x02, 0xF4, 0x4F, 0xF2, 0x00, 0xB7, 0x4F, 0xF2, 0x02, 0xE3, 0x4F, 0xFF, 0xFE, 0x70, 0x4F,
    0x00, 0xEF, 0xFF, 0xFD, 0x00, 0xE5, 0x00, 0x00, 0x00, 0xE5, 0x00, 0x00, 0x00, 0xE5, 0x00, 0x00,
    0x1F, 0xFF, 0xE0, 0x00, 0x00, 0xE5, 0x00, 0x00, 0x00, 0xE5, 0x00, 0x00, 0x00, 0xE5, 0x00, 0x00,
    0x00, 0xE5, 0xE4, 0x00, 0x00, 0x00, 0xE4, 0x00, 0x00, 0x02, 0xF1, 0x00, 0x00, 0x6F, 0x70, 0x00,
    0x00, 0x0F, 0xFF, 0xF5, 0x00, 0x0F, 0x20, 0x00, 0x00, 0x0F, 0x20, 0x00, 0x1F, 0xFF, 0xF0, 0x00,
    0x00, 0x0F, 0x20, 0x00, 0x00, 0x0F, 0x20, 0x00, 0x00, 0x0F, 0x70, 0x00, 0x00, 0x0E, 0x40, 0x00,
    0x00, 0x2F, 0x10, 0x00, 0x06, 0xF7, 0x00, 0x00, 0x3F, 0x30, 0x01, 0xE6, 0x00, 0x9C, 0x00, 0xAB,
    0x00, 0x00, 0xE7, 0x4F, 0x20, 0x00, 0x04, 0xFE, 0x70, 0x00, 0x00, 0x0C, 0xF0, 0x00, 0x00, 0x05,
    0xFD, 0x80, 0x00, 0x01, 0xE6, 0x4F, 0x20, 0x00, 0xAC, 0x00, 0x9C, 0x00, 0x4F, 0x20, 0x01, 0xEF,
    0x40, 0x00, 0x00, 0x00, 0xE4, 0x00, 0x00, 0x00, 0x2F, 0x10, 0x00, 0x00, 0x6F, 0x70, 0x5E, 0x10,
    0x9C, 0x00, 0xA9, 0x3F, 0x20, 0x01, 0xED, 0x70, 0x00, 0x09, 0xF0, 0x00, 0x02, 0xFC, 0x80, 0x00,
    0xC8, 0x2F, 0x30, 0x6E, 0x00, 0x7F, 0x40, 0x00, 0x00, 0xE4, 0x00, 0x00, 0x2F, 0x10, 0x00, 0x6F,
    0x70, 0x4F, 0x30, 0x01, 0xE6, 0x09, 0xC0, 0x0A, 0xC0, 0x01, 0xE6, 0x4F, 0x20, 0x00, 0x5F, 0xD7,
    0x00, 0x00, 0xEF, 0xFF, 0x10, 0x00, 0x4F, 0xE6, 0x00, 0x00, 0xE7, 0x4F, 0x20, 0x09, 0xC0, 0x0A,
    0xC0, 0x4F, 0x20, 0x01, 0xE7, 0x5E, 0x00, 0x9C, 0x00, 0xB8, 0x2F, 0x20, 0x02, 0xEC, 0x80, 0x00,
    0xCF, 0xFF, 0x40, 0x01, 0xED, 0x70, 0x00, 0xB9, 0x2F, 0x20, 0x6E, 0x00, 0x8C, 0x00,
};

static const font_glyph_t roboto_body_glyphs[] = {
    { 0x0020, 0, 0, 0, 0, 0, 3 },
    { 0x0021, 0, 2, 9, 1, 4, 3 },
    { 0x0022, 9, 4, 3, 0, 3, 4 },
    { 0x0023, 15, 8, 9, 0, 4, 8 },
    { 0x0024, 51, 7, 11, 0, 3, 7 },
    { 0x0025, 90, 9, 9, 0, 4, 10 },
    { 0x0026, 131, 8, 9, 0, 4, 8 },
    { 0x0027, 167, 2, 3, 0, 3, 2 },
    { 0x0028, 170, 5, 13, 0, 3, 4 },
    { 0x0029, 203, 4, 13, 0, 3, 5 },
    { 0x002A, 229, 6, 5, 0, 4, 6 },
    { 0x002B, 244, 7, 7, 0, 5, 7 },
    { 0x002C, 269, 2, 3, 0, 12, 3 },
    { 0x002D, 272, 4, 1, 0, 9, 4 },
    { 0x002E, 274, 3, 2, 0, 11, 3 },
    { 0x002F, 277, 5, 10, 0, 4, 5 },
    { 0x0030, 302, 7, 9, 0, 4, 7 },
    { 0x0031, 334, 4, 9, 1, 4, 7 },
    { 0x0032, 352, 7, 9, 0, 4, 7 },
    { 0x0033, 384, 7, 9, 0, 4, 7 },
    { 0x0034, 416, 8, 9, 0, 4, 7 },
    { 0x0035, 452, 6, 9, 1, 4, 7 },
    { 0x0036, 479, 7, 9, 0, 4, 7 },
    { 0x0037, 511, 7, 9, 0, 4, 7 },
    { 0x0038, 543, 7, 9, 0, 4, 7 },
    { 0x0039, 575, 7, 9, 0, 4, 7 },
    { 0x003A, 607, 3, 8, 0, 5, 3 },
    { 0x003B, 619, 3, 10, 0, 5, 3 },
    { 0x003C, 634, 6, 6, 0, 6, 7 },
    { 0x003D, 652, 7, 5, 0, 6, 7 },
    { 0x003E, 670, 7, 6, 0, 6, 7 },
    { 0x003F, 691, 6, 9, 0, 4, 6 },
    { 0x0040, 718, 11, 12, 0, 4, 12 },
    { 0x0041, 784, 9, 9, 0, 4, 8 },
    { 0x0042, 825, 7, 9, 1, 4, 8 },
    { 0x0043, 857, 8, 9, 0, 4, 8 },
    { 0x0044, 893, 7, 9, 1, 4, 9 },
    { 0x0045, 925, 6, 9, 1, 4, 7 },
    { 0x0046, 952, 6, 9, 1, 4, 7 },
    { 0x0047, 979, 8, 9, 0, 4, 9 },
    { 0x0048, 1015, 8, 9, 1, 4, 9 },
    { 0x0049, 1051, 2, 9, 1, 4, 4 },
    { 0x004A, 1060, 7, 9, 0, 4, 7 },
    { 0x004B, 1092, 8, 9, 1, 4, 8 },
    { 0x004C, 1128, 6, 9, 1, 4, 7 },
    { 0x004D, 1155, 10, 9, 1, 4, 11 },
    { 0x004E, 1200, 8, 9, 1, 4, 9 },
    { 0x004F, 1236, 9, 9, 0, 4, 9 },
    { 0x0050, 1277, 7, 9, 1, 4, 8 },
    { 0x0051, 1309, 9, 11, 0, 4, 9 },
    { 0x0052, 1359, 7, 9, 1, 4, 8 },
    { 0x0053, 1391, 8, 9, 0, 4, 8 },
    { 0x0054, 1427, 8, 9, 0, 4, 8 },
    { 0x0055, 1463, 8, 9, 0, 4, 8 },
    { 0x0056, 1499, 9, 9, 0, 4, 8 },
    { 0x0057, 1540, 12, 9, 0, 4, 12 },
    { 0x0058, 1594, 8, 9, 0, 4, 8 },
    { 0x0059, 1630, 8, 9, 0, 4, 8 },
    { 0x005A, 1666, 8, 9, 0, 4, 8 },
    { 0x005B, 1702, 4, 13, 0, 2, 3 },
    { 0x005C, 1728, 6, 10, 0, 4, 5 },
    { 0x005D, 1758, 3, 13, 0, 2, 3 },
    { 0x005E, 1778, 5, 5, 0, 4, 5 },
    { 0x005F, 1791, 6, 1, 0, 13, 6 },
    { 0x0060, 1794, 3, 2, 0, 3, 4 },
    { 0x0061, 1797, 7, 7, 0, 6, 7 },
    { 0x0062, 1822, 7, 10, 0, 3, 7 },
    { 0x0063, 1857, 7, 7, 0, 6, 7 },
    { 0x0064, 1882, 7, 10, 0, 3, 7 },
    { 0x0065, 1917, 7, 7, 0, 6, 7 },
    { 0x0066, 1942, 5, 10, 0, 3, 5 },
    { 0x0067, 1967, 7, 10, 0, 6, 7 },
    { 0x0068, 2002, 7, 10, 0, 3, 7 },
    { 0x0069, 2037, 3, 10, 0, 3, 3 },
    { 0x006A, 2052, 4, 13, -1, 3, 3 },
    { 0x006B, 2078, 7, 10, 0, 3, 7 },
    { 0x006C, 2113, 3, 10, 0, 3, 3 },
    { 0x006D, 2128, 11, 7, 0, 6, 11 },
    { 0x006E, 2167, 7, 7, 0, 6, 7 },
    { 0x006F, 2192, 7, 7, 0, 6, 7 },
    { 0x0070, 2217, 7, 10, 0, 6, 7 },
    { 0x0071, 2252, 7, 10, 0, 6, 7 },
    { 0x0072, 2287, 5, 7, 0, 6, 4 },
    { 0x0073, 2305, 7, 7, 0, 6, 7 },
    { 0x0074, 2330, 4, 9, 0, 4, 4 },
    { 0x0075, 2348, 7, 7, 0, 6, 7 },
    { 0x0076, 2373, 7, 7, 0, 6, 6 },
    { 0x0077, 2398, 10, 7, 0, 6, 10 },
    { 0x0078, 2433, 7, 7, 0, 6, 6 },
    { 0x0079, 2458, 6, 10, 0, 6, 6 },
    { 0x007A, 2488, 7, 7, 0, 6, 6 },
    { 0x007B, 2513, 5, 12, 0, 3, 4 },
    { 0x007C, 2543, 2, 11, 1, 4, 3 },
    { 0x007D, 2554, 4, 12, 0, 3, 4 },
    { 0x007E, 2578, 8, 4, 0, 7, 9 },
    { 0x0080, 2594, 6, 10, 0, 3, 6 },
    { 0x0081, 2624, 6, 10, 0, 3, 6 },
    { 0x0082, 2654, 6, 10, 0, 3, 6 },
    { 0x0083, 2684, 6, 10, 0, 3, 6 },
    { 0x0084, 2714, 6, 10, 0, 3, 6 },
    { 0x0085, 2744, 6, 10, 0, 3, 6 },
    { 0x0086, 2774, 6, 10, 0, 3, 6 },
    { 0x0087, 2804, 6, 10, 0, 3, 6 },
    { 0x0088, 2834, 6, 10, 0, 3, 6 },
    { 0x0089, 2864, 6, 10, 0, 3, 6 },
    { 0x008A, 2894, 6, 10, 0, 3, 6 },
    { 0x008B, 2924, 6, 10, 0, 3, 6 },
    { 0x008C, 2954, 6, 10, 0, 3, 6 },
    { 0x008D, 2984, 6, 10, 0, 3, 6 },
    { 0x008E, 3014, 6, 10, 0, 3, 6 },
    { 0x008F, 3044, 6, 10, 0, 3, 6 },
    { 0x0090, 3074, 6, 10, 0, 3, 6 },
    { 0x0091, 3104, 6, 10, 0, 3, 6 },
    { 0x0092, 3134, 6, 10, 0, 3, 6 },
    { 0x0093, 3164, 6, 10, 0, 3, 6 },
    { 0x0094, 3194, 6, 10, 0, 3, 6 },
    { 0x0095, 3224, 6, 10, 0, 3, 6 },
    { 0x0096, 3254, 6, 10, 0, 3, 6 },
    { 0x0097, 3284, 6, 10, 0, 3, 6 },
    { 0x0098, 3314, 6, 10, 0, 3, 6 },
    { 0x0099, 3344, 6, 10, 0, 3, 6 },
    { 0x009A, 3374, 6, 10, 0, 3, 6 },
    { 0x009B, 3404, 6, 10, 0, 3, 6 },
    { 0x009C, 3434, 6, 10, 0, 3, 6 },
    { 0x009D, 3464, 6, 10, 0, 3, 6 },
    { 0x009E, 3494, 6, 10, 0, 3, 6 },
    { 0x009F, 3524, 6, 10, 0, 3, 6 },
    { 0x00A0, 0, 0, 0, 0, 0, 3 },
    { 0x00A1, 3554, 3, 9, 0, 6, 3 },
    { 0x00A2, 3568, 7, 9, 0, 5, 7 },
    { 0x00A3, 3600, 8, 9, 0, 4, 8 },
    { 0x00A4, 3636, 9, 9, 0, 5, 9 },
    { 0x00A5, 3677, 7, 9, 0, 4, 7 },
    { 0x00A6, 3709, 3, 11, 0, 4, 3 },
    { 0x00A7, 3726, 8, 12, 0, 4, 8 },
    { 0x00A8, 3774, 5, 2, 0, 3, 5 },
    { 0x00A9, 3779, 10, 9, 0, 4, 10 },
    { 0x00AA, 3824, 5, 5, 0, 4, 6 },
    { 0x00AB, 3837, 6, 5, 0, 7, 6 },
    { 0x00AC, 3852, 7, 3, 0, 8, 7 },
    { 0x00AD, 0, 0, 0, 0, 0, 0 },
    { 0x00AE, 3863, 10, 9, 0, 4, 10 },
    { 0x00AF, 3908, 6, 1, 0, 4, 6 },
    { 0x00B0, 3911, 5, 3, 0, 4, 5 },
    { 0x00B1, 3919, 7, 8, 0, 5, 7 },
    { 0x00B2, 3947, 5, 5, 0, 4, 5 },
    { 0x00B3, 3960, 5, 5, 0, 4, 5 },
    { 0x00B4, 3973, 4, 2, 0, 3, 4 },
    { 0x00B5, 3977, 7, 10, 0, 6, 7 },
    { 0x00B6, 4012, 6, 9, 0, 4, 6 },
    { 0x00B7, 4039, 3, 2, 0, 7, 3 },
    { 0x00B8, 4042, 3, 3, 0, 13, 3 },
    { 0x00B9, 4047, 4, 5, 0, 4, 5 },
    { 0x00BA, 4057, 6, 5, 0, 4, 6 },
    { 0x00BB, 4072, 6, 5, 0, 7, 6 },
    { 0x00BC, 4087, 10, 9, 0, 4, 10 },
    { 0x00BD, 4132, 10, 9, 0, 4, 10 },
    { 0x00BE, 4177, 10, 9, 0, 4, 10 },
    { 0x00BF, 4222, 6, 9, 0, 6, 6 },
    { 0x00C0, 4249, 9, 12, 0, 1, 8 },
    { 0x00C1, 4303, 9, 12, 0, 1, 8 },
    { 0x00C2, 4357, 9, 12, 0, 1, 8 },
    { 0x00C3, 4411, 9, 12, 0, 1, 8 },
    { 0x00C4, 4465, 9, 12, 0, 1, 8 },
    { 0x00C5, 4519, 9, 13, 0, 0, 8 },
    { 0x00C6, 4578, 13, 9, -1, 4, 12 },
    { 0x00C7, 4637, 8, 12, 0, 4, 8 },
    { 0x00C8, 4685, 6, 12, 1, 1, 7 },
    { 0x00C9, 4721, 6, 12, 1, 1, 7 },
    { 0x00CA, 4757, 6, 12, 1, 1, 7 },
    { 0x00CB, 4793, 6, 12, 1, 1, 7 },
    { 0x00CC, 4829, 4, 12, -1, 1, 4 },
    { 0x00CD, 4853, 4, 12, 0, 1, 4 },
    { 0x00CE, 4877, 4, 12, 0, 1, 4 },
    { 0x00CF, 4901, 5, 12, -1, 1, 4 },
    { 0x00D0, 4931, 8, 9, 0, 4, 9 },
    { 0x00D1, 4967, 8, 12, 1, 1, 9 },
    { 0x00D2, 5015, 9, 12, 0, 1, 9 },
    { 0x00D3, 5069, 9, 12, 0, 1, 9 },
    { 0x00D4, 5123, 9, 12, 0, 1, 9 },
    { 0x00D5, 5177, 9, 12, 0, 1, 9 },
    { 0x00D6, 5231, 9, 12, 0, 1, 9 },
    { 0x00D7, 5285, 7, 6, 0, 6, 7 },
    { 0x00D8, 5306, 9, 11, 0, 3, 9 },
    { 0x00D9, 5356, 8, 12, 0, 1, 8 },
    { 0x00DA, 5404, 8, 12, 0, 1, 8 },
    { 0x00DB, 5452, 8, 12, 0, 1, 8 },
    { 0x00DC, 5500, 8, 12, 0, 1, 8 },
    { 0x00DD, 5548, 8, 12, 0, 1, 8 },
    { 0x00DE, 5596, 7, 9, 1, 4, 8 },
    { 0x00DF, 5628, 8, 10, 0, 3, 8 },
    { 0x00E0, 5668, 7, 10, 0, 3, 7 },
    { 0x00E1, 5703, 7, 10, 0, 3, 7 },
    { 0x00E2, 5738, 7, 10, 0, 3, 7 },
    { 0x00E3, 5773, 7, 10, 0, 3, 7 },
    { 0x00E4, 5808, 7, 10, 0, 3, 7 },
    { 0x00E5, 5843, 7, 11, 0, 2, 7 },
    { 0x00E6, 5882, 11, 7, 0, 6, 11 },
    { 0x00E7, 5921, 7, 10, 0, 6, 7 },
    { 0x00E8, 5956, 7, 10, 0, 3, 7 },
    { 0x00E9, 5991, 7, 10, 0, 3, 7 },
    { 0x00EA, 6026, 7, 10, 0, 3, 7 },
    { 0x00EB, 6061, 7, 10, 0, 3, 7 },
    { 0x00EC, 6096, 4, 10, -1, 3, 3 },
    { 0x00ED, 6116, 4, 10, 0, 3, 3 },
    { 0x00EE, 6136, 4, 10, 0, 3, 3 },
    { 0x00EF, 6156, 5, 10, -1, 3, 3 },
    { 0x00F0, 6181, 7, 10, 0, 3, 8 },
    { 0x00F1, 6216, 7, 10, 0, 3, 7 },
    { 0x00F2, 6251, 7, 10, 0, 3, 7 },
    { 0x00F3, 6286, 7, 10, 0, 3, 7 },
    { 0x00F4, 6321, 7, 10, 0, 3, 7 },
    { 0x00F5, 6356, 7, 10, 0, 3, 7 },
    { 0x00F6, 6391, 7, 10, 0, 3, 7 },
    { 0x00F7, 6426, 7, 7, 0, 5, 7 },
    { 0x00F8, 6451, 7, 9, 0, 5, 7 },
    { 0x00F9, 6483, 7, 10, 0, 3, 7 },
    { 0x00FA, 6518, 7, 10, 0, 3, 7 },
    { 0x00FB, 6553, 7, 10, 0, 3, 7 },
    { 0x00FC, 6588, 7, 10, 0, 3, 7 },
    { 0x00FD, 6623, 6, 13, 0, 3, 6 },
    { 0x00FE, 6662, 7, 13, 0, 3, 7 },
    { 0x00FF, 6708, 6, 13, 0, 3, 6 },
    { 0x0370, 6747, 6, 10, 0, 3, 6 },
    { 0x0371, 6777, 6, 10, 0, 3, 6 },
    { 0x0372, 6807, 6, 10, 0, 3, 6 },
    { 0x0373, 6837, 6, 10, 0, 3, 6 },
    { 0x0374, 6867, 6, 10, 0, 3, 6 },
    { 0x0375, 6897, 6, 10, 0, 3, 6 },
    { 0x0376, 6927, 6, 10, 0, 3, 6 },
    { 0x0377, 6957, 6, 10, 0, 3, 6 },
    { 0x0378, 6987, 6, 10, 0, 3, 6 },
    { 0x0379, 7017, 6, 10, 0, 3, 6 },
    { 0x037A, 7047, 6, 10, 0, 3, 6 },
    { 0x037B, 7077, 6, 10, 0, 3, 6 },
    { 0x037C, 7107, 6, 10, 0, 3, 6 },
    { 0x037D, 7137, 6, 10, 0, 3, 6 },
    { 0x037E, 7167, 3, 10, 0, 5, 3 },
    { 0x037F, 7182, 6, 10, 0, 3, 6 },
    { 0x0380, 7212, 6, 10, 0, 3, 6 },
    { 0x0381, 7242, 6, 10, 0, 3, 6 },
    { 0x0382, 7272, 6, 10, 0, 3, 6 },
    { 0x0383, 7302, 6, 10, 0, 3, 6 },
    { 0x0384, 7332, 2, 2, 1, 3, 3 },
    { 0x0385, 7334, 6, 3, 0, 2, 7 },
    { 0x0386, 7343, 9, 10, 0, 3, 8 },
    { 0x0387, 7388, 3, 2, 0, 7, 3 },
    { 0x0388, 7391, 9, 10, -1, 3, 8 },
    { 0x0389, 7436, 11, 10, -1, 3, 10 },
    { 0x038A, 7491, 5, 10, -1, 3, 4 },
    { 0x038B, 7516, 6, 10, 0, 3, 6 },
    { 0x038C, 7546, 9, 10, 0, 3, 9 },
    { 0x038D, 7591, 6, 10, 0, 3, 6 },
    { 0x038E, 7621, 10, 10, -1, 3, 8 },
    { 0x038F, 7671, 8, 10, 0, 3, 9 },
    { 0x0390, 7711, 6, 12, -1, 1, 4 },
    { 0x0391, 7747, 9, 9, 0, 4, 8 },
    { 0x0392, 7788, 7, 9, 1, 4, 8 },
    { 0x0393, 7820, 6, 9, 1, 4, 7 },
    { 0x0394, 7847, 9, 9, 0, 4, 9 },
    { 0x0395, 7888, 6, 9, 1, 4, 7 },
    { 0x0396, 7915, 8, 9, 0, 4, 8 },
    { 0x0397, 7951, 8, 9, 1, 4, 9 },
    { 0x0398, 7987, 9, 9, 0, 4, 9 },
    { 0x0399, 8028, 2, 9, 1, 4, 4 },
    { 0x039A, 8037, 8, 9, 1, 4, 8 },
    { 0x039B, 8073, 9, 9, 0, 4, 9 },
    { 0x039C, 8114, 10, 9, 1, 4, 11 },
    { 0x039D, 8159, 8, 9, 1, 4, 9 },
    { 0x039E, 8195, 7, 9, 0, 4, 7 },
    { 0x039F, 8227, 9, 9, 0, 4, 9 },
    { 0x03A0, 8268, 8, 9, 1, 4, 9 },
    { 0x03A1, 8304, 7, 9, 1, 4, 8 },
    { 0x03A2, 8336, 6, 10, 0, 3, 6 },
    { 0x03A3, 8366, 7, 9, 0, 4, 7 },
    { 0x03A4, 8398, 8, 9, 0, 4, 8 },
    { 0x03A5, 8434, 8, 9, 0, 4, 8 },
    { 0x03A6, 8470, 9, 9, 0, 4, 9 },
    { 0x03A7, 8511, 8, 9, 0, 4, 8 },
    { 0x03A8, 8547, 9, 9, 0, 4, 9 },
    { 0x03A9, 8588, 8, 9, 0, 4, 9 },
    { 0x03AA, 8624, 5, 12, -1, 1, 4 },
    { 0x03AB, 8654, 8, 12, 0, 1, 8 },
    { 0x03AC, 8702, 8, 10, 0, 3, 7 },
    { 0x03AD, 8742, 7, 10, 0, 3, 7 },
    { 0x03AE, 8777, 7, 13, 0, 3, 7 },
    { 0x03AF, 8823, 3, 10, 1, 3, 4 },
    { 0x03B0, 8838, 7, 12, 0, 1, 7 },
    { 0x03B1, 8880, 8, 7, 0, 6, 7 },
    { 0x03B2, 8908, 6, 11, 1, 4, 8 },
    { 0x03B3, 8941, 7, 10, 0, 6, 7 },
    { 0x03B4, 8976, 7, 10, 0, 3, 7 },
    { 0x03B5, 9011, 7, 7, 0, 6, 7 },
    { 0x03B6, 9036, 7, 11, 0, 4, 7 },
    { 0x03B7, 9075, 7, 10, 0, 6, 7 },
    { 0x03B8, 9110, 7, 9, 0, 4, 7 },
    { 0x03B9, 9142, 3, 7, 1, 6, 4 },
    { 0x03BA, 9153, 7, 7, 0, 6, 7 },
    { 0x03BB, 9178, 7, 10, 0, 3, 7 },
    { 0x03BC, 9213, 7, 10, 0, 6, 7 },
    { 0x03BD, 9248, 7, 7, 0, 6, 6 },
    { 0x03BE, 9273, 6, 12, 0, 4, 6 },
    { 0x03BF, 9309, 7, 7, 0, 6, 7 },
    { 0x03C0, 9334, 8, 7, 0, 6, 8 },
    { 0x03C1, 9362, 7, 10, 0, 6, 7 },
    { 0x03C2, 9397, 7, 9, 0, 6, 7 },
    { 0x03C3, 9429, 8, 7, 0, 6, 7 },
    { 0x03C4, 9457, 7, 7, 0, 6, 7 },
    { 0x03C5, 9482, 7, 7, 0, 6, 7 },
    { 0x03C6, 9507, 9, 10, 0, 6, 9 },
    { 0x03C7, 9552, 8, 10, 0, 6, 7 },
    { 0x03C8, 9592, 9, 10, 0, 6, 9 },
    { 0x03C9, 9637, 10, 7, 0, 6, 11 },
    { 0x03CA, 9672, 5, 10, -1, 3, 4 },
    { 0x03CB, 9697, 7, 10, 0, 3, 7 },
    { 0x03CC, 9732, 7, 10, 0, 3, 7 },
    { 0x03CD, 9767, 7, 10, 0, 3, 7 },
    { 0x03CE, 9802, 10, 10, 0, 3, 11 },
    { 0x03CF, 9852, 6, 10, 0, 3, 6 },
    { 0x03D0, 9882, 6, 10, 0, 3, 6 },
    { 0x03D1, 9912, 8, 9, 0, 4, 8 },
    { 0x03D2, 9948, 9, 9, -1, 4, 7 },
    { 0x03D3, 9989, 10, 10, -1, 3, 8 },
    { 0x03D4, 10039, 6, 10, 0, 3, 6 },
    { 0x03D5, 10069, 6, 10, 0, 3, 6 },
    { 0x03D6, 10099, 10, 7, 0, 6, 10 },
    { 0x03D7, 10134, 6, 10, 0, 3, 6 },
    { 0x03D8, 10164, 6, 10, 0, 3, 6 },
    { 0x03D9, 10194, 6, 10, 0, 3, 6 },
    { 0x03DA, 10224, 6, 10, 0, 3, 6 },
    { 0x03DB, 10254, 6, 10, 0, 3, 6 },
    { 0x03DC, 10284, 6, 10, 0, 3, 6 },
    { 0x03DD, 10314, 6, 10, 0, 3, 6 },
    { 0x03DE, 10344, 6, 10, 0, 3, 6 },
    { 0x03DF, 10374, 6, 10, 0, 3, 6 },
    { 0x03E0, 10404, 6, 10, 0, 3, 6 },
    { 0x03E1, 10434, 6, 10, 0, 3, 6 },
    { 0x03E2, 10464, 6, 10, 0, 3, 6 },
    { 0x03E3, 10494, 6, 10, 0, 3, 6 },
    { 0x03E4, 10524, 6, 10, 0, 3, 6 },
    { 0x03E5, 10554, 6, 10, 0, 3, 6 },
    { 0x03E6, 10584, 6, 10, 0, 3, 6 },
    { 0x03E7, 10614, 6, 10, 0, 3, 6 },
    { 0x03E8, 10644, 6, 10, 0, 3, 6 },
    { 0x03E9, 10674, 6, 10, 0, 3, 6 },
    { 0x03EA, 10704, 6, 10, 0, 3, 6 },
    { 0x03EB, 10734, 6, 10, 0, 3, 6 },
    { 0x03EC, 10764, 6, 10, 0, 3, 6 },
    { 0x03ED, 10794, 6, 10, 0, 3, 6 },
    { 0x03EE, 10824, 6, 10, 0, 3, 6 },
    { 0x03EF, 10854, 6, 10, 0, 3, 6 },
    { 0x03F0, 10884, 6, 10, 0, 3, 6 },
    { 0x03F1, 10914, 6, 10, 0, 3, 6 },
    { 0x03F2, 10944, 6, 10, 0, 3, 6 },
    { 0x03F3, 10974, 6, 10, 0, 3, 6 },
    { 0x03F4, 11004, 6, 10, 0, 3, 6 },
    { 0x03F5, 11034, 6, 10, 0, 3, 6 },
    { 0x03F6, 11064, 6, 10, 0, 3, 6 },
    { 0x03F7, 11094, 6, 10, 0, 3, 6 },
    { 0x03F8, 11124, 6, 10, 0, 3, 6 },
    { 0x03F9, 11154, 6, 10, 0, 3, 6 },
    { 0x03FA, 11184, 6, 10, 0, 3, 6 },
    { 0x03FB, 11214, 6, 10, 0, 3, 6 },
    { 0x03FC, 11244, 6, 10, 0, 3, 6 },
    { 0x03FD, 11274, 6, 10, 0, 3, 6 },
    { 0x03FE, 11304, 6, 10, 0, 3, 6 },
    { 0x03FF, 11334, 6, 10, 0, 3, 6 },
    { 0x0400, 11364, 6, 12, 1, 1, 7 },
    { 0x0401, 11400, 6, 12, 1, 1, 7 },
    { 0x0402, 11436, 10, 9, 0, 4, 10 },
    { 0x0403, 11481, 6, 12, 1, 1, 7 },
    { 0x0404, 11517, 8, 9, 0, 4, 9 },
    { 0x0405, 11553, 8, 9, 0, 4, 8 },
    { 0x0406, 11589, 2, 9, 1, 4, 4 },
    { 0x0407, 11598, 5, 12, -1, 1, 4 },
    { 0x0408, 11628, 7, 9, 0, 4, 7 },
    { 0x0409, 11660, 14, 9, 0, 4, 14 },
    { 0x040A, 11723, 13, 9, 1, 4, 14 },
    { 0x040B, 11782, 10, 9, 0, 4, 11 },
    { 0x040C, 11827, 8, 12, 1, 1, 8 },
    { 0x040D, 11875, 8, 12, 1, 1, 9 },
    { 0x040E, 11923, 8, 12, 0, 1, 8 },
    { 0x040F, 11971, 8, 11, 1, 4, 9 },
    { 0x0410, 12015, 9, 9, 0, 4, 8 },
    { 0x0411, 12056, 7, 9, 1, 4, 8 },
    { 0x0412, 12088, 7, 9, 1, 4, 8 },
    { 0x0413, 12120, 6, 9, 1, 4, 7 },
    { 0x0414, 12147, 10, 11, 0, 4, 10 },
    { 0x0415, 12202, 6, 9, 1, 4, 7 },
    { 0x0416, 12229, 12, 9, 0, 4, 12 },
    { 0x0417, 12283, 8, 9, 0, 4, 8 },
    { 0x0418, 12319, 8, 9, 1, 4, 9 },
    { 0x0419, 12355, 8, 12, 1, 1, 9 },
    { 0x041A, 12403, 8, 9, 1, 4, 8 },
    { 0x041B, 12439, 9, 9, 0, 4, 9 },
    { 0x041C, 12480, 10, 9, 1, 4, 11 },
    { 0x041D, 12525, 8, 9, 1, 4, 9 },
    { 0x041E, 12561, 9, 9, 0, 4, 9 },
    { 0x041F, 12602, 8, 9, 1, 4, 9 },
    { 0x0420, 12638, 7, 9, 1, 4, 8 },
    { 0x0421, 12670, 8, 9, 0, 4, 8 },
    { 0x0422, 12706, 8, 9, 0, 4, 8 },
    { 0x0423, 12742, 8, 9, 0, 4, 8 },
    { 0x0424, 12778, 10, 9, 0, 4, 10 },
    { 0x0425, 12823, 8, 9, 0, 4, 8 },
    { 0x0426, 12859, 9, 11, 1, 4, 10 },
    { 0x0427, 12909, 8, 9, 0, 4, 9 },
    { 0x0428, 12945, 11, 9, 1, 4, 12 },
    { 0x0429, 12995, 12, 11, 1, 4, 13 },
    { 0x042A, 13061, 10, 9, 0, 4, 10 },
    { 0x042B, 13106, 10, 9, 1, 4, 11 },
    { 0x042C, 13151, 7, 9, 1, 4, 8 },
    { 0x042D, 13183, 9, 9, 0, 4, 9 },
    { 0x042E, 13224, 11, 9, 1, 4, 12 },
    { 0x042F, 13274, 8, 9, 0, 4, 8 },
    { 0x0430, 13310, 7, 7, 0, 6, 7 },
    { 0x0431, 13335, 7, 10, 0, 3, 7 },
    { 0x0432, 13370, 6, 7, 1, 6, 7 },
    { 0x0433, 13391, 6, 7, 0, 6, 5 },
    { 0x0434, 13412, 8, 9, 0, 6, 8 },
    { 0x0435, 13448, 7, 7, 0, 6, 7 },
    { 0x0436, 13473, 10, 7, 0, 6, 10 },
    { 0x0437, 13508, 6, 7, 0, 6, 7 },
    { 0x0438, 13529, 6, 7, 1, 6, 8 },
    { 0x0439, 13550, 6, 10, 1, 3, 8 },
    { 0x043A, 13580, 6, 7, 1, 6, 7 },
    { 0x043B, 13601, 7, 7, 0, 6, 8 },
    { 0x043C, 13626, 8, 7, 1, 6, 10 },
    { 0x043D, 13654, 6, 7, 1, 6, 8 },
    { 0x043E, 13675, 7, 7, 0, 6, 7 },
    { 0x043F, 13700, 6, 7, 1, 6, 8 },
    { 0x0440, 13721, 7, 10, 0, 6, 7 },
    { 0x0441, 13756, 7, 7, 0, 6, 7 },
    { 0x0442, 13781, 6, 7, 0, 6, 6 },
    { 0x0443, 13802, 6, 10, 0, 6, 6 },
    { 0x0444, 13832, 9, 13, 0, 3, 9 },
    { 0x0445, 13891, 7, 7, 0, 6, 6 },
    { 0x0446, 13916, 7, 9, 1, 6, 8 },
    { 0x0447, 13948, 7, 7, 0, 6, 7 },
    { 0x0448, 13973, 9, 7, 1, 6, 11 },
    { 0x0449, 14005, 11, 9, 0, 6, 11 },
    { 0x044A, 14055, 8, 7, 0, 6, 8 },
    { 0x044B, 14083, 8, 7, 1, 6, 10 },
    { 0x044C, 14111, 6, 7, 1, 6, 7 },
    { 0x044D, 14132, 7, 7, 0, 6, 7 },
    { 0x044E, 14157, 10, 7, 1, 6, 11 },
    { 0x044F, 14192, 7, 7, 0, 6, 7 },
    { 0x0450, 14217, 7, 10, 0, 3, 7 },
    { 0x0451, 14252, 7, 10, 0, 3, 7 },
    { 0x0452, 14287, 8, 13, -1, 3, 7 },
    { 0x0453, 14339, 6, 10, 0, 3, 5 },
    { 0x0454, 14369, 7, 7, 0, 6, 7 },
    { 0x0455, 14394, 7, 7, 0, 6, 7 },
    { 0x0456, 14419, 3, 10, 0, 3, 3 },
    { 0x0457, 14434, 5, 10, -1, 3, 3 },
    { 0x0458, 14459, 4, 13, -1, 3, 3 },
    { 0x0459, 14485, 11, 7, 0, 6, 11 },
    { 0x045A, 14524, 10, 7, 1, 6, 11 },
    { 0x045B, 14559, 8, 10, -1, 3, 7 },
    { 0x045C, 14599, 6, 10, 1, 3, 7 },
    { 0x045D, 14629, 6, 10, 1, 3, 8 },
    { 0x045E, 14659, 6, 13, 0, 3, 6 },
    { 0x045F, 14698, 6, 9, 1, 6, 8 },
    { 0x0460, 14725, 11, 9, 0, 4, 11 },
    { 0x0461, 14775, 10, 7, 0, 6, 10 },
    { 0x0462, 14810, 9, 9, -1, 4, 8 },
    { 0x0463, 14851, 8, 10, -1, 3, 7 },
    { 0x0464, 14891, 10, 9, 1, 4, 12 },
    { 0x0465, 14936, 10, 7, 0, 6, 10 },
    { 0x0466, 14971, 8, 9, 0, 4, 8 },
    { 0x0467, 15007, 7, 7, 0, 6, 7 },
    { 0x0468, 15032, 11, 9, 1, 4, 11 },
    { 0x0469, 15082, 9, 7, 1, 6, 10 },
    { 0x046A, 15114, 11, 9, 0, 4, 11 },
    { 0x046B, 15164, 9, 7, 0, 6, 10 },
    { 0x046C, 15196, 13, 9, 1, 4, 15 },
    { 0x046D, 15255, 12, 7, 0, 6, 13 },
    { 0x046E, 15297, 6, 15, 0, 1, 7 },
    { 0x046F, 15342, 6, 13, 0, 3, 6 },
    { 0x0470, 15381, 9, 9, 0, 4, 9 },
    { 0x0471, 15422, 9, 10, 0, 6, 9 },
    { 0x0472, 15467, 9, 9, 0, 4, 9 },
    { 0x0473, 15508, 7, 7, 0, 6, 7 },
    { 0x0474, 15533, 8, 9, 0, 4, 8 },
    { 0x0475, 15569, 7, 7, 0, 6, 7 },
    { 0x0476, 15594, 8, 12, 0, 1, 8 },
    { 0x0477, 15642, 8, 10, -1, 3, 7 },
    { 0x0478, 15682, 15, 12, 0, 4, 15 },
    { 0x0479, 15772, 13, 10, 0, 6, 14 },
    { 0x047A, 15837, 9, 11, 0, 3, 9 },
    { 0x047B, 15887, 7, 9, 0, 5, 7 },
    { 0x047C, 15919, 11, 13, 0, 0, 11 },
    { 0x047D, 15991, 10, 11, 0, 2, 10 },
    { 0x047E, 16046, 11, 12, 0, 1, 11 },
    { 0x047F, 16112, 10, 10, 0, 3, 10 },
    { 0x0480, 16162, 8, 11, 0, 4, 8 },
    { 0x0481, 16206, 7, 9, 0, 6, 7 },
    { 0x0482, 16238, 8, 9, 0, 4, 8 },
    { 0x0483, 16274, 5, 3, -6, 3, 0 },
    { 0x0484, 16282, 6, 2, -6, 3, 0 },
    { 0x0485, 16288, 3, 2, -5, 3, 0 },
    { 0x0486, 16291, 2, 2, -4, 3, 0 },
    { 0x0487, 16293, 6, 10, 0, 3, 6 },
    { 0x0488, 16323, 13, 12, -10, 3, 0 },
    { 0x0489, 16401, 13, 13, -10, 3, 0 },
    { 0x048A, 16486, 8, 15, 1, 1, 10 },
    { 0x048B, 16546, 7, 12, 1, 3, 8 },
    { 0x048C, 16588, 9, 9, -1, 4, 8 },
    { 0x048D, 16629, 8, 10, -1, 3, 7 },
    { 0x048E, 16669, 7, 9, 1, 4, 8 },
    { 0x048F, 16701, 7, 10, 0, 6, 7 },
    { 0x0490, 16736, 6, 11, 1, 2, 7 },
    { 0x0491, 16769, 6, 9, 0, 4, 6 },
    { 0x0492, 16796, 7, 9, 0, 4, 7 },
    { 0x0493, 16828, 7, 7, -1, 6, 5 },
    { 0x0494, 16853, 7, 11, 1, 4, 8 },
    { 0x0495, 16892, 7, 9, 0, 6, 7 },
    { 0x0496, 16924, 12, 12, 0, 4, 12 },
    { 0x0497, 16996, 10, 10, 0, 6, 10 },
    { 0x0498, 17046, 8, 12, 0, 4, 8 },
    { 0x0499, 17094, 6, 10, 0, 6, 7 },
    { 0x049A, 17124, 8, 11, 1, 4, 9 },
    { 0x049B, 17168, 6, 9, 1, 6, 8 },
    { 0x049C, 17195, 8, 9, 1, 4, 8 },
    { 0x049D, 17231, 8, 7, 0, 6, 7 },
    { 0x049E, 17259, 9, 9, 0, 4, 8 },
    { 0x049F, 17300, 8, 10, -1, 3, 7 },
    { 0x04A0, 17340, 11, 9, 0, 4, 11 },
    { 0x04A1, 17390, 9, 7, 0, 6, 9 },
    { 0x04A2, 17422, 8, 12, 1, 4, 10 },
    { 0x04A3, 17470, 7, 10, 1, 6, 8 },
    { 0x04A4, 17505, 12, 9, 1, 4, 13 },
    { 0x04A5, 17559, 9, 7, 0, 6, 9 },
    { 0x04A6, 17591, 12, 11, 1, 4, 13 },
    { 0x04A7, 17657, 11, 9, 0, 6, 11 },
    { 0x04A8, 17707, 10, 10, 0, 4, 10 },
    { 0x04A9, 17757, 8, 7, 0, 6, 8 },
    { 0x04AA, 17785, 8, 12, 0, 4, 8 },
    { 0x04AB, 17833, 7, 10, 0, 6, 7 },
    { 0x04AC, 17868, 8, 12, 0, 4, 8 },
    { 0x04AD, 17916, 6, 10, 0, 6, 6 },
    { 0x04AE, 17946, 8, 9, 0, 4, 8 },
    { 0x04AF, 17982, 7, 10, 0, 6, 7 },
    { 0x04B0, 18017, 8, 9, 0, 4, 8 },
    { 0x04B1, 18053, 7, 10, 0, 6, 7 },
    { 0x04B2, 18088, 8, 12, 0, 4, 8 },
    { 0x04B3, 18136, 7, 10, 0, 6, 7 },
    { 0x04B4, 18171, 11, 11, 0, 4, 12 },
    { 0x04B5, 18232, 9, 9, 0, 6, 9 },
    { 0x04B6, 18273, 9, 12, 0, 4, 9 },
    { 0x04B7, 18327, 7, 10, 0, 6, 7 },
    { 0x04B8, 18362, 8, 9, 0, 4, 9 },
    { 0x04B9, 18398, 7, 7, 0, 6, 7 },
    { 0x04BA, 18423, 8, 9, 0, 4, 9 },
    { 0x04BB, 18459, 7, 10, 0, 3, 7 },
    { 0x04BC, 18494, 10, 9, 0, 4, 10 },
    { 0x04BD, 18539, 9, 7, -1, 6, 8 },
    { 0x04BE, 18571, 10, 12, 0, 4, 10 },
    { 0x04BF, 18631, 9, 10, -1, 6, 8 },
    { 0x04C0, 18676, 2, 9, 1, 4, 4 },
    { 0x04C1, 18685, 12, 12, 0, 1, 12 },
    { 0x04C2, 18757, 10, 10, 0, 3, 10 },
    { 0x04C3, 18807, 7, 11, 1, 4, 8 },
    { 0x04C4, 18846, 7, 9, 0, 6, 7 },
    { 0x04C5, 18878, 9, 12, 0, 4, 10 },
    { 0x04C6, 18932, 8, 9, 0, 6, 8 },
    { 0x04C7, 18968, 8, 12, 1, 4, 9 },
    { 0x04C8, 19016, 7, 10, 0, 6, 7 },
    { 0x04C9, 19051, 8, 11, 1, 4, 10 },
    { 0x04CA, 19095, 7, 9, 1, 6, 8 },
    { 0x04CB, 19127, 8, 11, 0, 4, 9 },
    { 0x04CC, 19171, 7, 9, 0, 6, 7 },
    { 0x04CD, 19203, 10, 12, 1, 4, 12 },
    { 0x04CE, 19263, 9, 9, 1, 6, 10 },
    { 0x04CF, 19304, 2, 9, 1, 4, 4 },
    { 0x04D0, 19313, 9, 12, 0, 1, 8 },
    { 0x04D1, 19367, 7, 10, 0, 3, 7 },
    { 0x04D2, 19402, 9, 12, 0, 1, 8 },
    { 0x04D3, 19456, 7, 10, 0, 3, 7 },
    { 0x04D4, 19491, 13, 9, -1, 4, 12 },
    { 0x04D5, 19550, 11, 7, 0, 6, 11 },
    { 0x04D6, 19589, 6, 12, 1, 1, 7 },
    { 0x04D7, 19625, 7, 10, 0, 3, 7 },
    { 0x04D8, 19660, 9, 9, 0, 4, 9 },
    { 0x04D9, 19701, 7, 7, 0, 6, 7 },
    { 0x04DA, 19726, 9, 12, 0, 1, 9 },
    { 0x04DB, 19780, 7, 10, 0, 3, 7 },
    { 0x04DC, 19815, 12, 12, 0, 1, 12 },
    { 0x04DD, 19887, 10, 10, 0, 3, 10 },
    { 0x04DE, 19937, 8, 12, 0, 1, 8 },
    { 0x04DF, 19985, 6, 10, 0, 3, 7 },
    { 0x04E0, 20015, 7, 9, 0, 4, 8 },
    { 0x04E1, 20047, 7, 10, 0, 6, 8 },
    { 0x04E2, 20082, 8, 12, 1, 1, 9 },
    { 0x04E3, 20130, 6, 10, 1, 3, 8 },
    { 0x04E4, 20160, 8, 12, 1, 1, 9 },
    { 0x04E5, 20208, 6, 10, 1, 3, 8 },
    { 0x04E6, 20238, 9, 12, 0, 1, 9 },
    { 0x04E7, 20292, 7, 10, 0, 3, 7 },
    { 0x04E8, 20327, 9, 9, 0, 4, 9 },
    { 0x04E9, 20368, 7, 7, 0, 6, 7 },
    { 0x04EA, 20393, 9, 12, 0, 1, 9 },
    { 0x04EB, 20447, 7, 10, 0, 3, 7 },
    { 0x04EC, 20482, 9, 12, 0, 1, 9 },
    { 0x04ED, 20536, 7, 10, 0, 3, 7 },
    { 0x04EE, 20571, 8, 12, 0, 1, 8 },
    { 0x04EF, 20619, 6, 13, 0, 3, 6 },
    { 0x04F0, 20658, 8, 12, 0, 1, 8 },
    { 0x04F1, 20706, 6, 13, 0, 3, 6 },
    { 0x04F2, 20745, 8, 12, 0, 1, 8 },
    { 0x04F3, 20793, 7, 13, 0, 3, 6 },
    { 0x04F4, 20839, 8, 12, 0, 1, 9 },
    { 0x04F5, 20887, 7, 10, 0, 3, 7 },
    { 0x04F6, 20922, 6, 12, 1, 4, 7 },
    { 0x04F7, 20958, 6, 10, 0, 6, 5 },
    { 0x04F8, 20988, 10, 12, 1, 1, 11 },
    { 0x04F9, 21048, 8, 10, 1, 3, 10 },
    { 0x04FA, 21088, 8, 12, -1, 4, 8 },
    { 0x04FB, 21136, 8, 10, -1, 6, 6 },
    { 0x04FC, 21176, 9, 12, 0, 4, 8 },
    { 0x04FD, 21230, 7, 10, 0, 6, 7 },
    { 0x04FE, 21265, 8, 9, 0, 4, 8 },
    { 0x04FF, 21301, 7, 7, 0, 6, 6 },
};

static const font_info_t roboto_body = {
    roboto_body_bitmaps,
    roboto_body_glyphs,
    sizeof(roboto_body_glyphs) / sizeof(font_glyph_t),
    17,
    13
};

